storeId,title,speciesId,matchMethod,scientificNameInTitle,price,compareAtPrice,currency,sizeLabel,sizeValue,sizeUnit,available,publishedAt,retrievedAt,url
global-exoticquatics,Cuban Cichlid,,,,10,,USD,1in,1,in,true,2026-08-10T17:40:21-05:00,2026-08-28T05:03:39.365Z,https://globalexoticquatics.com/products/cuban-cichlid
global-exoticquatics,Guianacara Owroewefi,,,,10,,USD,1in,1,in,true,2026-08-10T17:39:17-05:00,2026-08-28T05:03:39.365Z,https://globalexoticquatics.com/products/blue-bandit-cichlid
global-exoticquatics,Giant Kuhli Loach,,,,5,,USD,2-3in,2.5,in,true,2026-08-10T17:36:12-05:00,2026-08-28T05:03:39.365Z,https://globalexoticquatics.com/products/giant-kuhli
global-exoticquatics,Galaxy Woodcat,,,,20,,USD,2in,2,in,true,2026-08-10T17:33:38-05:00,2026-08-28T05:03:39.365Z,https://globalexoticquatics.com/products/galaxy-woodcat
global-exoticquatics,Synodontis Pink Petricola,,,,20,,USD,1-2 inch,1.5,in,true,2026-08-10T17:25:07-05:00,2026-08-28T05:03:39.365Z,https://globalexoticquatics.com/products/synodontis-pink-petricola
global-exoticquatics,Keyhole Cichlid,,,,10,,USD,Default Title,,,true,2026-08-10T17:21:23-05:00,2026-08-28T05:03:39.365Z,https://globalexoticquatics.com/products/keyhole-cichlid
global-exoticquatics,Rosy Whitefin Tetra,,,,30,,USD,5 Fish,,,true,2026-08-10T17:18:29-05:00,2026-08-28T05:03:39.365Z,https://globalexoticquatics.com/products/rosy-whitefin-tetra
global-exoticquatics,Red Minor Tetra,,,,20,,USD,5 Fish,,,true,2026-08-10T17:16:19-05:00,2026-08-28T05:03:39.365Z,https://globalexoticquatics.com/products/red-minor-tetra
global-exoticquatics,Painted Glass Fish,,,,8,,USD,Default Title,,,true,2026-08-10T17:10:58-05:00,2026-08-28T05:03:39.365Z,https://globalexoticquatics.com/products/painted-glass-fish
global-exoticquatics,Iredcent Shark,,,,15,,USD,3-3.5 in,3.25,in,true,2026-08-10T17:04:37-05:00,2026-08-28T05:03:39.365Z,https://globalexoticquatics.com/products/iredcent-shark
global-exoticquatics,Blue Eye Zebra Balloon Molly,,,,20,,USD,Default Title,,,true,2026-08-10T17:03:22-05:00,2026-08-28T05:03:39.365Z,https://globalexoticquatics.com/products/blue-eye-zebra-balloon-molly
global-exoticquatics,Albino Full Red Guppy,,,,5,,USD,Male,,,true,2026-08-10T17:01:30-05:00,2026-08-28T05:03:39.365Z,https://globalexoticquatics.com/products/albino-full-red-guppy
global-exoticquatics,Luminous White Guppy,,,,5,,USD,Male,,,true,2026-08-10T17:00:04-05:00,2026-08-28T05:03:39.365Z,https://globalexoticquatics.com/products/luminous-white-guppy
global-exoticquatics,Cobra Koi Guppy,,,,8,,USD,Male,,,true,2026-08-10T16:58:25-05:00,2026-08-28T05:03:39.365Z,https://globalexoticquatics.com/products/cobra-koi-guppy
global-exoticquatics,Cobra Koi Guppy,,,,8,,USD,Female,,,true,2026-08-10T16:58:25-05:00,2026-08-28T05:03:39.365Z,https://globalexoticquatics.com/products/cobra-koi-guppy
global-exoticquatics,Kribensis,,,,8,,USD,1in,1,in,true,2026-08-10T16:56:14-05:00,2026-08-28T05:03:39.365Z,https://globalexoticquatics.com/products/kribensis
global-exoticquatics,Sun Catfish,sp_indian_sun_catfish,alias,,10,,USD,3-3.5in,3.25,in,true,2026-08-10T16:52:19-05:00,2026-08-28T05:03:39.365Z,https://globalexoticquatics.com/products/sun-catfish
global-exoticquatics,Stripped Raphael Catfish,sp_raphael_catfish,common-name,,10,,USD,3-4 in,3.5,in,true,2026-08-10T16:49:25-05:00,2026-08-28T05:03:39.365Z,https://globalexoticquatics.com/products/stripped-raphael-catfish
global-exoticquatics,Axolotl,,,,75,,USD,Leusistic,,,true,2026-08-10T16:34:33-05:00,2026-08-28T05:03:39.365Z,https://globalexoticquatics.com/products/axolotl
global-exoticquatics,Axolotl,,,,75,,USD,Melanoid,,,true,2026-08-10T16:34:33-05:00,2026-08-28T05:03:39.365Z,https://globalexoticquatics.com/products/axolotl
global-exoticquatics,Axolotl,,,,100,,USD,Glow Green,,,true,2026-08-10T16:34:33-05:00,2026-08-28T05:03:39.365Z,https://globalexoticquatics.com/products/axolotl
global-exoticquatics,Albino Red Swordtail,,,,10,,USD,Male,,,true,2026-08-10T16:32:32-05:00,2026-08-28T05:03:39.365Z,https://globalexoticquatics.com/products/albino-red-swordtail
global-exoticquatics,Albino Red Swordtail,,,,10,,USD,Female,,,true,2026-08-10T16:32:32-05:00,2026-08-28T05:03:39.365Z,https://globalexoticquatics.com/products/albino-red-swordtail
global-exoticquatics,GLO Galactic Purple Rainbow Shark,,,,20,,USD,3-4in,3.5,in,true,2026-08-10T16:30:43-05:00,2026-08-28T05:03:39.365Z,https://globalexoticquatics.com/products/glo-galactic-purple-rainbow-shark
global-exoticquatics,Chinese Banded Hifin Shark,,,,40,,USD,4-4.5 in,4.25,in,true,2026-08-10T16:26:26-05:00,2026-08-28T05:03:39.365Z,https://globalexoticquatics.com/products/chinese-banded-hifin-shark
global-exoticquatics,Bala Shark,,,,8,,USD,2-3 in,2.5,in,true,2026-08-10T16:24:39-05:00,2026-08-28T05:03:39.365Z,https://globalexoticquatics.com/products/bala-shark
global-exoticquatics,Albino Senegalus Bichir,,,,15,,USD,3-3.5in,3.25,in,true,2026-08-10T16:22:44-05:00,2026-08-28T05:03:39.365Z,https://globalexoticquatics.com/products/albino-senegalus-bichir
global-exoticquatics,Platinum Balloon LF Molly,,,,20,,USD,Default Title,,,true,2026-08-10T16:17:29-05:00,2026-08-28T05:03:39.365Z,https://globalexoticquatics.com/products/platinum-balloon-lf-molly
global-exoticquatics,Platinum White Guppy,,,,4,,USD,Male,,,true,2026-08-10T16:13:25-05:00,2026-08-28T05:03:39.365Z,https://globalexoticquatics.com/products/platinum-white-guppy
global-exoticquatics,Flamingo Red Guppy,,,,4,,USD,Male,,,false,2026-08-10T16:11:57-05:00,2026-08-28T05:03:39.365Z,https://globalexoticquatics.com/products/flamingo-red-guppy
global-exoticquatics,Dwarf Gourami,,,,8,,USD,Red,,,false,2026-08-10T16:07:57-05:00,2026-08-28T05:03:39.365Z,https://globalexoticquatics.com/products/dwarf-gourami
global-exoticquatics,Dwarf Gourami,,,,8,,USD,Blue,,,false,2026-08-10T16:07:57-05:00,2026-08-28T05:03:39.365Z,https://globalexoticquatics.com/products/dwarf-gourami
global-exoticquatics,Starfire Red Danio,,,,8,,USD,Default Title,,,true,2026-08-10T16:05:49-05:00,2026-08-28T05:03:39.365Z,https://globalexoticquatics.com/products/starfire-red-danio
global-exoticquatics,Aeneus Black Cory,,,,20,,USD,1in,1,in,true,2026-08-10T16:04:00-05:00,2026-08-28T05:03:39.365Z,https://globalexoticquatics.com/products/aeneus-black-cory
global-exoticquatics,Electric Blue Texas,,,,25,,USD,3 inch,3,in,true,2026-08-10T16:02:14-05:00,2026-08-28T05:03:39.365Z,https://globalexoticquatics.com/products/electric-blue-texas
global-exoticquatics,Turqouise Jewel Cihclid,,,,12,,USD,2-3 in,2.5,in,true,2026-08-10T16:00:40-05:00,2026-08-28T05:03:39.365Z,https://globalexoticquatics.com/products/turqouise-jewel-cihclid
global-exoticquatics,Silver Shark,,,,10,,USD,3 inch,3,in,true,2026-08-10T15:57:23-05:00,2026-08-28T05:03:39.365Z,https://globalexoticquatics.com/products/silver-shark
global-exoticquatics,Pimelodella Pictus,,,,12,,USD,Small,,,true,2026-08-10T15:54:42-05:00,2026-08-28T05:03:39.365Z,https://globalexoticquatics.com/products/pimelodella-pictus
global-exoticquatics,Botia Red Tail Loach,,,,12,,USD,3-4in,3.5,in,true,2026-08-10T15:51:11-05:00,2026-08-28T05:03:39.365Z,https://globalexoticquatics.com/products/botia-red-tail-loach
global-exoticquatics,Garra Flavarta Algae Eater,,,,8,,USD,Default Title,,,true,2026-08-10T15:46:21-05:00,2026-08-28T05:03:39.365Z,https://globalexoticquatics.com/products/garra-flavarta-algae-eater
global-exoticquatics,Spiny Eel,,,,25,,USD,6-7 inch,6.5,in,true,2026-08-09T13:23:33-05:00,2026-08-28T05:03:39.365Z,https://globalexoticquatics.com/products/spiny-eel
global-exoticquatics,Tire Track Eel,sp_tire_track_eel,common-name,,20,,USD,4-5 inch,4.5,in,true,2026-08-09T13:21:20-05:00,2026-08-28T05:03:39.365Z,https://globalexoticquatics.com/products/track-eel
global-exoticquatics,Yellow Flagtail,,,,25,,USD,3 inch,3,in,true,2026-08-09T13:18:56-05:00,2026-08-28T05:03:39.365Z,https://globalexoticquatics.com/products/yellow-flagtail
global-exoticquatics,German Blue Balloon Ram,,,,15,,USD,1.5-2in,1.75,in,true,2026-08-07T15:41:26-05:00,2026-08-28T05:03:39.365Z,https://globalexoticquatics.com/products/german-blue-balloon-ram
global-exoticquatics,Nemo Oscar,,,,50,,USD,3-3.5in,3.25,in,true,2026-08-07T15:27:18-05:00,2026-08-28T05:03:39.365Z,https://globalexoticquatics.com/products/nemo-oscar
global-exoticquatics,Chili Red Oscar,,,,50,,USD,3-3.5in,3.25,in,true,2026-08-07T15:25:53-05:00,2026-08-28T05:03:39.365Z,https://globalexoticquatics.com/products/chili-red-oscar-1
global-exoticquatics,Koi Angelfish,,,,10,,USD,Small,,,true,2026-08-07T15:18:49-05:00,2026-08-28T05:03:39.365Z,https://globalexoticquatics.com/products/koi-angelfish
global-exoticquatics,Black Angel Fish,,,,15,,USD,Medium,,,true,2026-08-07T15:14:18-05:00,2026-08-28T05:03:39.365Z,https://globalexoticquatics.com/products/black-angel-fish
global-exoticquatics,Orinoco Peacock Bass,,,,25,,USD,2-3in,2.5,in,true,2026-08-07T15:11:06-05:00,2026-08-28T05:03:39.365Z,https://globalexoticquatics.com/products/orinoco-peacock-bass
global-exoticquatics,Ryukan Goldfish,,,,20,,USD,Small,,,true,2026-08-07T15:02:25-05:00,2026-08-28T05:03:39.365Z,https://globalexoticquatics.com/products/ryukan-goldfish
global-exoticquatics,Ranchu Goldfish,,,,20,,USD,Small,,,true,2026-08-07T15:00:39-05:00,2026-08-28T05:03:39.365Z,https://globalexoticquatics.com/products/ranchu-goldfish
global-exoticquatics,Florida Gar,,,,50,,USD,5in,5,in,true,2026-08-07T14:58:09-05:00,2026-08-28T05:03:39.365Z,https://globalexoticquatics.com/products/florida-gar
global-exoticquatics,Oranda Goldfish Medium,,,,40,,USD,Medium,,,true,2026-08-07T14:55:53-05:00,2026-08-28T05:03:39.365Z,https://globalexoticquatics.com/products/oranda-goldfish-medium
global-exoticquatics,BlackBelt Vieja,,,,15,,USD,1.5-2in,1.75,in,true,2026-08-01T11:38:08-05:00,2026-08-28T05:03:39.365Z,https://globalexoticquatics.com/products/blackbelt-vieja
global-exoticquatics,Temensis Peacock Bass,,,,30,,USD,3-3.5in,3.25,in,true,2026-07-30T13:24:28-05:00,2026-08-28T05:03:39.365Z,https://globalexoticquatics.com/products/temensis-peacock-bass
global-exoticquatics,Gold Red Spot Severum,,,,25,,USD,2.5-3in,2.75,in,true,2026-07-30T13:19:29-05:00,2026-08-28T05:03:39.365Z,https://globalexoticquatics.com/products/red-spot-severum
global-exoticquatics,Red Shoulder Severum,,,,40,,USD,3-3.5in,3.25,in,true,2026-07-30T13:18:57-05:00,2026-08-28T05:03:39.365Z,https://globalexoticquatics.com/products/red-shoulder-severum
global-exoticquatics,Electric Blue Ram,,,,25,,USD,1.5-2in,1.75,in,true,2026-07-30T13:14:48-05:00,2026-08-28T05:03:39.365Z,https://globalexoticquatics.com/products/electric-blue-ram
global-exoticquatics,Tiger Silver Dollar,,,,50,,USD,5 Fish,,,true,2026-07-30T13:12:05-05:00,2026-08-28T05:03:39.365Z,https://globalexoticquatics.com/products/tiger-silver-dollar
global-exoticquatics,Giant Danio,,,,20,,USD,5 Fish,,,true,2026-07-30T13:10:04-05:00,2026-08-28T05:03:39.365Z,https://globalexoticquatics.com/products/giant-danio
global-exoticquatics,Festivium Peru,,,,20,,USD,2.5-3in,2.75,in,true,2026-07-30T13:04:40-05:00,2026-08-28T05:03:39.365Z,https://globalexoticquatics.com/products/festivium-peru
global-exoticquatics,Curviceps,,,,10,,USD,1.5-2in,1.75,in,true,2026-07-30T12:02:11-05:00,2026-08-28T05:03:39.365Z,https://globalexoticquatics.com/products/curviceps
global-exoticquatics,Night Star Frontosa,,,,60,,USD,1-1.5in,1.25,in,true,2026-06-29T10:45:17-05:00,2026-08-28T05:03:39.365Z,https://globalexoticquatics.com/products/night-star-frontosa
global-exoticquatics,OB Red Shoulder,,,,70,,USD,4-5in,4.5,in,true,2026-05-27T12:45:23-05:00,2026-08-28T05:03:39.365Z,https://globalexoticquatics.com/products/ob-red-shoulder
global-exoticquatics,OB Ngara,,,,70,,USD,4in,4,in,true,2026-05-27T12:44:14-05:00,2026-08-28T05:03:39.365Z,https://globalexoticquatics.com/products/ob-ngara
global-exoticquatics,OB Bi Color,,,,70,,USD,Full Color Show Male,,,true,2026-05-20T05:44:24-05:00,2026-08-28T05:03:39.365Z,https://globalexoticquatics.com/products/calico-maulana
global-exoticquatics,OB Rostratus,,,,150,,USD,6in,6,in,false,2026-05-10T14:09:45-05:00,2026-08-28T05:03:39.365Z,https://globalexoticquatics.com/products/ob-rostratus
global-exoticquatics,OB Iceberg,,,,70,,USD,4-5in,4.5,in,true,2026-05-07T10:19:42-05:00,2026-08-28T05:03:39.365Z,https://globalexoticquatics.com/products/ob-iceberg
global-exoticquatics,Bicolor,,,,50,,USD,Full Color Show Male (4 in),,,true,2026-05-07T10:19:27-05:00,2026-08-28T05:03:39.365Z,https://globalexoticquatics.com/products/bicolor
global-exoticquatics,Z-rock,,,,60,,USD,5in,5,in,true,2026-05-07T10:10:11-05:00,2026-08-28T05:03:39.365Z,https://globalexoticquatics.com/products/z-rock
global-exoticquatics,OB Lemon Jake,,,,80,,USD,5 inch,5,in,true,2026-05-07T10:06:53-05:00,2026-08-28T05:03:39.365Z,https://globalexoticquatics.com/products/calico-lemon-jake
global-exoticquatics,Assorted Oscar,,,,15,,USD,1-2in,1.5,in,true,2026-05-01T11:31:14-05:00,2026-08-28T05:03:39.365Z,https://globalexoticquatics.com/products/assorted-oscar
global-exoticquatics,Geophagus Pappaterra,,,,25,,USD,2-3in,2.5,in,true,2026-05-01T11:28:35-05:00,2026-08-28T05:03:39.365Z,https://globalexoticquatics.com/products/geophagus-pappaterra
global-exoticquatics,Geophagus Jurupari,,,,30,,USD,4-5in,4.5,in,false,2026-04-26T11:10:16-05:00,2026-08-28T05:03:39.365Z,https://globalexoticquatics.com/products/geophagus-jurupari
global-exoticquatics,Blueberry OB,,,,70,,USD,3.5-4in,3.75,in,true,2026-04-18T09:47:28-05:00,2026-08-28T05:03:39.365Z,https://globalexoticquatics.com/products/ob-peacock-blueberry
global-exoticquatics,Fire Hap,,,,70,,USD,5in,5,in,false,2026-04-18T09:42:54-05:00,2026-08-28T05:03:39.365Z,https://globalexoticquatics.com/products/fire-hap
global-exoticquatics,Nova Blue Longnose,,,,80,,USD,5-6in,5.5,in,true,2026-04-18T09:41:25-05:00,2026-08-28T05:03:39.365Z,https://globalexoticquatics.com/products/nova-blue-longnose
global-exoticquatics,Compressiceps Malawi Eyebitter,,,,80,,USD,6in+,6,in,false,2026-04-18T09:37:55-05:00,2026-08-28T05:03:39.365Z,https://globalexoticquatics.com/products/compressiceps
global-exoticquatics,Strigatus,,,,80,,USD,5-6in,5.5,in,false,2026-04-18T09:33:31-05:00,2026-08-28T05:03:39.365Z,https://globalexoticquatics.com/products/strigatus
global-exoticquatics,Tangerine Tiger,,,,70,,USD,5-6in,5.5,in,true,2026-04-18T09:31:55-05:00,2026-08-28T05:03:39.365Z,https://globalexoticquatics.com/products/tangerine-tiger
global-exoticquatics,OB Flavecent,,,,70,,USD,4.5-5in,4.75,in,false,2026-04-18T09:30:01-05:00,2026-08-28T05:03:39.365Z,https://globalexoticquatics.com/products/ob-flavecent
global-exoticquatics,Blue Empress,,,,70,,USD,6-7in,6.5,in,true,2026-04-18T09:26:50-05:00,2026-08-28T05:03:39.365Z,https://globalexoticquatics.com/products/blue-empress
global-exoticquatics,Livingstoni,,,,60,,USD,5in,5,in,false,2026-04-18T09:17:56-05:00,2026-08-28T05:03:39.365Z,https://globalexoticquatics.com/products/livingstoni
global-exoticquatics,Malawi Gar,,,,60,,USD,4in+,4,in,true,2026-04-18T09:15:27-05:00,2026-08-28T05:03:39.365Z,https://globalexoticquatics.com/products/malawi-gar
global-exoticquatics,Leopard Snakeskin Discus,,,,70,,USD,3.5-4in,3.75,in,false,2026-04-16T09:21:22-05:00,2026-08-28T05:03:39.365Z,https://globalexoticquatics.com/products/leopard-snakeskin-discus
global-exoticquatics,L106 Red Peckoltia,,,,25,,USD,2-3in,2.5,in,true,2026-04-13T11:32:55-05:00,2026-08-28T05:03:39.365Z,https://globalexoticquatics.com/products/l106-red-peckoltia
global-exoticquatics,Cardinal Tetra,,,,15,,USD,6 Pack,,,true,2026-04-13T11:30:48-05:00,2026-08-28T05:03:39.365Z,https://globalexoticquatics.com/products/cardinal-tetra
global-exoticquatics,Geophagus Deamon,,,,45,,USD,3.5-5in,4.25,in,false,2026-04-13T11:27:13-05:00,2026-08-28T05:03:39.365Z,https://globalexoticquatics.com/products/geophagus-deamon
global-exoticquatics,Checkerboard Cichlid,,,,10,,USD,.5-1in,,,false,2026-04-13T11:25:07-05:00,2026-08-28T05:03:39.365Z,https://globalexoticquatics.com/products/checkerboard-cichlid
global-exoticquatics,Odessa Barb,,,,7,,USD,.5-1in,,,true,2026-04-13T11:09:37-05:00,2026-08-28T05:03:39.365Z,https://globalexoticquatics.com/products/odessa-barb
global-exoticquatics,LongFin Gold Danio,,,,15,,USD,6 Pack,,,true,2026-04-13T11:08:05-05:00,2026-08-28T05:03:39.365Z,https://globalexoticquatics.com/products/longfin-gold-danio
global-exoticquatics,LongFin Leopard Danio,,,,15,,USD,6 pack,,,true,2026-04-13T11:06:43-05:00,2026-08-28T05:03:39.365Z,https://globalexoticquatics.com/products/longfin-leopard-danio
global-exoticquatics,Spotfin Cory,,,,12,,USD,1.5-2in,1.75,in,false,2026-04-13T10:59:42-05:00,2026-08-28T05:03:39.365Z,https://globalexoticquatics.com/products/spotfin-cory
global-exoticquatics,Macaw Cichlid,,,,25,,USD,4-5in,4.5,in,true,2026-04-13T10:54:24-05:00,2026-08-28T05:03:39.365Z,https://globalexoticquatics.com/products/macaw-cichlid
global-exoticquatics,Vieja Synspilum,,,,25,,USD,2.5-3in,2.75,in,true,2026-04-13T09:57:51-05:00,2026-08-28T05:03:39.365Z,https://globalexoticquatics.com/products/vieja-synspilum
global-exoticquatics,Geophagus Balzanii,,,,25,,USD,2-3in,2.5,in,true,2026-04-12T16:20:24-05:00,2026-08-28T05:03:39.365Z,https://globalexoticquatics.com/products/geophagus-balzanii
global-exoticquatics,Pearl Eartheater,,,,45,,USD,5in+,5,in,false,2026-04-12T16:18:09-05:00,2026-08-28T05:03:39.365Z,https://globalexoticquatics.com/products/pearl-eartheater
global-exoticquatics,L047 Mango Pleco,,,,50,,USD,2.5-3.5in,3,in,false,2026-04-12T16:13:18-05:00,2026-08-28T05:03:39.365Z,https://globalexoticquatics.com/products/l047-mango-pleco
global-exoticquatics,L199 Yellow Zebra Pleco,,,,45,,USD,1.5-2in,1.75,in,true,2026-04-12T15:19:03-05:00,2026-08-28T05:03:39.365Z,https://globalexoticquatics.com/products/l199-yellow-zebra-pleco
global-exoticquatics,L199 Yellow Zebra Pleco,,,,50,,USD,3in+,3,in,true,2026-04-12T15:19:03-05:00,2026-08-28T05:03:39.365Z,https://globalexoticquatics.com/products/l199-yellow-zebra-pleco
global-exoticquatics,L014 Sunshine Pleco,,,,75,,USD,1.5-2.5in,2,in,true,2026-04-12T15:11:42-05:00,2026-08-28T05:03:39.365Z,https://globalexoticquatics.com/products/l014-sunshine-pleco
global-exoticquatics,L002 Tiger Pleco,,,,50,,USD,2.5-3.5in,3,in,true,2026-04-12T15:09:26-05:00,2026-08-28T05:03:39.365Z,https://globalexoticquatics.com/products/l002-tiger-pleco
global-exoticquatics,L134 Leopard Frog Pleco,,,,80,,USD,2-3in,2.5,in,true,2026-04-12T15:07:11-05:00,2026-08-28T05:03:39.365Z,https://globalexoticquatics.com/products/l134-leopard-frog-pleco
global-exoticquatics,Vulture Catfish,,,,45,,USD,4-5in,4.5,in,true,2026-04-12T14:56:12-05:00,2026-08-28T05:03:39.365Z,https://globalexoticquatics.com/products/vulture-catfish
global-exoticquatics,Shortbody Kelberi 24K Peacock Bass,,,,125,,USD,4-5,,,false,2026-03-31T16:48:01-05:00,2026-08-28T05:03:39.365Z,https://globalexoticquatics.com/products/shortbody-kelberi-24k-peacock-bass
global-exoticquatics,Shortbody Fogo peacock bass,,,,125,,USD,4+inch,,,false,2026-03-31T16:47:52-05:00,2026-08-28T05:03:39.365Z,https://globalexoticquatics.com/products/shortbody-fogo-peacock-bass
global-exoticquatics,Red Belly Piranha,,,,450,,USD,6-8inch (6 Fish total),7,in,true,2026-03-30T15:33:23-05:00,2026-08-28T05:03:39.365Z,https://globalexoticquatics.com/products/red-belly-piranha
global-exoticquatics,Arapima,,,,150,,USD,7in,7,in,true,2026-03-30T09:22:16-05:00,2026-08-28T05:03:39.365Z,https://globalexoticquatics.com/products/arapima
global-exoticquatics,Tatia Ninja Wood Catfish,,,,20,,USD,1.5-2in,1.75,in,true,2026-03-30T09:18:54-05:00,2026-08-28T05:03:39.365Z,https://globalexoticquatics.com/products/tatia-ninja-wood-catfish
global-exoticquatics,Blue Regal,,,,50,,USD,Full Color Show Male,,,false,2026-03-26T22:06:11-05:00,2026-08-28T05:03:39.365Z,https://globalexoticquatics.com/products/regal
global-exoticquatics,Mloto,,,,60,,USD,Full Color Show Male,,,true,2026-03-26T22:05:28-05:00,2026-08-28T05:03:39.365Z,https://globalexoticquatics.com/products/mloto
global-exoticquatics,Tigrinus Catfish,,,,220,,USD,4.5 in,4.5,in,false,2026-03-26T22:04:40-05:00,2026-08-28T05:03:39.365Z,https://globalexoticquatics.com/products/tigrinus-catfish
global-exoticquatics,Fuscotaeniatus,,,,60,,USD,6+ inch,,,true,2026-03-26T22:04:10-05:00,2026-08-28T05:03:39.365Z,https://globalexoticquatics.com/products/fuscotaeniatus
global-exoticquatics,Blue Turquoise Discus,,,,50,,USD,4-4.5 inch,4.25,in,false,2026-03-18T18:31:06-05:00,2026-08-28T05:03:39.365Z,https://globalexoticquatics.com/products/blue-turquoise-discus
global-exoticquatics,Red Turquoise Discus,,,,50,,USD,4-4.5 inch,4.25,in,true,2026-03-18T18:29:17-05:00,2026-08-28T05:03:39.365Z,https://globalexoticquatics.com/products/red-turquoise-discus
global-exoticquatics,Wild Type F1 Discus,,,,60,,USD,4-4.5 in,4.25,in,false,2026-03-18T18:27:18-05:00,2026-08-28T05:03:39.365Z,https://globalexoticquatics.com/products/wildbtype-f1-discus
global-exoticquatics,Yellow Pigeon Discus,,,,50,,USD,4-4.5 inch,4.25,in,true,2026-03-18T18:26:50-05:00,2026-08-28T05:03:39.365Z,https://globalexoticquatics.com/products/yellow-pigeon-discus
global-exoticquatics,Albino Sunshine,,,,50,,USD,4-5in,4.5,in,false,2026-03-13T07:23:50-05:00,2026-08-28T05:03:39.365Z,https://globalexoticquatics.com/products/albino-sunshine
global-exoticquatics,White Ahli,,,,70,,USD,4.5-5in,4.75,in,false,2026-03-13T07:18:59-05:00,2026-08-28T05:03:39.365Z,https://globalexoticquatics.com/products/white-ahli
global-exoticquatics,Bucco Spectabilis,,,,150,,USD,7-8inch,7.5,in,true,2026-03-12T11:27:02-05:00,2026-08-28T05:03:39.365Z,https://globalexoticquatics.com/products/bucco-spectabilis-wild-caught
global-exoticquatics,Bucco Spectabilis,,,,60,,USD,4-5in,4.5,in,true,2026-03-12T11:27:02-05:00,2026-08-28T05:03:39.365Z,https://globalexoticquatics.com/products/bucco-spectabilis-wild-caught
global-exoticquatics,Bucco Spectabilis,,,,25,,USD,2-3in unsexed,2.5,in,true,2026-03-12T11:27:02-05:00,2026-08-28T05:03:39.365Z,https://globalexoticquatics.com/products/bucco-spectabilis-wild-caught
global-exoticquatics,Synodontis Multipunctatus,,,,25,,USD,1.5-2inch,1.75,in,false,2026-03-12T10:32:18-05:00,2026-08-28T05:03:39.365Z,https://globalexoticquatics.com/products/synodontis-multipunctatus
global-exoticquatics,Panda Veiltail Corydoras,,,,10,,USD,1inch,1,in,false,2026-03-12T09:57:14-05:00,2026-08-28T05:03:39.365Z,https://globalexoticquatics.com/products/panda-veiltail-corydoras
global-exoticquatics,Sterbai Corydoras,,,,10,,USD,1-1.5 in,1.25,in,true,2026-03-12T09:52:15-05:00,2026-08-28T05:03:39.365Z,https://globalexoticquatics.com/products/sterbai-corydoras
global-exoticquatics,Siamese Algae Eater,,,,30,,USD,6 Fish,,,true,2026-03-12T09:17:58-05:00,2026-08-28T05:03:39.365Z,https://globalexoticquatics.com/products/siamese-algae-eater
global-exoticquatics,Albino Rainbow Shark,,,,6,,USD,1.5-2in,1.75,in,false,2026-03-12T09:15:07-05:00,2026-08-28T05:03:39.365Z,https://globalexoticquatics.com/products/albino-rainbow-shark
global-exoticquatics,Rainbow Shark,,,,10,,USD,1.5-2.5 in,2,in,false,2026-03-12T09:13:44-05:00,2026-08-28T05:03:39.365Z,https://globalexoticquatics.com/products/rainbow-shark
global-exoticquatics,Albino Congo Tetra,,,,45,,USD,5 pack,,,true,2026-03-12T09:10:50-05:00,2026-08-28T05:03:39.365Z,https://globalexoticquatics.com/products/albino-congo-tetra
global-exoticquatics,Yellow Rainbowfish,,,,15,,USD,1-1.5 inch,1.25,in,true,2026-03-12T09:08:15-05:00,2026-08-28T05:03:39.365Z,https://globalexoticquatics.com/products/yellow-rainbowfish
global-exoticquatics,Kamaka Rainbow Fish,,,,18,,USD,1.5 -2inch,1.75,in,false,2026-03-12T09:03:39-05:00,2026-08-28T05:03:39.365Z,https://globalexoticquatics.com/products/kamaka-rainbow-fish-1
global-exoticquatics,Millenium Rainbow Fish,,,,20,,USD,1.5-2 inch,1.75,in,false,2026-03-12T08:58:48-05:00,2026-08-28T05:03:39.365Z,https://globalexoticquatics.com/products/kamaka-rainbow-fish
global-exoticquatics,White Diamond,,,,100,,USD,5+in,,,true,2026-03-11T13:17:24-05:00,2026-08-28T05:03:39.365Z,https://globalexoticquatics.com/products/white-diamond
global-exoticquatics,Albino Red Leopard,,,,150,,USD,5+in,,,true,2026-03-11T13:16:00-05:00,2026-08-28T05:03:39.365Z,https://globalexoticquatics.com/products/albino-red-leopard
global-exoticquatics,White Pigeon Blood,,,,150,,USD,5-6in,5.5,in,true,2026-03-11T13:14:24-05:00,2026-08-28T05:03:39.365Z,https://globalexoticquatics.com/products/white-pigeon-blood
global-exoticquatics,Red Peacock,,,,50,,USD,Full Color Show Male,,,true,2026-03-02T21:51:14-06:00,2026-08-28T05:03:39.365Z,https://globalexoticquatics.com/products/red-peacock
global-exoticquatics,OB Kadango Borleyi,,,,50,,USD,3-4in,3.5,in,true,2026-03-02T21:49:44-06:00,2026-08-28T05:03:39.365Z,https://globalexoticquatics.com/products/ob-kadango-borleyi
global-exoticquatics,OB Sulfurhead,,,,60,,USD,5-6 inch,5.5,in,false,2026-03-02T21:48:09-06:00,2026-08-28T05:03:39.365Z,https://globalexoticquatics.com/products/ob-sulfurhead
global-exoticquatics,Red Shoulder,,,,50,,USD,3.5-4 inch,3.75,in,false,2026-03-02T21:46:01-06:00,2026-08-28T05:03:39.365Z,https://globalexoticquatics.com/products/red-shoulder
global-exoticquatics,Venustus,,,,60,,USD,5-6 in,5.5,in,false,2026-03-02T21:40:17-06:00,2026-08-28T05:03:39.365Z,https://globalexoticquatics.com/products/venustus
global-exoticquatics,Gold Severum,,,,15,,USD,1-1.5 inch,1.25,in,true,2026-03-02T10:01:57-06:00,2026-08-28T05:03:39.365Z,https://globalexoticquatics.com/products/gold-severum
global-exoticquatics,Gold Ram,,,,15,,USD,1-1.5 inch,1.25,in,false,2026-03-02T09:58:47-06:00,2026-08-28T05:03:39.365Z,https://globalexoticquatics.com/products/gold-ram
global-exoticquatics,Panda Angelfish,,,,15,,USD,2-3inch,2.5,in,false,2026-02-26T17:06:59-06:00,2026-08-28T05:03:39.365Z,https://globalexoticquatics.com/products/panda-angelfish
global-exoticquatics,Diamond Tetra,,,,24,,USD,6 Fish,,,true,2026-02-22T09:33:33-06:00,2026-08-28T05:03:39.365Z,https://globalexoticquatics.com/products/diamond-tetra
global-exoticquatics,Blood Red Parrot,,,,20,,USD,3 inch,3,in,false,2026-02-16T14:55:41-06:00,2026-08-28T05:03:39.365Z,https://globalexoticquatics.com/products/blood-red-parrot
global-exoticquatics,Elephant Nose,,,,35,,USD,4-5 inch,4.5,in,false,2026-02-13T11:12:43-06:00,2026-08-28T05:03:39.365Z,https://globalexoticquatics.com/products/elephant-nose
global-exoticquatics,Pinstripe Damba,,,,30,,USD,1-1.5 inch,1.25,in,true,2026-02-13T10:54:35-06:00,2026-08-28T05:03:39.365Z,https://globalexoticquatics.com/products/pinstripe-damba
global-exoticquatics,Rope Fish,,,,25,,USD,6-8 inch,7,in,true,2026-02-13T10:30:23-06:00,2026-08-28T05:03:39.365Z,https://globalexoticquatics.com/products/rope-fish
global-exoticquatics,Banded Archer Fish,,,,45,,USD,3-3.5 inch,3.25,in,false,2026-02-13T10:23:49-06:00,2026-08-28T05:03:39.365Z,https://globalexoticquatics.com/products/banded-archer-fish
global-exoticquatics,Honeycomb Woodcat,,,,12,,USD,1 inch,1,in,false,2026-02-13T10:21:19-06:00,2026-08-28T05:03:39.365Z,https://globalexoticquatics.com/products/honeycomb-woodcat
global-exoticquatics,Synodontis Nigrita Yellow,,,,25,,USD,3-4 inch,3.5,in,false,2026-02-05T08:12:47-06:00,2026-08-28T05:03:39.365Z,https://globalexoticquatics.com/products/synodontis-nigrita-yellow
global-exoticquatics,OB Dolphin,,,,80,,USD,3in,3,in,true,2026-02-04T20:09:16-06:00,2026-08-28T05:03:39.365Z,https://globalexoticquatics.com/products/ob-dolphin
global-exoticquatics,Sulfur Head,,,,50,,USD,3-4inch,3.5,in,true,2026-02-01T19:01:36-06:00,2026-08-28T05:03:39.365Z,https://globalexoticquatics.com/products/sulfur-head
global-exoticquatics,Albino Sulfur Head,,,,50,,USD,3-4inch,3.5,in,false,2026-02-01T19:00:31-06:00,2026-08-28T05:03:39.365Z,https://globalexoticquatics.com/products/albino-sulfur-head
global-exoticquatics,Ice OB,,,,60,,USD,3-4inch,3.5,in,true,2026-02-01T18:59:06-06:00,2026-08-28T05:03:39.365Z,https://globalexoticquatics.com/products/ice-ob
global-exoticquatics,Pink Peacock,,,,50,,USD,3-4inch,3.5,in,false,2026-02-01T18:57:41-06:00,2026-08-28T05:03:39.365Z,https://globalexoticquatics.com/products/pink-peacock
global-exoticquatics,Rostratus Sand Diver,,,,100,,USD,6-7inch,6.5,in,true,2026-01-31T07:21:25-06:00,2026-08-28T05:03:39.365Z,https://globalexoticquatics.com/products/rostratus-sand-diver
global-exoticquatics,Platinum Obs,,,,50,,USD,4 in,4,in,true,2026-01-30T19:23:22-06:00,2026-08-28T05:03:39.365Z,https://globalexoticquatics.com/products/fryeri-platinum-obs
global-exoticquatics,Red Cap Lethrinops,,,,45,,USD,3-4inch,3.5,in,true,2026-01-30T19:22:37-06:00,2026-08-28T05:03:39.365Z,https://globalexoticquatics.com/products/red-cap-lethrinops
global-exoticquatics,Red Cap Lethrinops,,,,60,,USD,5-6in,5.5,in,true,2026-01-30T19:22:37-06:00,2026-08-28T05:03:39.365Z,https://globalexoticquatics.com/products/red-cap-lethrinops
global-exoticquatics,Mdoka White Lips,,,,60,,USD,5+ inch,,,false,2026-01-30T19:19:29-06:00,2026-08-28T05:03:39.365Z,https://globalexoticquatics.com/products/mdoka-white-lips
global-exoticquatics,German Blue Ram,,,,15,,USD,1-1.5 in,1.25,in,false,2026-01-30T19:16:29-06:00,2026-08-28T05:03:39.365Z,https://globalexoticquatics.com/products/blue-ram
global-exoticquatics,Strawberry Dragon Blood,,,,50,,USD,3-4 inch,3.5,in,true,2026-01-30T18:46:39-06:00,2026-08-28T05:03:39.365Z,https://globalexoticquatics.com/products/strawberry-dragon-blood
global-exoticquatics,Eureka Red,,,,60,,USD,3-4 inch,3.5,in,false,2026-01-30T12:20:15-06:00,2026-08-28T05:03:39.365Z,https://globalexoticquatics.com/products/eureka-red
global-exoticquatics,Albino Dolphin,,,,50,,USD,4-5 in,4.5,in,false,2026-01-30T12:19:07-06:00,2026-08-28T05:03:39.365Z,https://globalexoticquatics.com/products/albino-dolphin
global-exoticquatics,Albino Dolphin,,,,40,,USD,3-3.5 in,3.25,in,false,2026-01-30T12:19:07-06:00,2026-08-28T05:03:39.365Z,https://globalexoticquatics.com/products/albino-dolphin
global-exoticquatics,Red OB,,,,80,,USD,3.5-4 inch,3.75,in,false,2026-01-30T12:16:42-06:00,2026-08-28T05:03:39.365Z,https://globalexoticquatics.com/products/red-ob
global-exoticquatics,Albino Gold Harbor,,,,80,,USD,3-3.5 inch,3.25,in,true,2026-01-30T12:14:11-06:00,2026-08-28T05:03:39.365Z,https://globalexoticquatics.com/products/albino-gold-harbor
global-exoticquatics,Rubecen,,,,50,,USD,3-4inch,3.5,in,false,2026-01-30T12:10:31-06:00,2026-08-28T05:03:39.365Z,https://globalexoticquatics.com/products/rubecen
global-exoticquatics,Albino OB,,,,60,,USD,Default Title,,,true,2026-01-29T12:45:40-06:00,2026-08-28T05:03:39.365Z,https://globalexoticquatics.com/products/albino-ob
global-exoticquatics,Pink Dragon Blood,,,,70,,USD,Default Title,,,true,2026-01-29T12:45:14-06:00,2026-08-28T05:03:39.365Z,https://globalexoticquatics.com/products/pink-dragon-blood
global-exoticquatics,Cupid Cichlid,,,,30,,USD,2-3in,2.5,in,true,2026-01-29T12:41:59-06:00,2026-08-28T05:03:39.365Z,https://globalexoticquatics.com/products/cupid-cichlid
global-exoticquatics,Panda Uaru,,,,70,,USD,2.5-3in,2.75,in,false,2026-01-29T12:27:38-06:00,2026-08-28T05:03:39.365Z,https://globalexoticquatics.com/products/panda-uaru
global-exoticquatics,Big Spot Snowball Pleco,,,,80,,USD,3-4 inch,3.5,in,false,2026-01-29T12:06:08-06:00,2026-08-28T05:03:39.365Z,https://globalexoticquatics.com/products/big-spot-snowball-pleco
global-exoticquatics,Three Beacon pleco,,,,50,,USD,2.5-3.5 inch,3,in,true,2026-01-29T11:56:54-06:00,2026-08-28T05:03:39.365Z,https://globalexoticquatics.com/products/three-beacon-pleco
global-exoticquatics,Zebrina Pike,,,,125,,USD,2.5-3in,2.75,in,true,2026-01-27T20:24:09-06:00,2026-08-28T05:03:39.365Z,https://globalexoticquatics.com/products/zebrina-pike
global-exoticquatics,Galaxy Vampire Pleco,,,,60,,USD,6+ in,,,false,2026-01-26T16:27:04-06:00,2026-08-28T05:03:39.365Z,https://globalexoticquatics.com/products/galaxy-vampire-pleco-l240
global-exoticquatics,Galaxy Vampire Pleco,,,,50,,USD,3.5-5 inch,4.25,in,false,2026-01-26T16:27:04-06:00,2026-08-28T05:03:39.365Z,https://globalexoticquatics.com/products/galaxy-vampire-pleco-l240
global-exoticquatics,Blue Phantom Pleco,,,,60,,USD,4-5 in,4.5,in,true,2026-01-26T12:56:45-06:00,2026-08-28T05:03:39.365Z,https://globalexoticquatics.com/products/blue-phantom-pleco-l128
global-exoticquatics,Green Phantom Pleco,,,,70,,USD,5-6in,5.5,in,true,2026-01-26T12:56:24-06:00,2026-08-28T05:03:39.365Z,https://globalexoticquatics.com/products/green-phantom-pleco-l200
global-exoticquatics,Green Phantom Pleco,,,,50,,USD,3-4in,3.5,in,true,2026-01-26T12:56:24-06:00,2026-08-28T05:03:39.365Z,https://globalexoticquatics.com/products/green-phantom-pleco-l200
global-exoticquatics,Platinum Redtail Dumbo Ear Guppy,,,,30,,USD,5,,,true,2026-01-26T12:50:39-06:00,2026-08-28T05:03:39.365Z,https://globalexoticquatics.com/products/platinum-redtail-dumbo-ear-guppy
global-exoticquatics,Red Cobra Guppy,,,,20,,USD,5 fish,,,false,2026-01-26T12:49:36-06:00,2026-08-28T05:03:39.365Z,https://globalexoticquatics.com/products/red-cobra-guppy
global-exoticquatics,Purple Lace Guppy,,,,25,,USD,5 Fish,,,true,2026-01-26T12:49:13-06:00,2026-08-28T05:03:39.365Z,https://globalexoticquatics.com/products/purple-lace-guppy
global-exoticquatics,Delhezi Bichir,sp_delhezi_bichir,common-name,,25,,USD,3.5-4 inch,3.75,in,false,2026-01-26T12:41:06-06:00,2026-08-28T05:03:39.365Z,https://globalexoticquatics.com/products/delhezi-bichir
global-exoticquatics,Endlicheri Bichir,,,,15,,USD,2.5-3.5 inch,3,in,false,2026-01-26T12:38:46-06:00,2026-08-28T05:03:39.365Z,https://globalexoticquatics.com/products/endlicheri-bichir
global-exoticquatics,Blue Emporer Tetra,,,,20,,USD,5 Fish,,,true,2026-01-26T12:37:21-06:00,2026-08-28T05:03:39.365Z,https://globalexoticquatics.com/products/blue-emporer-tetra
global-exoticquatics,Rummy Nose Tetra,,,,20,,USD,5 fish,,,true,2026-01-26T12:36:13-06:00,2026-08-28T05:03:39.365Z,https://globalexoticquatics.com/products/rummy-nose-tetra
global-exoticquatics,Cherry Barb,,,,15,,USD,5 Fish,,,true,2026-01-26T12:34:59-06:00,2026-08-28T05:03:39.365Z,https://globalexoticquatics.com/products/cherry-barb
global-exoticquatics,Green Neon Tetra,sp_neon_tetra,common-name,,30,,USD,10 Fish,,,false,2026-01-26T12:33:41-06:00,2026-08-28T05:03:39.365Z,https://globalexoticquatics.com/products/green-neon-tetra
global-exoticquatics,Red Phantom Tetra,,,,15,,USD,5 fish,,,true,2026-01-26T12:31:52-06:00,2026-08-28T05:03:39.365Z,https://globalexoticquatics.com/products/red-phantom-tetra
global-exoticquatics,Koi Sanke Highfin Swordtail,,,,7,,USD,1.5-2 inch,1.75,in,false,2026-01-26T12:28:26-06:00,2026-08-28T05:03:39.365Z,https://globalexoticquatics.com/products/koi-sanke-highfin-swordtail
global-exoticquatics,Double Red Apistogramma,,,,10,,USD,.5-1 inch,,,false,2026-01-26T12:22:56-06:00,2026-08-28T05:03:39.365Z,https://globalexoticquatics.com/products/double-red-apistogramma
global-exoticquatics,Sunset Hifin Platy,,,,8,,USD,1-1.5 inch,1.25,in,true,2026-01-26T12:19:41-06:00,2026-08-28T05:03:39.365Z,https://globalexoticquatics.com/products/untitled-jan21_12-14
global-exoticquatics,Bolivian Ram,,,,12,,USD,1-1.5 inch,1.25,in,true,2026-01-20T12:29:01-06:00,2026-08-28T05:03:39.365Z,https://globalexoticquatics.com/products/bolivian-ram
global-exoticquatics,Red Hump Eartheater,,,,15,,USD,2  inch,2,in,true,2026-01-20T12:27:50-06:00,2026-08-28T05:03:39.365Z,https://globalexoticquatics.com/products/red-hump-eartheater
global-exoticquatics,OB Taiwan Reef,,,,70,,USD,4-5in,4.5,in,true,2026-01-20T09:42:07-06:00,2026-08-28T05:03:39.365Z,https://globalexoticquatics.com/products/ob-taiwan-reef
global-exoticquatics,Vieja Breidohri,,,,15,,USD,1-1.5inch,1.25,in,true,2026-01-16T21:15:45-06:00,2026-08-28T05:03:39.365Z,https://globalexoticquatics.com/products/vieja-breidohri
global-exoticquatics,Longfin Bristlenose,,,,12,,USD,1-1.5inch,1.25,in,true,2026-01-16T21:13:36-06:00,2026-08-28T05:03:39.365Z,https://globalexoticquatics.com/products/longfin-bristlenose
global-exoticquatics,Longfin Pink Zebra Danio,,,,24,,USD,6 Fish,,,true,2026-01-16T20:57:45-06:00,2026-08-28T05:03:39.365Z,https://globalexoticquatics.com/products/longfin-pink-zebra-danio
global-exoticquatics,Geophagus Megasema,,,,12,,USD,1 inch,1,in,false,2026-01-16T20:56:01-06:00,2026-08-28T05:03:39.365Z,https://globalexoticquatics.com/products/geophagus-megasema
global-exoticquatics,Geophagus Gold Dust,,,,25,,USD,2-3 in,2.5,in,true,2026-01-16T20:53:41-06:00,2026-08-28T05:03:39.365Z,https://globalexoticquatics.com/products/geophagus-gold-dust
global-exoticquatics,Short Body Albino Pacu,,,,75,,USD,3+inch,,,false,2026-01-16T20:49:17-06:00,2026-08-28T05:03:39.365Z,https://globalexoticquatics.com/products/short-body-albino-pacu
global-exoticquatics,Blue Flash Cichlid/Red Aureum,,,,20,,USD,1.5-2inch,1.75,in,true,2026-01-16T20:45:25-06:00,2026-08-28T05:03:39.365Z,https://globalexoticquatics.com/products/blue-flash-cichlid-red-aureum
global-exoticquatics,Firecracker Swordtail,,,,15,,USD,1.25 in,1.25,in,false,2026-01-16T19:32:30-06:00,2026-08-28T05:03:39.365Z,https://globalexoticquatics.com/products/cauliflower-swordtail
global-exoticquatics,Triangle Uaru,,,,12,,USD,1 - 1.5 inch,1.25,in,false,2026-01-16T12:46:26-06:00,2026-08-28T05:03:39.365Z,https://globalexoticquatics.com/products/triangle-uaru
global-exoticquatics,Neon Tetra XL,sp_neon_tetra,common-name,,24,,USD,6 Fish,,,true,2026-01-16T09:04:04-06:00,2026-08-28T05:03:39.365Z,https://globalexoticquatics.com/products/neon-tetra
global-exoticquatics,Black Ram,,,,25,,USD,1.5-2 inch,1.75,in,false,2026-01-15T13:12:54-06:00,2026-08-28T05:03:39.365Z,https://globalexoticquatics.com/products/black-ram
global-exoticquatics,King Tiger Pleco L333,,,,50,,USD,3.5-4 in,3.75,in,true,2026-01-14T16:31:07-06:00,2026-08-28T05:03:39.365Z,https://globalexoticquatics.com/products/king-tiger-pleco-l333
global-exoticquatics,Red Empress OB,,,,60,,USD,Full Color Show Male (4.5 in),,,false,2026-01-14T16:29:22-06:00,2026-08-28T05:03:39.365Z,https://globalexoticquatics.com/products/red-empress-ob
global-exoticquatics,Insignus,,,,70,,USD,6 in,6,in,true,2026-01-14T16:28:12-06:00,2026-08-28T05:03:39.365Z,https://globalexoticquatics.com/products/insignus
global-exoticquatics,Blue Eye Lemon Bristlenose,,,,20,,USD,1.5 - 2.5 in,2,in,true,2026-01-14T15:56:02-06:00,2026-08-28T05:03:39.365Z,https://globalexoticquatics.com/products/blue-eye-lemon-bristlenose
global-exoticquatics,Green Terror,,,,15,,USD,2-3 inch,2.5,in,true,2026-01-14T15:53:13-06:00,2026-08-28T05:03:39.365Z,https://globalexoticquatics.com/products/green-terror
global-exoticquatics,Super Red Ruby,,,,70,,USD,3-4 inch,3.5,in,true,2026-01-13T10:24:16-06:00,2026-08-28T05:03:39.365Z,https://globalexoticquatics.com/products/super-red-ruby
global-exoticquatics,Albino Rubecen,,,,60,,USD,3-4 inch Color Male,3.5,in,true,2026-01-13T10:23:46-06:00,2026-08-28T05:03:39.365Z,https://globalexoticquatics.com/products/albino-rubecen
global-exoticquatics,Red Flag Tail,,,,60,,USD,5 inch,5,in,false,2026-01-10T09:53:40-06:00,2026-08-28T05:03:39.365Z,https://globalexoticquatics.com/products/red-flag-tail
global-exoticquatics,Red Flag Tail,,,,100,,USD,7in,7,in,false,2026-01-10T09:53:40-06:00,2026-08-28T05:03:39.365Z,https://globalexoticquatics.com/products/red-flag-tail
global-exoticquatics,Orange Venezuela Cory,,,,8,,USD,1-2 inch,1.5,in,true,2026-01-08T12:40:40-06:00,2026-08-28T05:03:39.365Z,https://globalexoticquatics.com/products/orange-venezuela-cory
global-exoticquatics,OB Sunshine,,,,60,,USD,5-6 inch Color Show Male,5.5,in,false,2025-12-30T21:50:39-06:00,2026-08-28T05:03:39.365Z,https://globalexoticquatics.com/products/ob-sunshine
global-exoticquatics,Geophagus Sveni,sp_geophagus_sveni,common-name,,15,,USD,1+ inch,,,false,2025-12-30T17:14:44-06:00,2026-08-28T05:03:39.365Z,https://globalexoticquatics.com/products/geophagus-sveni
global-exoticquatics,Geophagus Sveni,sp_geophagus_sveni,common-name,,25,,USD,2.75-3 inch,2.88,in,true,2025-12-30T17:14:44-06:00,2026-08-28T05:03:39.365Z,https://globalexoticquatics.com/products/geophagus-sveni
global-exoticquatics,Albino Red Head Tapajos,sp_geophagus_tapajos,alias,,70,,USD,2-3 inch,2.5,in,false,2025-12-30T17:12:32-06:00,2026-08-28T05:03:39.365Z,https://globalexoticquatics.com/products/albino-red-head-tapajos
global-exoticquatics,Albino Red Cap Angelfish,,,,20,,USD,Default Title,,,false,2025-12-28T11:55:35-06:00,2026-08-28T05:03:39.365Z,https://globalexoticquatics.com/products/albino-red-cap-angelfish
global-exoticquatics,Mbu Puffer,,,,300,,USD,5-6',,,false,2025-12-28T08:50:42-06:00,2026-08-28T05:03:39.365Z,https://globalexoticquatics.com/products/mbu-puffer
global-exoticquatics,Albino Florida Gar,,,,300,,USD,7-8 inch,7.5,in,false,2025-12-28T08:39:31-06:00,2026-08-28T05:03:39.365Z,https://globalexoticquatics.com/products/albino-florida-gar
global-exoticquatics,Albino Florida Gar,,,,350,,USD,9-10 inch,9.5,in,false,2025-12-28T08:39:31-06:00,2026-08-28T05:03:39.365Z,https://globalexoticquatics.com/products/albino-florida-gar
global-exoticquatics,Albino Black Diamond Stingray,,,,1000,,USD,6 to 7 inch,6.5,in,false,2025-12-11T14:19:37-06:00,2026-08-28T05:03:39.365Z,https://globalexoticquatics.com/products/albino-black-diamond-stingray
global-exoticquatics,AAA Black Diamond Stingray,,,,800,,USD,8in+,8,in,false,2025-12-11T14:18:19-06:00,2026-08-28T05:03:39.365Z,https://globalexoticquatics.com/products/aaa-black-diamond-stingray
global-exoticquatics,Albino Pearl Stingray,,,,500,,USD,5-6 inch,5.5,in,false,2025-12-11T14:16:44-06:00,2026-08-28T05:03:39.365Z,https://globalexoticquatics.com/products/untitled-dec11_14-12
global-exoticquatics,Lwanda,,,,60,,USD,5in,5,in,true,2025-12-11T13:14:40-06:00,2026-08-28T05:03:39.365Z,https://globalexoticquatics.com/products/lwanda
global-exoticquatics,Lwanda,,,,50,,USD,4in,4,in,true,2025-12-11T13:14:40-06:00,2026-08-28T05:03:39.365Z,https://globalexoticquatics.com/products/lwanda
global-exoticquatics,Dolphin,,,,60,,USD,4-5 inch,4.5,in,false,2025-12-11T13:14:32-06:00,2026-08-28T05:03:39.365Z,https://globalexoticquatics.com/products/dolphin
global-exoticquatics,Flavescent,,,,60,,USD,Full Color Show Male (5+ in),,,true,2025-12-11T13:14:03-06:00,2026-08-28T05:03:39.365Z,https://globalexoticquatics.com/products/flavescent
global-exoticquatics,Sunshine,,,,60,,USD,4-5in,4.5,in,true,2025-12-11T13:13:51-06:00,2026-08-28T05:03:39.365Z,https://globalexoticquatics.com/products/sunshine
global-exoticquatics,OB Lwanda,,,,80,,USD,4-5in,4.5,in,true,2025-12-11T13:13:42-06:00,2026-08-28T05:03:39.365Z,https://globalexoticquatics.com/products/ob-lwanda
global-exoticquatics,Red Leopard Skin Discus,,,,50,,USD,4 inch,4,in,false,2025-12-11T13:06:45-06:00,2026-08-28T05:03:39.365Z,https://globalexoticquatics.com/products/red-leopard-skin-discus
global-exoticquatics,Blue Diamond Discus,,,,50,,USD,3.5 inch,3.5,in,false,2025-12-11T13:03:15-06:00,2026-08-28T05:03:39.365Z,https://globalexoticquatics.com/products/blue-diamond-discus
global-exoticquatics,Red Melon Discus,,,,50,,USD,4 inch,4,in,false,2025-12-11T12:52:03-06:00,2026-08-28T05:03:39.365Z,https://globalexoticquatics.com/products/red-melon-discus
global-exoticquatics,Red Pigeon Blood Discus,,,,50,,USD,4 inch,4,in,false,2025-12-11T12:49:53-06:00,2026-08-28T05:03:39.365Z,https://globalexoticquatics.com/products/red-pigeon-blood-discus
global-exoticquatics,Yellow Melon Discus,,,,50,,USD,4 inch,4,in,true,2025-12-11T12:48:07-06:00,2026-08-28T05:03:39.365Z,https://globalexoticquatics.com/products/yellow-checkered-board-discus
global-exoticquatics,Yellow Safran,,,,60,,USD,3-4 inch,3.5,in,false,2025-11-28T10:56:18-06:00,2026-08-28T05:03:39.365Z,https://globalexoticquatics.com/products/yellow-safran
global-exoticquatics,Lemon Jake,,,,60,,USD,5 in,5,in,true,2025-11-28T10:55:40-06:00,2026-08-28T05:03:39.365Z,https://globalexoticquatics.com/products/lemon-jake
global-exoticquatics,BOD Full Blaze,,,,70,,USD,3-3.5 inch (Color Male),3.25,in,false,2025-11-28T10:53:21-06:00,2026-08-28T05:03:39.365Z,https://globalexoticquatics.com/products/bod-full-blaze
global-exoticquatics,German Z Rock Sulfur Head,,,,60,,USD,3-3.5 inch (Color Male),3.25,in,true,2025-11-28T10:53:01-06:00,2026-08-28T05:03:39.365Z,https://globalexoticquatics.com/products/yellow-blaze-litho
global-exoticquatics,Red Devil Angelfish,,,,15,,USD,1.5-2 in,1.75,in,false,2025-11-28T10:50:32-06:00,2026-08-28T05:03:39.365Z,https://globalexoticquatics.com/products/red-devil-angelfish
global-exoticquatics,Jack Dempsey,sp_jack_dempsey,common-name,,10,,USD,1.5-1.75 inch,1.63,in,true,2025-11-12T17:45:33-06:00,2026-08-28T05:03:39.365Z,https://globalexoticquatics.com/products/jack-dempsey
global-exoticquatics,Electric Blue Jack Dempsey,sp_jack_dempsey,common-name,,25,,USD,2-3 inch,2.5,in,false,2025-11-12T16:59:33-06:00,2026-08-28T05:03:39.365Z,https://globalexoticquatics.com/products/untitled-jul1_13-41
global-exoticquatics,4 Bar Sumatra Datnoid AAA,,,,45,,USD,1.25 - 1.75 inch,1.5,in,false,2025-11-12T16:58:29-06:00,2026-08-28T05:03:39.365Z,https://globalexoticquatics.com/products/4-bar-sumatra-datnoid-aa
global-exoticquatics,4 Bar Sumatra Datnoid AAA,,,,60,,USD,2.5 in,2.5,in,true,2025-11-12T16:58:29-06:00,2026-08-28T05:03:39.365Z,https://globalexoticquatics.com/products/4-bar-sumatra-datnoid-aa
global-exoticquatics,Fire Eel,,,,100,,USD,12-14 in,13,in,false,2025-11-12T08:57:16-06:00,2026-08-28T05:03:39.365Z,https://globalexoticquatics.com/products/fire-eel
global-exoticquatics,Tiger Moray Eel,,,,80,,USD,8+ inch,,,true,2025-11-12T08:56:39-06:00,2026-08-28T05:03:39.365Z,https://globalexoticquatics.com/products/tiger-moray
global-exoticquatics,OB Lithobates,,,,60,,USD,4-5 inch,4.5,in,false,2025-10-17T16:32:45-05:00,2026-08-28T05:03:39.365Z,https://globalexoticquatics.com/products/ob-lithobates
global-exoticquatics,OB VC-10,,,,60,,USD,5-6 inch Color Show Male,5.5,in,false,2025-10-17T16:29:18-05:00,2026-08-28T05:03:39.365Z,https://globalexoticquatics.com/products/ob-vc-10
global-exoticquatics,Longfin Albino Bristlenose,,,,10,,USD,1-1.5 inch,1.25,in,true,2025-10-17T10:59:27-05:00,2026-08-28T05:03:39.365Z,https://globalexoticquatics.com/products/longfin-albino-bristlenose
global-exoticquatics,Lemon Oscar,,,,25,,USD,2 inch,2,in,true,2025-10-16T19:02:35-05:00,2026-08-28T05:03:39.365Z,https://globalexoticquatics.com/products/lemon-oscar-1
global-exoticquatics,OB Peacock (Orange),,,,60,,USD,Full Color Show Male (4 in),,,true,2025-10-16T16:08:02-05:00,2026-08-28T05:03:39.365Z,https://globalexoticquatics.com/products/ob-peacock-orange
global-exoticquatics,Yellow OB,,,,60,,USD,3.5-4 inch,3.75,in,true,2025-10-16T16:07:32-05:00,2026-08-28T05:03:39.365Z,https://globalexoticquatics.com/products/yellow-ob
global-exoticquatics,Fogo Peacock Bass,,,,150,,USD,7-8 inch,7.5,in,false,2025-10-15T17:48:00-05:00,2026-08-28T05:03:39.365Z,https://globalexoticquatics.com/products/fogo-peacock-bass
global-exoticquatics,Red Empress,,,,70,,USD,5in+ Male,5,in,false,2025-10-15T17:44:23-05:00,2026-08-28T05:03:39.365Z,https://globalexoticquatics.com/products/red-empress-1
global-exoticquatics,Red Empress,,,,60,,USD,4in Male,4,in,true,2025-10-15T17:44:23-05:00,2026-08-28T05:03:39.365Z,https://globalexoticquatics.com/products/red-empress-1
global-exoticquatics,OB Red Peacock,,,,60,,USD,Full Color Show Male,,,true,2025-10-15T17:39:49-05:00,2026-08-28T05:03:39.365Z,https://globalexoticquatics.com/products/calico-red-peacock
global-exoticquatics,OB Livingstoni,,,,80,,USD,Full Color Show Male,,,true,2025-10-15T17:39:14-05:00,2026-08-28T05:03:39.365Z,https://globalexoticquatics.com/products/calico-livingstoni
global-exoticquatics,OB Insignus,,,,80,,USD,Full Color Show Male,,,true,2025-10-15T17:38:45-05:00,2026-08-28T05:03:39.365Z,https://globalexoticquatics.com/products/calico-insignis
global-exoticquatics,Intermedius,,,,70,,USD,5in+,5,in,false,2025-10-15T17:38:18-05:00,2026-08-28T05:03:39.365Z,https://globalexoticquatics.com/products/intermedius
global-exoticquatics,OB Blue Gold Hap,,,,80,,USD,5-6in,5.5,in,true,2025-10-15T17:37:55-05:00,2026-08-28T05:03:39.365Z,https://globalexoticquatics.com/products/calico-blue-gold-hap
global-exoticquatics,Albino  Red Empress,,,,60,,USD,3-4 inch,3.5,in,false,2025-10-15T17:37:02-05:00,2026-08-28T05:03:39.365Z,https://globalexoticquatics.com/products/albino-empress
global-exoticquatics,OB Venustus,,,,80,,USD,5+ inch,,,true,2025-10-15T17:36:26-05:00,2026-08-28T05:03:39.365Z,https://globalexoticquatics.com/products/calico-venustus
global-exoticquatics,Malawi Hawk,,,,50,,USD,4 in,4,in,true,2025-10-06T06:50:54-05:00,2026-08-28T05:03:39.365Z,https://globalexoticquatics.com/products/malawi-hawk
global-exoticquatics,Bucco Noto,,,,60,,USD,4 in,4,in,false,2025-10-06T06:50:31-05:00,2026-08-28T05:03:39.365Z,https://globalexoticquatics.com/products/bucco-noto
global-exoticquatics,Chocolate Cichlid,,,,15,,USD,2-2.5 in,2.25,in,true,2025-09-09T10:13:54-05:00,2026-08-28T05:03:39.365Z,https://globalexoticquatics.com/products/chocolate-cichlid
global-exoticquatics,Chocolate Cichlid,,,,35,,USD,3-4 inch,3.5,in,false,2025-09-09T10:13:54-05:00,2026-08-28T05:03:39.365Z,https://globalexoticquatics.com/products/chocolate-cichlid
global-exoticquatics,Rainbow Cichlid,,,,20,,USD,3 inch,3,in,true,2025-09-09T10:05:17-05:00,2026-08-28T05:03:39.365Z,https://globalexoticquatics.com/products/rainbow-cichlid
global-exoticquatics,Starry Night Cichlid,,,,40,,USD,3.5-4in,3.75,in,true,2025-09-09T10:04:30-05:00,2026-08-28T05:03:39.365Z,https://globalexoticquatics.com/products/starry-night-cichlid
global-exoticquatics,Royal Clown Knife,,,,20,,USD,4in,4,in,true,2025-09-08T19:38:29-05:00,2026-08-28T05:03:39.365Z,https://globalexoticquatics.com/products/untitled-sep8_18-12
global-exoticquatics,Albino Glowlight Tetra,,,,30,,USD,10 Fish,,,false,2025-09-08T13:50:02-05:00,2026-08-28T05:03:39.365Z,https://globalexoticquatics.com/products/albino-glowlight-tetra
global-exoticquatics,Buenos Aires Tetra,,,,20,,USD,5 Fish,,,false,2025-09-08T13:45:39-05:00,2026-08-28T05:03:39.365Z,https://globalexoticquatics.com/products/buenos-aires-tetra
global-exoticquatics,Golden Roseline Shark,,,,25,,USD,1.5 inch,1.5,in,false,2025-08-27T19:07:22-05:00,2026-08-28T05:03:39.365Z,https://globalexoticquatics.com/products/golden-roseline-shark
global-exoticquatics,Roseline Shark,,,,12,,USD,2.5 -3 inch,2.75,in,false,2025-08-27T19:06:04-05:00,2026-08-28T05:03:39.365Z,https://globalexoticquatics.com/products/roseline-shark
global-exoticquatics,Chili Rasbora,,,,20,,USD,6 Fish,,,false,2025-08-27T16:54:37-05:00,2026-08-28T05:03:39.365Z,https://globalexoticquatics.com/products/chili-rasbora
global-exoticquatics,Ember Fire Tetra,,,,18,,USD,6 Fish,,,true,2025-08-27T16:53:02-05:00,2026-08-28T05:03:39.365Z,https://globalexoticquatics.com/products/ember-fire-tetra
global-exoticquatics,YoYo Loach,,,,8,,USD,2.5-3 in,2.75,in,false,2025-08-27T16:48:56-05:00,2026-08-28T05:03:39.365Z,https://globalexoticquatics.com/products/yoyo-loach
global-exoticquatics,Spotted Silver Dollar,,,,14,,USD,2.5-3 in,2.75,in,false,2025-08-27T16:43:03-05:00,2026-08-28T05:03:39.365Z,https://globalexoticquatics.com/products/spotted-silver-dollar
global-exoticquatics,Albino Arowana,,,,120,,USD,5-6in,5.5,in,true,2025-08-25T12:25:49-05:00,2026-08-28T05:03:39.365Z,https://globalexoticquatics.com/products/albino-arowana
global-exoticquatics,Albino Heckelii,,,,30,,USD,2-3 in,2.5,in,true,2025-08-25T07:55:03-05:00,2026-08-28T05:03:39.365Z,https://globalexoticquatics.com/products/albino-heckelii
global-exoticquatics,Electric Blue Hap,,,,50,,USD,4 in+,4,in,true,2025-07-31T12:39:16-05:00,2026-08-28T05:03:39.365Z,https://globalexoticquatics.com/products/electric-blue-hap
global-exoticquatics,OB Compressiceps Eye Bitter,,,,60,,USD,6 in,6,in,false,2025-07-31T12:34:46-05:00,2026-08-28T05:03:39.365Z,https://globalexoticquatics.com/products/ob-compressiceps-eye-bitter
global-exoticquatics,Eureka OB,,,,60,,USD,4 in+,4,in,true,2025-07-31T12:32:53-05:00,2026-08-28T05:03:39.365Z,https://globalexoticquatics.com/products/eureka-ob
global-exoticquatics,OB Fire Blue Hap,,,,60,,USD,5 in+,5,in,false,2025-07-31T12:29:40-05:00,2026-08-28T05:03:39.365Z,https://globalexoticquatics.com/products/ob-fire-blue-hap
global-exoticquatics,Albino Hoplo Catfish,,,,12,,USD,1.5-2 inch,1.75,in,true,2025-07-01T16:59:33-05:00,2026-08-28T05:03:39.365Z,https://globalexoticquatics.com/products/albino-hoplo-catfish
global-exoticquatics,Azureus,,,,50,,USD,4.5+ inch,,,true,2025-06-25T16:19:05-05:00,2026-08-28T05:03:39.365Z,https://globalexoticquatics.com/products/azureus
global-exoticquatics,OB Tangerine Tiger,,,,60,,USD,6+ inch,,,false,2025-06-25T15:59:52-05:00,2026-08-28T05:03:39.365Z,https://globalexoticquatics.com/products/calico-tangerine-tiger
global-exoticquatics,OB Azureus,,,,70,,USD,5 inch,5,in,true,2025-06-25T15:47:57-05:00,2026-08-28T05:03:39.365Z,https://globalexoticquatics.com/products/calico-azureus
global-exoticquatics,OB Turquoise Hap,,,,70,,USD,6in,6,in,true,2025-06-25T15:45:25-05:00,2026-08-28T05:03:39.365Z,https://globalexoticquatics.com/products/calico-marginatas
global-exoticquatics,Fire Mouth Meeki,,,,8,,USD,1-3 inch,2,in,true,2025-06-14T11:03:35-05:00,2026-08-28T05:03:39.365Z,https://globalexoticquatics.com/products/fire-mouth-meeki
global-exoticquatics,Calico Convict,,,,10,,USD,1-2 inch,1.5,in,true,2025-06-14T11:00:48-05:00,2026-08-28T05:03:39.365Z,https://globalexoticquatics.com/products/calico-convict
global-exoticquatics,Turkana Jewel Cichlid,,,,9,,USD,1 inch,1,in,false,2025-06-14T10:49:37-05:00,2026-08-28T05:03:39.365Z,https://globalexoticquatics.com/products/turkana-jewel-cichlid
global-exoticquatics,Tiger Shovelnose Catfish,,,,20,,USD,3.5 in,3.5,in,false,2025-06-02T16:28:59-05:00,2026-08-28T05:03:39.365Z,https://globalexoticquatics.com/products/tiger-shovelnose-catfish
global-exoticquatics,Royal Snakeskin Peacock Bass,,,,100,,USD,5-7in,6,in,false,2025-06-02T16:25:43-05:00,2026-08-28T05:03:39.365Z,https://globalexoticquatics.com/products/royal-snakeskin-peacock-bass
global-exoticquatics,Copadichromis Cyaneus Zimbawe Rock,,,,200,,USD,1M/4F,,,true,2025-05-28T12:17:45-05:00,2026-08-28T05:03:39.365Z,https://globalexoticquatics.com/products/copadichromis-cyaneus-zimbawe-rock
global-exoticquatics,Albino White Lips,,,,60,,USD,2 in,2,in,false,2025-05-28T11:44:28-05:00,2026-08-28T05:03:39.365Z,https://globalexoticquatics.com/products/albino-white-lips
global-exoticquatics,Star Sapphire,,,,50,,USD,4 inch Male,4,in,false,2025-05-28T11:37:52-05:00,2026-08-28T05:03:39.365Z,https://globalexoticquatics.com/products/star-sapphire
global-exoticquatics,Deep Water Hap,,,,20,,USD,2 in(unsexed),2,in,false,2025-05-28T11:34:53-05:00,2026-08-28T05:03:39.365Z,https://globalexoticquatics.com/products/deep-water-hap
global-exoticquatics,Deep Water Hap,,,,60,,USD,4-5 inch Male,4.5,in,false,2025-05-28T11:34:53-05:00,2026-08-28T05:03:39.365Z,https://globalexoticquatics.com/products/deep-water-hap
global-exoticquatics,OB Intermedius,,,,80,,USD,5in,5,in,true,2025-05-28T11:10:06-05:00,2026-08-28T05:03:39.365Z,https://globalexoticquatics.com/products/calico-intermedius
global-exoticquatics,Albino Lwanda,,,,60,,USD,Male (3 in+),,,false,2025-05-14T15:10:02-05:00,2026-08-28T05:03:39.365Z,https://globalexoticquatics.com/products/albino-lwanda-1
global-exoticquatics,Albino Blue Neon,,,,80,,USD,Full Color Show Male (4 in),,,false,2025-05-14T15:08:52-05:00,2026-08-28T05:03:39.365Z,https://globalexoticquatics.com/products/albino-blue-neon-1
global-exoticquatics,BOD,,,,60,,USD,Full Color Show Male,,,false,2025-05-14T15:05:59-05:00,2026-08-28T05:03:39.365Z,https://globalexoticquatics.com/products/bod
global-exoticquatics,Jalo Reef,,,,50,,USD,Full Color Show Male (4 in),,,false,2025-05-14T14:33:04-05:00,2026-08-28T05:03:39.365Z,https://globalexoticquatics.com/products/jalo-reef
global-exoticquatics,Albino Taiwan Reef,,,,150,,USD,1M/4F,,,true,2025-05-14T14:31:50-05:00,2026-08-28T05:03:39.365Z,https://globalexoticquatics.com/products/albino-taiwan-reef
global-exoticquatics,Albino Taiwan Reef,,,,48,,USD,(6 pack) 2.5 inch unsexed,,,true,2025-05-14T14:31:50-05:00,2026-08-28T05:03:39.365Z,https://globalexoticquatics.com/products/albino-taiwan-reef
global-exoticquatics,Albino Taiwan Reef,,,,10,,USD,2-2.5 inch unsexed,2.25,in,true,2025-05-14T14:31:50-05:00,2026-08-28T05:03:39.365Z,https://globalexoticquatics.com/products/albino-taiwan-reef
global-exoticquatics,Taiwan Reef,,,,60,,USD,4-5 in,4.5,in,true,2025-05-14T14:30:24-05:00,2026-08-28T05:03:39.365Z,https://globalexoticquatics.com/products/taiwan-reef
global-exoticquatics,Albino Turkis,,,,50,,USD,Full Color Show Male,,,false,2025-05-14T14:22:33-05:00,2026-08-28T05:03:39.365Z,https://globalexoticquatics.com/products/albino-turkis
global-exoticquatics,Albino Roberti,,,,70,,USD,Full Color Show Male (4 in),,,true,2025-05-14T14:12:59-05:00,2026-08-28T05:03:39.365Z,https://globalexoticquatics.com/products/albino-roberti
global-exoticquatics,Albino Roberti,,,,30,,USD,Female (4 in),,,true,2025-05-14T14:12:59-05:00,2026-08-28T05:03:39.365Z,https://globalexoticquatics.com/products/albino-roberti
global-exoticquatics,Albino Roberti,,,,220,,USD,1M/4F,,,true,2025-05-14T14:12:59-05:00,2026-08-28T05:03:39.365Z,https://globalexoticquatics.com/products/albino-roberti
global-exoticquatics,Albino Yellow,,,,45,,USD,Default Title,,,false,2025-05-14T14:11:42-05:00,2026-08-28T05:03:39.365Z,https://globalexoticquatics.com/products/albino-yellow
global-exoticquatics,Maylandi Sulphurhead,,,,50,,USD,4-4.5 inch,4.25,in,false,2025-05-14T14:10:21-05:00,2026-08-28T05:03:39.365Z,https://globalexoticquatics.com/products/maylandi
global-exoticquatics,Ngara,,,,50,,USD,4-5in male,4.5,in,true,2025-05-14T14:08:29-05:00,2026-08-28T05:03:39.365Z,https://globalexoticquatics.com/products/ngara
global-exoticquatics,Black Widow Frontosa,,,,30,,USD,1.75-2.25 inch,2,in,false,2025-05-14T13:52:37-05:00,2026-08-28T05:03:39.365Z,https://globalexoticquatics.com/products/black-widow-frontosa
global-exoticquatics,Electric Blue Acara,sp_electric_blue_acara,common-name,,15,,USD,1.5-2 in,1.75,in,true,2025-05-14T13:50:47-05:00,2026-08-28T05:03:39.365Z,https://globalexoticquatics.com/products/elertric-blue-acara
global-exoticquatics,Electric Blue Acara,sp_electric_blue_acara,common-name,,25,,USD,3-3.5 in,3.25,in,true,2025-05-14T13:50:47-05:00,2026-08-28T05:03:39.365Z,https://globalexoticquatics.com/products/elertric-blue-acara
global-exoticquatics,Electric Blue Acara,sp_electric_blue_acara,common-name,,10,,USD,1 in,1,in,false,2025-05-14T13:50:47-05:00,2026-08-28T05:03:39.365Z,https://globalexoticquatics.com/products/elertric-blue-acara
global-exoticquatics,Red Head Tapajos,sp_geophagus_tapajos,alias,,50,,USD,3-4 inch,3.5,in,false,2025-05-14T13:42:47-05:00,2026-08-28T05:03:39.365Z,https://globalexoticquatics.com/products/red-head-tapajos
global-exoticquatics,Red Head Tapajos,sp_geophagus_tapajos,alias,,15,,USD,1 inch,1,in,true,2025-05-14T13:42:47-05:00,2026-08-28T05:03:39.365Z,https://globalexoticquatics.com/products/red-head-tapajos
global-exoticquatics,Black Arowana,,,,150,,USD,5in,5,in,true,2025-05-14T13:00:50-05:00,2026-08-28T05:03:39.365Z,https://globalexoticquatics.com/products/black-arowana
global-exoticquatics,Spotted Highfin Cory,,,,10,,USD,1.5-2 in,1.75,in,false,2025-05-14T12:52:29-05:00,2026-08-28T05:03:39.365Z,https://globalexoticquatics.com/products/spotted-highfin-cory
global-exoticquatics,Clown Loach,,,,20,,USD,5 pack(1-1.5in),,,true,2025-05-14T12:27:24-05:00,2026-08-28T05:03:39.365Z,https://globalexoticquatics.com/products/clown-loach
global-exoticquatics,Albino Adonis Pleco L155,,,,80,,USD,2.5 in,2.5,in,false,2025-05-14T12:05:55-05:00,2026-08-28T05:03:39.365Z,https://globalexoticquatics.com/products/albino-adonis-pleco-l155
global-exoticquatics,Common Bristlenose,,,,8,,USD,1 in,1,in,true,2025-05-14T11:20:40-05:00,2026-08-28T05:03:39.365Z,https://globalexoticquatics.com/products/common-bristlenose
global-exoticquatics,Common Bristlenose,,,,12,,USD,1.5-2in,1.75,in,true,2025-05-14T11:20:40-05:00,2026-08-28T05:03:39.365Z,https://globalexoticquatics.com/products/common-bristlenose
j4-flowerhorns,HQ Super Red Dragon Flowerhorn ( Male ) #M1,,,,89,,USD,Default Title,,,false,2026-08-16T11:10:06-05:00,2026-08-28T05:03:39.386Z,https://www.j4flowerhorns.com/products/hq-super-red-dragon-male-m1-copy
j4-flowerhorns,HQ Super Red Dragon Flowerhorn( Male ) #M1,,,,89,,USD,Default Title,,,true,2026-08-16T11:09:01-05:00,2026-08-28T05:03:39.386Z,https://www.j4flowerhorns.com/products/hq-super-red-dragon-male-m8-copy-1
j4-flowerhorns,HQ Super Red Dragon Flowerhorn( Male ) #M2,,,,89,,USD,Default Title,,,true,2026-08-16T11:08:03-05:00,2026-08-28T05:03:39.386Z,https://www.j4flowerhorns.com/products/hq-super-red-dragon-male-m8-copy
j4-flowerhorns,HQ Super Red Dragon Flowerhorn( Male ) #M8,,,,89,,USD,Default Title,,,true,2026-08-16T11:07:09-05:00,2026-08-28T05:03:39.386Z,https://www.j4flowerhorns.com/products/hq-super-red-dragon-male-m14-copy
j4-flowerhorns,HQ Super Red Dragon Flowerhorn( Male ) #M7,,,,89,,USD,Default Title,,,true,2026-08-16T11:04:56-05:00,2026-08-28T05:03:39.386Z,https://www.j4flowerhorns.com/products/hq-super-red-dragon-male-m5-copy
j4-flowerhorns,HQ Super Red Dragon Flowerhorn( Male ) #M5,,,,89,,USD,Default Title,,,true,2026-08-16T11:04:03-05:00,2026-08-28T05:03:39.386Z,https://www.j4flowerhorns.com/products/hq-super-red-dragon-male-m15-copy
j4-flowerhorns,HQ Super Red Dragon Flowerhorn( Male ) #M10,,,,89,,USD,Default Title,,,true,2026-08-16T11:02:39-05:00,2026-08-28T05:03:39.386Z,https://www.j4flowerhorns.com/products/hq-super-red-dragon-male-m19-copy-1
j4-flowerhorns,HQ Super Red Dragon Flowerhorn( Male ) #M13,,,,89,,USD,Default Title,,,true,2026-08-16T11:01:44-05:00,2026-08-28T05:03:39.386Z,https://www.j4flowerhorns.com/products/hq-super-red-dragon-male-m9-copy
j4-flowerhorns,HQ Super Red Dragon Flowerhorn( Male ) #M9,,,,89,,USD,Default Title,,,false,2026-08-16T11:00:27-05:00,2026-08-28T05:03:39.386Z,https://www.j4flowerhorns.com/products/hq-super-red-dragon-male-m19-copy
j4-flowerhorns,HQ Super Red Dragon Flowerhorn( Male ) #M11,,,,89,,USD,Default Title,,,true,2026-08-16T10:58:13-05:00,2026-08-28T05:03:39.386Z,https://www.j4flowerhorns.com/products/hq-super-red-dragon-male-m12-copy
j4-flowerhorns,HQ Super Red Dragon Flowerhorn( Male ) #M12,,,,89,,USD,Default Title,,,true,2026-08-16T10:56:56-05:00,2026-08-28T05:03:39.386Z,https://www.j4flowerhorns.com/products/hq-super-red-dragon-male-m17-copy
j4-flowerhorns,High Quality Competition Grade Super Red Dragon ( Male )VIP2,,,,750,,USD,Default Title,,,false,2026-08-16T10:53:32-05:00,2026-08-28T05:03:39.386Z,https://www.j4flowerhorns.com/products/high-quality-competition-grade-super-red-dragon-male-vip1-copy
j4-flowerhorns,High Quality Competition Grade Super Red Dragon Flowerhorn( Male )VIP1,,,,550,,USD,Default Title,,,true,2026-08-16T10:52:09-05:00,2026-08-28T05:03:39.386Z,https://www.j4flowerhorns.com/products/high-quality-competition-grade-super-red-dragon-male-09-copy
j4-flowerhorns,High Quality Competition Grade Super Red Dragon Flowerhorn( Male ) 06,,,,199,,USD,Default Title,,,true,2026-08-16T10:47:01-05:00,2026-08-28T05:03:39.386Z,https://www.j4flowerhorns.com/products/high-quality-competition-grade-super-red-dragon-male-01-copy
j4-flowerhorns,High Quality Competition Grade Super Red Dragon Flowerhorn( Male ) 01,,,,199,,USD,Default Title,,,true,2026-08-16T10:46:22-05:00,2026-08-28T05:03:39.386Z,https://www.j4flowerhorns.com/products/high-quality-competition-grade-super-red-dragon-male-03-copy-1
j4-flowerhorns,High Quality Competition Grade Super Red Dragon Flowerhorn( Male ) 04,,,,199,,USD,Default Title,,,false,2026-08-16T10:45:27-05:00,2026-08-28T05:03:39.386Z,https://www.j4flowerhorns.com/products/high-quality-competition-grade-super-red-dragon-male-03-copy
j4-flowerhorns,High Quality Competition Grade Super Red Dragon Flowerhorn( Male ) 03,,,,199,,USD,Default Title,,,false,2026-08-16T10:44:41-05:00,2026-08-28T05:03:39.386Z,https://www.j4flowerhorns.com/products/high-quality-competition-grade-super-red-dragon-male-02-copy
j4-flowerhorns,High Quality Competition Grade Super Red Dragon Flowerhorn( Male ) 02,,,,199,,USD,Default Title,,,true,2026-08-16T10:42:01-05:00,2026-08-28T05:03:39.386Z,https://www.j4flowerhorns.com/products/high-quality-competition-grade-super-red-dragon-male-08-copy-1
j4-flowerhorns,High Quality Competition Grade Super Red Dragon Flowerhorn( Male ) 05,,,,199,,USD,Default Title,,,true,2026-08-16T10:37:53-05:00,2026-08-28T05:03:39.386Z,https://www.j4flowerhorns.com/products/high-quality-competition-grade-super-red-dragon-male-07-copy
j4-flowerhorns,High Quality Competition Grade Super Red Dragon Flowerhorn( Male ) 07,,,,199,,USD,Default Title,,,false,2026-08-16T10:37:02-05:00,2026-08-28T05:03:39.386Z,https://www.j4flowerhorns.com/products/high-quality-competition-grade-super-red-dragon-male-08-copy
j4-flowerhorns,High Quality Competition Grade Super Red Dragon ( Male ) 08,,,,199,,USD,Default Title,,,false,2026-08-16T10:35:50-05:00,2026-08-28T05:03:39.386Z,https://www.j4flowerhorns.com/products/high-quality-competition-grade-super-red-dragon-male-08
j4-flowerhorns,Baby ray,,,,300,,USD,Default Title,,,true,2026-08-14T17:34:05-05:00,2026-08-28T05:03:39.386Z,https://www.j4flowerhorns.com/products/baby-ray
j4-flowerhorns,Blue Neon Rasbora (Sundadanio axelrodi)  (6-Pack),,,Sundadanio axelrodi,30,,USD,Default Title,,,false,2026-08-12T20:57:24-05:00,2026-08-28T05:03:39.386Z,https://www.j4flowerhorns.com/products/blue-neon-rasbora-sundadanio-axelrodi-6-pack
j4-flowerhorns,Spotted Saddleback Loach (Homaloptera ocellata) (3-Pack),,,Homaloptera ocellata,60,,USD,Default Title,,,true,2026-08-09T16:05:10-05:00,2026-08-28T05:03:39.386Z,https://www.j4flowerhorns.com/products/spotted-saddleback-loach-homaloptera-ocellata-3-pack
j4-flowerhorns,Spotted Saddleback Loach (Homaloptera ocellata),,,Homaloptera ocellata,22,,USD,Default Title,,,true,2026-08-09T15:52:18-05:00,2026-08-28T05:03:39.386Z,https://www.j4flowerhorns.com/products/spotted-saddleback-loach-homaloptera-ocellata
j4-flowerhorns,L236 Super White Pleco,,,,249,,USD,Default Title,,,true,2026-08-09T14:38:02-05:00,2026-08-28T05:03:39.386Z,https://www.j4flowerhorns.com/products/l236-super-white-pleco
j4-flowerhorns,Albino Banana Arowana,,,,120,,USD,Default Title,,,true,2026-08-07T14:31:35-05:00,2026-08-28T05:03:39.386Z,https://www.j4flowerhorns.com/products/albino-banana-arowana
j4-flowerhorns,Red Cherry Rasbora (Rasbora lacrimula)  1”  (6-Pack),,,Rasbora lacrimula,40,,USD,Default Title,,,true,2026-08-06T21:30:54-05:00,2026-08-28T05:03:39.386Z,https://www.j4flowerhorns.com/products/red-cherry-rasbora-rasbora-lacrimula-1-6-pack
j4-flowerhorns,Volcano Rasbora (Rasbora vulcanus) 1-2” (6-Pack),,,Rasbora vulcanus,30,,USD,Default Title,,,true,2026-08-06T21:17:47-05:00,2026-08-28T05:03:39.386Z,https://www.j4flowerhorns.com/products/volcano-rasbora-rasbora-vulcanus-1-2-6-pack
j4-flowerhorns,Threadfin Rainbowfish (Iriatherina werneri)  1”  (3-Pack),,,Iriatherina werneri,20,,USD,Default Title,,,true,2026-08-06T21:00:11-05:00,2026-08-28T05:03:39.386Z,https://www.j4flowerhorns.com/products/threadfin-rainbowfish-iriatherina-werneri-1-3-pack
j4-flowerhorns,Electric Blue Acara 1”,sp_electric_blue_acara,common-name,,7.99,,USD,Default Title,,,true,2026-08-06T20:52:04-05:00,2026-08-28T05:03:39.386Z,https://www.j4flowerhorns.com/products/electric-blue-acara-1
j4-flowerhorns,Harlequin Rasbora (Trigonostigma heteromorpha)  10-Pack,,,Trigonostigma heteromorpha,36,,USD,Default Title,,,true,2026-08-06T20:45:14-05:00,2026-08-28T05:03:39.386Z,https://www.j4flowerhorns.com/products/harlequin-rasbora-trigonostigma-heteromorpha-10-pack
j4-flowerhorns,Harlequin Rasbora (Trigonostigma heteromorpha) 6-Pack,,,Trigonostigma heteromorpha,24,,USD,Default Title,,,true,2026-08-06T20:43:39-05:00,2026-08-28T05:03:39.386Z,https://www.j4flowerhorns.com/products/harlequin-rasbora-trigonostigma-heteromorpha-6-pack
j4-flowerhorns,White Fin Ornate Tetra (6-Pack),,,,25,,USD,Default Title,,,true,2026-08-06T20:36:07-05:00,2026-08-28T05:03:39.386Z,https://www.j4flowerhorns.com/products/white-fin-ornate-tetra-6-pack
j4-flowerhorns,Royal Farlowella Whiptail Catfish (Sturisomatichthys panamensis) 1-1.5”,,,Sturisomatichthys panamensis,9.99,,USD,Default Title,,,true,2026-08-06T20:29:01-05:00,2026-08-28T05:03:39.386Z,https://www.j4flowerhorns.com/products/royal-farlowella-whiptail-catfish-sturisomatichthys-panamensis-1-1-5
j4-flowerhorns,Blue Zebra Lyretail Diamond Eye Molly (3-Pack),,,,50,,USD,Default Title,,,true,2026-08-06T14:04:59-05:00,2026-08-28T05:03:39.386Z,https://www.j4flowerhorns.com/products/blue-zebra-lyretail-diamond-eye-molly-3-pack
j4-flowerhorns,Blue Zebra Lyretail Diamond Eye Molly,,,,18,,USD,Default Title,,,true,2026-08-06T14:03:46-05:00,2026-08-28T05:03:39.386Z,https://www.j4flowerhorns.com/products/blue-zebra-lyretail-diamond-eye-molly
j4-flowerhorns,Marble Angelfish,,,,7.99,,USD,Default Title,,,true,2026-08-06T13:27:59-05:00,2026-08-28T05:03:39.386Z,https://www.j4flowerhorns.com/products/marble-angelfish
j4-flowerhorns,"Geophagus Sveni  3""-4""",sp_geophagus_sveni,common-name,,65,,USD,Default Title,,,true,2026-08-05T11:28:49-05:00,2026-08-28T05:03:39.386Z,https://www.j4flowerhorns.com/products/geophagus-sveni-3-5
j4-flowerhorns,Red Spotted Severum,,,,24.99,,USD,Default Title,,,true,2026-08-05T11:26:07-05:00,2026-08-28T05:03:39.386Z,https://www.j4flowerhorns.com/products/red-spotted-severum
j4-flowerhorns,Red Honey Gourami (3-Pack),,,,15,,USD,Default Title,,,true,2026-08-04T22:11:54-05:00,2026-08-28T05:03:39.386Z,https://www.j4flowerhorns.com/products/red-honey-gourami-3-pack
j4-flowerhorns,Flowerhorn Grooming Tool (parrot ),,,,17.99,,USD,Default Title,,,true,2026-07-30T11:10:42-05:00,2026-08-28T05:03:39.386Z,https://www.j4flowerhorns.com/products/flowerhorn-grooming-tool-copy
j4-flowerhorns,Philippine Blue Angelfish 1.5-2” body,,,,15,,USD,Default Title,,,true,2026-07-28T23:06:21-05:00,2026-08-28T05:03:39.386Z,https://www.j4flowerhorns.com/products/philippine-blue-angelfish-1-5-2-body
j4-flowerhorns,Brilliant Red Tail Rasbora (Rasbora borapetensis) 0.5-1”  (10-Pack),,,Rasbora borapetensis,25,,USD,Default Title,,,true,2026-07-24T21:17:32-05:00,2026-08-28T05:03:39.386Z,https://www.j4flowerhorns.com/products/brilliant-red-tail-rasbora-rasbora-borapetensis-1-10-pack
j4-flowerhorns,Emerald Dwarf Rasbora (Celestichthys erythromicron) (10-Pack),,,Celestichthys erythromicron,36,,USD,Default Title,,,true,2026-07-24T21:13:29-05:00,2026-08-28T05:03:39.386Z,https://www.j4flowerhorns.com/products/emerald-dwarf-rasbora-celestichthys-erythromicron-10-pack
j4-flowerhorns,Emerald Dwarf Rasbora (Celestichthys erythromicron) (6-Pack),,,Celestichthys erythromicron,24,,USD,Default Title,,,true,2026-07-24T21:11:49-05:00,2026-08-28T05:03:39.386Z,https://www.j4flowerhorns.com/products/emerald-dwarf-rasbora-celestichthys-erythromicron-6-pack
j4-flowerhorns,Galaxy Rasbora / Celestial Pearl Danio (Celestichthys margaritatus) (6-Pack),,,Celestichthys margaritatus,24,,USD,Default Title,,,false,2026-07-24T21:05:23-05:00,2026-08-28T05:03:39.386Z,https://www.j4flowerhorns.com/products/galaxy-rasbora-celestial-pearl-danio-celestichthys-margaritatus-6-pack
j4-flowerhorns,Galaxy Rasbora / Celestial Pearl Danio (Celestichthys margaritatus) (10-Pack),,,Celestichthys margaritatus,36,,USD,Default Title,,,false,2026-07-24T21:03:16-05:00,2026-08-28T05:03:39.386Z,https://www.j4flowerhorns.com/products/galaxy-rasbora-celestial-pearl-danio-celestichthys-margaritatus-10-pack
j4-flowerhorns,Chili Rasbora (Boraras brigittae) (10-Pack),,,Boraras brigittae,40,,USD,Default Title,,,true,2026-07-24T20:27:48-05:00,2026-08-28T05:03:39.386Z,https://www.j4flowerhorns.com/products/chili-rasbora-boraras-brigittae-10-pack
j4-flowerhorns,Chili Rasbora (Boraras brigittae) (6-Pack),,,Boraras brigittae,25,,USD,Default Title,,,true,2026-07-24T20:26:26-05:00,2026-08-28T05:03:39.386Z,https://www.j4flowerhorns.com/products/chili-rasbora-boraras-brigittae-6-pack
j4-flowerhorns,Orange Venezuelan Cory (3-Pack),,,,25,,USD,Default Title,,,false,2026-07-16T17:50:56-05:00,2026-08-28T05:03:39.386Z,https://www.j4flowerhorns.com/products/orange-venezuelan-cory-3-pack
j4-flowerhorns,Albino Arulius Barb 2-3” (3-Pack),,,,40,,USD,Default Title,,,true,2026-07-15T23:19:01-05:00,2026-08-28T05:03:39.386Z,https://www.j4flowerhorns.com/products/albino-arulius-barb-2-3-3-pack
j4-flowerhorns,Banana Hifin Variatus Platy (3-Pack),,,,30,,USD,Default Title,,,true,2026-07-15T23:13:35-05:00,2026-08-28T05:03:39.386Z,https://www.j4flowerhorns.com/products/banana-hifin-variatus-platy-3-pack
j4-flowerhorns,Kohaku Lyretail Swordtail (3-Pack),,,,25,,USD,Default Title,,,true,2026-07-09T20:17:39-05:00,2026-08-28T05:03:39.386Z,https://www.j4flowerhorns.com/products/kohaku-lyretail-swordtail-3-pack
j4-flowerhorns,Kohaku Lyretail Swordtail,,,,9,,USD,Default Title,,,true,2026-07-09T20:16:26-05:00,2026-08-28T05:03:39.386Z,https://www.j4flowerhorns.com/products/kohaku-lyretail-swordtail
j4-flowerhorns,Geophagus sp. Rio Gurupi 3-4”,,,,55,,USD,Default Title,,,true,2026-07-09T13:30:31-05:00,2026-08-28T05:03:39.386Z,https://www.j4flowerhorns.com/products/geophagus-sp-rio-gurupi-3-4
j4-flowerhorns,Chocolate Cichlid (Hypselecara temporalis) 3”,,,Hypselecara temporalis,24.99,,USD,Default Title,,,true,2026-07-09T13:15:18-05:00,2026-08-28T05:03:39.386Z,https://www.j4flowerhorns.com/products/chocolate-cichlid-hypselecara-temporalis-2-3
j4-flowerhorns,Golden Red Stiphodon Goby (Stiphodon rutilaureus),,,Stiphodon rutilaureus,20,,USD,Default Title,,,true,2026-07-07T19:51:28-05:00,2026-08-28T05:03:39.386Z,https://www.j4flowerhorns.com/products/golden-red-stiphodon-goby-stiphodon-rutilaureus
j4-flowerhorns,Golden Black Goby (Stiphodon aureofuscus),,,Stiphodon aureofuscus,17,,USD,Default Title,,,true,2026-07-07T19:35:02-05:00,2026-08-28T05:03:39.386Z,https://www.j4flowerhorns.com/products/golden-black-goby-stiphodon-aureofuscus
j4-flowerhorns,Snakehead Gudgeon (Giuris margaritaceus) 7-8”,,,Giuris margaritaceus,89,,USD,Default Title,,,false,2026-07-07T19:23:30-05:00,2026-08-28T05:03:39.386Z,https://www.j4flowerhorns.com/products/snakehead-gudgeon-giuris-margaritaceus-7-8
j4-flowerhorns,Gastromyzon sp. SKO4 - Yellow Tail Borneo Hillstream Loach,sp_hillstream_loach,common-name,,20,,USD,Default Title,,,true,2026-07-07T18:56:20-05:00,2026-08-28T05:03:39.386Z,https://www.j4flowerhorns.com/products/gastromyzon-sp-sko4-yellow-tail-borneo-hillstream-loach
j4-flowerhorns,Gastromyzon scitulus - Borneo Hillstream Loach,sp_hillstream_loach,common-name,,12,,USD,Default Title,,,true,2026-07-07T18:47:04-05:00,2026-08-28T05:03:39.386Z,https://www.j4flowerhorns.com/products/gastromyzon-scitulus-southern-borneo-hillstream-loach
j4-flowerhorns,Gastromyzon sp. Imperial Red (Double Red Tail) Hillstream Loach,sp_hillstream_loach,common-name,,85,,USD,Default Title,,,true,2026-07-07T18:40:59-05:00,2026-08-28T05:03:39.386Z,https://www.j4flowerhorns.com/products/gastromyzon-sp-imperial-red-double-red-tail-hillstream-loach
j4-flowerhorns,Amano Shrimp 1-1.5” (10-Pack),,,,45,,USD,Default Title,,,true,2026-07-01T21:14:55-05:00,2026-08-28T05:03:39.386Z,https://www.j4flowerhorns.com/products/amano-shrimp-1-1-5-10-pack
j4-flowerhorns,Neolamprologus leleupi - Lemon Cichlid 1-1.5”,,,,14,,USD,Default Title,,,true,2026-07-01T17:27:59-05:00,2026-08-28T05:03:39.386Z,https://www.j4flowerhorns.com/products/neolamprologus-leleupi-lemon-cichlid-1-1-5
j4-flowerhorns,Kubotai / Neon Green Rasbora (Microdevario kubotai) (Pack of 10 fish),,,Microdevario kubotai,36,,USD,Default Title,,,false,2026-07-01T15:17:42-05:00,2026-08-28T05:03:39.386Z,https://www.j4flowerhorns.com/products/kubotai-neon-green-rasbora-microdevario-kubotai-pack-of-10-fish
j4-flowerhorns,Red Honey Gourami,,,,5.99,,USD,Default Title,,,true,2026-07-01T15:13:48-05:00,2026-08-28T05:03:39.386Z,https://www.j4flowerhorns.com/products/red-honey-gourami
j4-flowerhorns,Dwarf Neon Rainbowfish (Melanotaenia praecox) 1-1.5” (3-Pack),,,Melanotaenia praecox,20,,USD,Default Title,,,true,2026-07-01T15:12:09-05:00,2026-08-28T05:03:39.386Z,https://www.j4flowerhorns.com/products/dwarf-neon-rainbowfish-melanotaenia-praecox-1-1-5-3-pack
j4-flowerhorns,Dwarf Neon Rainbowfish (Melanotaenia praecox) 1-1.5”,,,Melanotaenia praecox,7.99,,USD,Default Title,,,true,2026-07-01T15:10:53-05:00,2026-08-28T05:03:39.386Z,https://www.j4flowerhorns.com/products/dwarf-neon-rainbowfish-melanotaenia-praecox-1-1-5
j4-flowerhorns,Phantom Glass Catfish (Kryptopterus vitreolus)             (3-Pack),,,Kryptopterus vitreolus,20,,USD,Default Title,,,false,2026-07-01T15:03:01-05:00,2026-08-28T05:03:39.386Z,https://www.j4flowerhorns.com/products/phantom-glass-catfish-kryptopterus-vitreolus-3-pack
j4-flowerhorns,Phantom Glass Catfish (Kryptopterus vitreolus),,,Kryptopterus vitreolus,7.99,,USD,Default Title,,,false,2026-07-01T15:01:03-05:00,2026-08-28T05:03:39.386Z,https://www.j4flowerhorns.com/products/phantom-glass-catfish-kryptopterus-vitreolus
j4-flowerhorns,"Gold Wolf Fish (Hoplerythrinus unitaeniatus) 5-6""",,,Hoplerythrinus unitaeniatus,59,,USD,Default Title,,,true,2026-06-29T18:42:47-05:00,2026-08-28T05:03:39.386Z,https://www.j4flowerhorns.com/products/gold-wolf-fish-hoplerythrinus-unitaeniatus-5-6
j4-flowerhorns,Kamfa ( F3 ) Flowerhorn Fry,,,,14.99,,USD,Default Title,,,true,2026-06-24T21:19:15-05:00,2026-08-28T05:03:39.386Z,https://www.j4flowerhorns.com/products/kamfa-f3-flowerhorn-fry
j4-flowerhorns,Golden Base Flowerhorn  Grade A ( Male ) - #14,,,,129,,USD,Default Title,,,true,2026-06-24T21:10:43-05:00,2026-08-28T05:03:39.386Z,https://www.j4flowerhorns.com/products/golden-base-flowerhorn-grade-a-male-10-copy
j4-flowerhorns,Kamfa 2 Tone Flowerhorn  Grade A ( Male ) - #8,,,,129,,USD,Default Title,,,false,2026-06-24T21:05:07-05:00,2026-08-28T05:03:39.386Z,https://www.j4flowerhorns.com/products/flowerhorn-grade-a-male-3-copy
j4-flowerhorns,Golden Base Flowerhorn  Grade A ( Male ) - #12,,,,129,,USD,Default Title,,,true,2026-06-24T21:01:12-05:00,2026-08-28T05:03:39.386Z,https://www.j4flowerhorns.com/products/golden-base-flowerhorn-grade-a-male-04-copy
j4-flowerhorns,Golden Base Flowerhorn  Grade A ( Male ) - #04,,,,149,,USD,Default Title,,,false,2026-06-24T21:00:02-05:00,2026-08-28T05:03:39.386Z,https://www.j4flowerhorns.com/products/golden-base-flowerhorn-grade-a-male-09-copy
j4-flowerhorns,L002 Tiger Pleco (Panaqolus sp.) 2”,,,,48,,USD,Default Title,,,true,2026-06-19T22:03:24-05:00,2026-08-28T05:03:39.386Z,https://www.j4flowerhorns.com/products/l002-tiger-pleco-panaqolus-sp-2
j4-flowerhorns,L075 Para Pleco (Peckoltia sabaji) 3”,,,Peckoltia sabaji,55,,USD,Default Title,,,false,2026-06-19T21:59:29-05:00,2026-08-28T05:03:39.386Z,https://www.j4flowerhorns.com/products/l075-para-pleco-peckoltia-sabaji-3-3-5
j4-flowerhorns,Vampire Shrimp 2-3” (Atya gabonensis),sp_vampire_shrimp,scientific-name,Atya gabonensis,21,,USD,Default Title,,,false,2026-06-19T21:07:30-05:00,2026-08-28T05:03:39.386Z,https://www.j4flowerhorns.com/products/vampire-shrimp-2-3-atya-gabonensis
j4-flowerhorns,Red Rainbow Wolf Fish 5-6”,sp_wolf_fish,common-name,,79.99,,USD,Default Title,,,false,2026-06-19T17:14:55-05:00,2026-08-28T05:03:39.386Z,https://www.j4flowerhorns.com/products/red-rainbow-wolf-fish-5-6
j4-flowerhorns,"Alien Betta, Turquoise (male)",,,,20,,USD,Default Title,,,false,2026-06-13T20:17:53-05:00,2026-08-28T05:03:39.386Z,https://www.j4flowerhorns.com/products/alien-betta-turquoise-male
j4-flowerhorns,"Alien Betta, Blue (male)",,,,20,,USD,Default Title,,,true,2026-06-13T20:15:25-05:00,2026-08-28T05:03:39.386Z,https://www.j4flowerhorns.com/products/alien-betta-blue-male
j4-flowerhorns,Turquoise Rainbowfish 2-2.5”  (Melanotaenia lacustris),,,Melanotaenia lacustris,9.99,,USD,Default Title,,,true,2026-06-13T15:01:56-05:00,2026-08-28T05:03:39.386Z,https://www.j4flowerhorns.com/products/turquoise-rainbowfish-2-2-5
j4-flowerhorns,Blue Tail Hillstream Loach (Gastromyzon sp. SK03),sp_hillstream_loach,common-name,,15,,USD,Default Title,,,true,2026-06-13T13:18:18-05:00,2026-08-28T05:03:39.386Z,https://www.j4flowerhorns.com/products/blue-tail-hillstream-loach-gastromyzon-sp-sk03
j4-flowerhorns,Golden Wonder Killifish (Aplocheilus lineatus),sp_golden_wonder_killifish,scientific-name,Aplocheilus lineatus,5,,USD,Default Title,,,true,2026-06-12T22:19:17-05:00,2026-08-28T05:03:39.386Z,https://www.j4flowerhorns.com/products/golden-wonder-killifish-aplocheilus-lineatus
j4-flowerhorns,Saddleback / Red Lizard Loach (Homaloptera orthogoniata) 4”,,,Homaloptera orthogoniata,22,,USD,Default Title,,,false,2026-06-12T22:14:58-05:00,2026-08-28T05:03:39.386Z,https://www.j4flowerhorns.com/products/saddleback-red-lizard-loach-homaloptera-orthogoniata-4
j4-flowerhorns,Black Ram (Mikrogeophagus ramirezi),,,Mikrogeophagus ramirezi,29.99,,USD,Default Title,,,false,2026-06-12T21:58:44-05:00,2026-08-28T05:03:39.386Z,https://www.j4flowerhorns.com/products/black-ram-mikrogeophagus-ramirezi
j4-flowerhorns,Veil Bulgarian Seal Point Angelfish,,,,25,,USD,Default Title,,,false,2026-06-12T21:38:20-05:00,2026-08-28T05:03:39.386Z,https://www.j4flowerhorns.com/products/veil-bulgarian-seal-point-angelfish
j4-flowerhorns,Koi Angelfish,,,,9.99,,USD,Default Title,,,false,2026-06-12T21:22:31-05:00,2026-08-28T05:03:39.386Z,https://www.j4flowerhorns.com/products/koi-angelfish-1
j4-flowerhorns,Platinum Angelfish,,,,7.99,,USD,Default Title,,,false,2026-06-12T21:16:38-05:00,2026-08-28T05:03:39.386Z,https://www.j4flowerhorns.com/products/platinum-angelfish
j4-flowerhorns,Panda Angelfish,,,,7.99,,USD,Default Title,,,false,2026-06-12T21:13:18-05:00,2026-08-28T05:03:39.386Z,https://www.j4flowerhorns.com/products/panda-angelfish
j4-flowerhorns,BLack Diamond Female,,,,750,,USD,Default Title,,,false,2026-05-25T14:55:34-05:00,2026-08-28T05:03:39.386Z,https://www.j4flowerhorns.com/products/black-diamond-female
j4-flowerhorns,Apistogramma macmasteri 1-1.5”,,,,14.99,,USD,Default Title,,,true,2026-05-24T18:45:24-05:00,2026-08-28T05:03:39.386Z,https://www.j4flowerhorns.com/products/apistogramma-macmasteri-1-1-5
j4-flowerhorns,Costae Tetra (6 Pack),,,,30,,USD,Default Title,,,true,2026-05-23T20:17:48-05:00,2026-08-28T05:03:39.386Z,https://www.j4flowerhorns.com/products/costae-tetra-6-pack
j4-flowerhorns,Betta channoides (Pair) wild-caught 1-1.5”,,,,60,,USD,Default Title,,,false,2026-05-23T20:13:48-05:00,2026-08-28T05:03:39.386Z,https://www.j4flowerhorns.com/products/betta-channoides-pair
j4-flowerhorns,Black Venezuelan Cory 2” (Osteogaster schultzei),,,Osteogaster schultzei,24.99,,USD,Default Title,,,true,2026-05-23T20:07:39-05:00,2026-08-28T05:03:39.386Z,https://www.j4flowerhorns.com/products/black-venezuelan-cory-2-osteogaster-schultzei
j4-flowerhorns,Gold Neon Dwarf Goby (Stiphodon percnopterygionus),,,Stiphodon percnopterygionus,24.99,,USD,Default Title,,,true,2026-05-23T20:02:49-05:00,2026-08-28T05:03:39.386Z,https://www.j4flowerhorns.com/products/gold-neon-dwarf-goby-stiphodon-percnopterygionus
j4-flowerhorns,Ember Tetra (10-Pack),,,,30,,USD,Default Title,,,false,2026-05-23T19:56:38-05:00,2026-08-28T05:03:39.386Z,https://www.j4flowerhorns.com/products/ember-tetra-10-pack
j4-flowerhorns,Venus Goby (Lentipes venustus) 1”,,,Lentipes venustus,20,,USD,Default Title,,,true,2026-05-23T15:37:27-05:00,2026-08-28T05:03:39.386Z,https://www.j4flowerhorns.com/products/venus-goby-lentipes-venustus-1
j4-flowerhorns,Geophagus winemilleri 2-3”,,,,19.99,,USD,Default Title,,,false,2026-05-23T12:52:57-05:00,2026-08-28T05:03:39.386Z,https://www.j4flowerhorns.com/products/geophagus-winemilleri-2-3
j4-flowerhorns,Red Head Tapajos (Geophagus pyrocephalus) 2”,,,Geophagus pyrocephalus,14.99,,USD,Default Title,,,false,2026-05-23T12:13:11-05:00,2026-08-28T05:03:39.386Z,https://www.j4flowerhorns.com/products/red-head-tapajos-geophagus-pyrocephalus-2
j4-flowerhorns,Hifin Rainbow Goby (Sicyopus cebuensis),,,Sicyopus cebuensis,20,,USD,Default Title,,,false,2026-05-22T23:17:23-05:00,2026-08-28T05:03:39.386Z,https://www.j4flowerhorns.com/products/hifin-rainbow-goby-sicyopus-cebuensis
j4-flowerhorns,Cherax sp. “Blue Moon” Papuan Crayfish,,,,29.99,,USD,Default Title,,,false,2026-05-22T23:04:07-05:00,2026-08-28T05:03:39.386Z,https://www.j4flowerhorns.com/products/cherax-sp-blue-moon-papuan-crayfish
j4-flowerhorns,Cherax peknyi “Zebra” Papuan Crayfish,,,,29.99,,USD,Default Title,,,true,2026-05-22T23:00:37-05:00,2026-08-28T05:03:39.386Z,https://www.j4flowerhorns.com/products/cherax-peknyi-zebra-papuan-crayfish
j4-flowerhorns,Cherax boesemani “Tricolor” Papuan Crayfish,,,,39.99,,USD,Default Title,,,false,2026-05-22T22:51:02-05:00,2026-08-28T05:03:39.386Z,https://www.j4flowerhorns.com/products/cherax-boesemani-tricolor-papuan-crayfish
j4-flowerhorns,Myleus cf. torquatus Silver Dollar 1”,,,,13.99,,USD,Default Title,,,true,2026-05-16T20:28:32-05:00,2026-08-28T05:03:39.386Z,https://www.j4flowerhorns.com/products/myleus-cf-torquatus-silver-dollar-1
j4-flowerhorns,Threadfin Goby (Sicyopterus longifilis),,,Sicyopterus longifilis,14.99,,USD,Default Title,,,false,2026-05-13T19:36:01-05:00,2026-08-28T05:03:39.386Z,https://www.j4flowerhorns.com/products/threadfin-goby-sicyopterus-longifilis
j4-flowerhorns,"Pearl Stingrays 6-7"" Females",,,,280,,USD,Default Title,,,false,2026-05-13T18:38:56-05:00,2026-08-28T05:03:39.386Z,https://www.j4flowerhorns.com/products/pearl-stingrays-6-7-males-copy
j4-flowerhorns,"Pearl Stingrays 6-7"" Males",,,,280,,USD,Default Title,,,false,2026-05-13T18:38:49-05:00,2026-08-28T05:03:39.386Z,https://www.j4flowerhorns.com/products/pearl-stingrays-6-7-males
j4-flowerhorns,Red Phantom Tetra (Hyphessobrycon sweglesi) 6-Pack,,,Hyphessobrycon sweglesi,25,,USD,Default Title,,,true,2026-05-12T23:00:36-05:00,2026-08-28T05:03:39.386Z,https://www.j4flowerhorns.com/products/red-phantom-tetra-hyphessobrycon-sweglesi-6-pack
j4-flowerhorns,Betta imbellis (male),,,,20,,USD,Default Title,,,false,2026-05-12T22:51:27-05:00,2026-08-28T05:03:39.386Z,https://www.j4flowerhorns.com/products/wild-betta-imbellis-male
j4-flowerhorns,White Claw Towuti Crab,,,,14.99,,USD,Default Title,,,true,2026-05-12T22:51:08-05:00,2026-08-28T05:03:39.386Z,https://www.j4flowerhorns.com/products/white-claw-towuti-crab
j4-flowerhorns,Red Lipstick Goby (Sicyopus rubicundus),,,Sicyopus rubicundus,11.99,,USD,Default Title,,,false,2026-05-12T22:50:48-05:00,2026-08-28T05:03:39.386Z,https://www.j4flowerhorns.com/products/red-lipstick-goby-sicyopus-rubicundus
j4-flowerhorns,Sanke Lyre Swordtail,,,,9,12,USD,Default Title,,,true,2026-05-12T22:50:27-05:00,2026-08-28T05:03:39.386Z,https://www.j4flowerhorns.com/products/sanke-lyre-swordtail
j4-flowerhorns,Slayer Red Rosy Barb,,,,9,,USD,Default Title,,,false,2026-05-12T22:48:35-05:00,2026-08-28T05:03:39.386Z,https://www.j4flowerhorns.com/products/untitled-apr25_20-32
j4-flowerhorns,Chilatherina sp. Upper Tor Rainbowfish (3-Pack),,,,50,,USD,Default Title,,,true,2026-05-12T22:46:58-05:00,2026-08-28T05:03:39.386Z,https://www.j4flowerhorns.com/products/chilatherina-sp-upper-tor-rainbowfish-3-pack
j4-flowerhorns,Black Phantom Tetra (6-Pack),,,,25,,USD,Default Title,,,true,2026-05-12T22:45:35-05:00,2026-08-28T05:03:39.386Z,https://www.j4flowerhorns.com/products/black-phantom-tetra-6-pack
j4-flowerhorns,"Thai Silk Flowerhorn ( Males ) 3-4""",,,,99,,USD,Default Title,,,true,2026-05-07T13:41:32-05:00,2026-08-28T05:03:39.386Z,https://www.j4flowerhorns.com/products/thai-silk-flowerhorn-male-34-copy
j4-flowerhorns,L81 Gold Nugget (Fine Spot) Pleco,,,,45,,USD,2-3 inch,2.5,in,false,2026-04-30T21:25:56-05:00,2026-08-28T05:03:39.386Z,https://www.j4flowerhorns.com/products/l81-gold-nugget-fine-spot-pleco
j4-flowerhorns,4 Bar Sumatra Datnoid 3”,,,,99,,USD,Default Title,,,true,2026-04-30T21:14:23-05:00,2026-08-28T05:03:39.386Z,https://www.j4flowerhorns.com/products/4-bar-sumatra-datnoid-2-5
j4-flowerhorns,Albino Arulius Barb 2-3”,,,,15,,USD,Default Title,,,true,2026-04-25T20:32:15-05:00,2026-08-28T05:03:39.386Z,https://www.j4flowerhorns.com/products/albino-arulius-barb-3
j4-flowerhorns,Spanner T Barb 2” (Barbodes lateristriga) Pack of 3 fish.,,,Barbodes lateristriga,20,,USD,Default Title,,,false,2026-04-25T20:25:20-05:00,2026-08-28T05:03:39.386Z,https://www.j4flowerhorns.com/products/spanner-t-barb-2-barbodes-lateristriga-pack-of-3-fish
j4-flowerhorns,"Premium Grade  Peacocks / Malawi Cichlids 3-4"" ( 6 Pack )",,,,300,,USD,Default Title,,,true,2026-04-15T15:41:37-05:00,2026-08-28T05:03:39.386Z,https://www.j4flowerhorns.com/products/premium-grade-peacocks-malawi-cichlids-3-4-3-pack-copy
j4-flowerhorns,"Premium Grade  Peacocks / Malawi Cichlids 3-4"" ( 3 Pack )",,,,150,,USD,Default Title,,,true,2026-04-15T15:40:56-05:00,2026-08-28T05:03:39.386Z,https://www.j4flowerhorns.com/products/premium-grade-peacocks-malawi-cichlids-3-4-copy
j4-flowerhorns,"Premium Grade  Peacocks / Malawi Cichlids 3-4""",,,,59,,USD,Default Title,,,true,2026-04-15T15:39:49-05:00,2026-08-28T05:03:39.386Z,https://www.j4flowerhorns.com/products/ob-peacocks-juveniles-1-2-copy
j4-flowerhorns,Black Diamond Stingray ( Male ) -01,,,,600,,USD,Default Title,,,false,2026-04-12T19:53:10-05:00,2026-08-28T05:03:39.386Z,https://www.j4flowerhorns.com/products/black-diamond-stingray-male-01
j4-flowerhorns,Black Diamond Stingray ( Male ) -02,,,,600,,USD,Default Title,,,false,2026-04-12T19:53:00-05:00,2026-08-28T05:03:39.386Z,https://www.j4flowerhorns.com/products/black-diamond-stingray-male-01-copy
j4-flowerhorns,Black Diamond Stingray ( Female ) -01,,,,600,,USD,Default Title,,,false,2026-04-12T19:52:48-05:00,2026-08-28T05:03:39.386Z,https://www.j4flowerhorns.com/products/black-diamond-stingray-male-02-copy
j4-flowerhorns,Black Diamond Stingray ( Female ) -02,,,,600,,USD,Default Title,,,false,2026-04-12T19:52:32-05:00,2026-08-28T05:03:39.386Z,https://www.j4flowerhorns.com/products/black-diamond-stingray-female-01-copy
j4-flowerhorns,Golden Base Stingray ( Female ) -02,,,,850,,USD,Default Title,,,false,2026-04-12T19:52:20-05:00,2026-08-28T05:03:39.386Z,https://www.j4flowerhorns.com/products/golden-base-stingray-female-02-copy
j4-flowerhorns,Golden Base Stingray ( Female ) -01,,,,850,,USD,Default Title,,,false,2026-04-12T19:52:11-05:00,2026-08-28T05:03:39.386Z,https://www.j4flowerhorns.com/products/golden-base-stingray-female-02-copy-1
j4-flowerhorns,Albino Pearl Stingray ( Female ) -03,,,,650,,USD,Default Title,,,false,2026-04-12T19:51:59-05:00,2026-08-28T05:03:39.386Z,https://www.j4flowerhorns.com/products/golden-base-stingray-female-01-copy
j4-flowerhorns,Albino Pearl Stingray ( Female ) -01,,,,650,,USD,Default Title,,,false,2026-04-12T19:51:49-05:00,2026-08-28T05:03:39.386Z,https://www.j4flowerhorns.com/products/albino-pearl-stingray-female-03-copy
j4-flowerhorns,Albino Pearl Stingray ( Female ) -02,,,,650,,USD,Default Title,,,false,2026-04-12T19:51:38-05:00,2026-08-28T05:03:39.386Z,https://www.j4flowerhorns.com/products/albino-pearl-stingray-female-01-copy
j4-flowerhorns,Albino Pearl Stingray ( Female ) -04,,,,650,,USD,Default Title,,,false,2026-04-12T19:50:00-05:00,2026-08-28T05:03:39.386Z,https://www.j4flowerhorns.com/products/albino-pearl-stingray-female-02-copy
j4-flowerhorns,Glowlight / Choprae Danio (10-Pack),,,,40,,USD,Default Title,,,true,2026-04-11T17:05:09-05:00,2026-08-28T05:03:39.386Z,https://www.j4flowerhorns.com/products/glowlight-choprae-danio-pack-of-6-fish
j4-flowerhorns,Amano Shrimp 1-1.5” (6-Pack),,,,30,,USD,Default Title,,,true,2026-04-11T11:12:51-05:00,2026-08-28T05:03:39.386Z,https://www.j4flowerhorns.com/products/amano-shrimp-1-6-pack
j4-flowerhorns,Red-Tailed Squirrel Loach (Aborichthys elongatus) -Pack of 3 fish,,,Aborichthys elongatus,20,,USD,Default Title,,,false,2026-04-10T21:09:28-05:00,2026-08-28T05:03:39.386Z,https://www.j4flowerhorns.com/products/red-tailed-squirrel-loach-aborichthys-elongatus-pack-of-3-fish
j4-flowerhorns,Golden Honey Gourami,,,,5.99,,USD,Default Title,,,false,2026-04-10T21:06:23-05:00,2026-08-28T05:03:39.386Z,https://www.j4flowerhorns.com/products/golden-honey-gourami
j4-flowerhorns,Black Kumpay Goby (Stiphodon atropurpureus),,,Stiphodon atropurpureus,12,,USD,Default Title,,,true,2026-04-10T21:00:35-05:00,2026-08-28T05:03:39.386Z,https://www.j4flowerhorns.com/products/black-kumpay-goby-stiphodon-atropurpureus
j4-flowerhorns,Reticulated Tiger Hillstream Loach (Sewellia lineolata),sp_hillstream_loach,scientific-name,Sewellia lineolata,12,,USD,Default Title,,,false,2026-04-10T20:47:34-05:00,2026-08-28T05:03:39.386Z,https://www.j4flowerhorns.com/products/reticulated-tiger-hillstream-loach-sewellia-lineolata
j4-flowerhorns,Rainbow Shiner (Notropis chrosomus) -Pack of 3 fish,,,Notropis chrosomus,30,,USD,Default Title,,,true,2026-04-10T20:43:59-05:00,2026-08-28T05:03:39.386Z,https://www.j4flowerhorns.com/products/rainbow-shiner-notropis-chrosomus-pack-of-3-fish
j4-flowerhorns,True Parrot Cichlid (Hoplarchus psittacus) 5”,sp_true_parrot_cichlid,scientific-name,Hoplarchus psittacus,95,,USD,Default Title,,,false,2026-04-10T20:37:37-05:00,2026-08-28T05:03:39.386Z,https://www.j4flowerhorns.com/products/true-parrot-cichlid-hoplarchus-psittacus-4-5
j4-flowerhorns,NTT Datnoids ( Northern Thailand Tigers ),,,,25,60,USD,"1-2""",1.5,in,false,2026-04-09T17:35:14-05:00,2026-08-28T05:03:39.386Z,https://www.j4flowerhorns.com/products/ntt-datnoids-northern-thailand-tigers-1-2
j4-flowerhorns,NTT Datnoids ( Northern Thailand Tigers ),,,,55,60,USD,"2.5.4""",,,false,2026-04-09T17:35:14-05:00,2026-08-28T05:03:39.386Z,https://www.j4flowerhorns.com/products/ntt-datnoids-northern-thailand-tigers-1-2
j4-flowerhorns,NTT Datnoids ( Northern Thailand Tigers ),,,,150,60,USD,"5-6""",5.5,in,false,2026-04-09T17:35:14-05:00,2026-08-28T05:03:39.386Z,https://www.j4flowerhorns.com/products/ntt-datnoids-northern-thailand-tigers-1-2
j4-flowerhorns,L91 Three Beacon Pleco 3-4”,,,,72,,USD,Default Title,,,true,2026-04-09T11:54:02-05:00,2026-08-28T05:03:39.386Z,https://www.j4flowerhorns.com/products/l91-three-beacon-pleco
j4-flowerhorns,Six Banded Barb (Desmopuntius hexazona) (pack of 6),,,Desmopuntius hexazona,30,,USD,Default Title,,,true,2026-04-08T20:19:49-05:00,2026-08-28T05:03:39.386Z,https://www.j4flowerhorns.com/products/six-banded-barb-desmopuntius-hexazona-pack-of-6
j4-flowerhorns,Crystal Parrot Cichlid 1”,,,,55,,USD,Default Title,,,false,2026-04-08T15:37:38-05:00,2026-08-28T05:03:39.386Z,https://www.j4flowerhorns.com/products/crystal-parrot-cichlid-1
j4-flowerhorns,Glowlight Rasbora (Trigonostigma hengeli) 10-Pack,,,Trigonostigma hengeli,30,,USD,Default Title,,,true,2026-04-05T18:45:51-05:00,2026-08-28T05:03:39.386Z,https://www.j4flowerhorns.com/products/glowlight-rasbora-10-pack
j4-flowerhorns,"Red Panda / Melon Barb (Haludaria fasciata) 2”, 3-Pack",,,Haludaria fasciata,20,,USD,Default Title,,,true,2026-04-05T18:39:06-05:00,2026-08-28T05:03:39.386Z,https://www.j4flowerhorns.com/products/red-panda-melon-barb-haludaria-fasciata-1-2-3-pack
j4-flowerhorns,Trifasciata Rainbowfish 3”,,,,14.99,,USD,Default Title,,,false,2026-04-05T18:30:54-05:00,2026-08-28T05:03:39.386Z,https://www.j4flowerhorns.com/products/trifasciata-rainbowfish-3
j4-flowerhorns,Giant Chocolate Gourami (Sphaerichthys acrostoma),,,Sphaerichthys acrostoma,9,,USD,Default Title,,,true,2026-04-04T21:31:57-05:00,2026-08-28T05:03:39.386Z,https://www.j4flowerhorns.com/products/giant-chocolate-gourami-sphaerichthys-acrostoma
j4-flowerhorns,Glass Knifefish 2”,,,,14.99,,USD,Default Title,,,false,2026-04-04T21:21:27-05:00,2026-08-28T05:03:39.386Z,https://www.j4flowerhorns.com/products/glass-knifefish
j4-flowerhorns,Ogilvie’s Lizard Loach (Homaloptera ogiliviei),,,Homaloptera ogiliviei,14.99,,USD,Default Title,,,false,2026-04-04T20:26:25-05:00,2026-08-28T05:03:39.386Z,https://www.j4flowerhorns.com/products/ogilvie-s-lizard-loach-homaloptera-ogiliviei
j4-flowerhorns,Half Black Veil Angelfish,,,,14.99,,USD,Default Title,,,false,2026-04-03T22:29:03-05:00,2026-08-28T05:03:39.386Z,https://www.j4flowerhorns.com/products/half-black-angelfish
j4-flowerhorns,Yellow Phantom Tetra (Hyphessobrycon roseus) 10-pack,,,Hyphessobrycon roseus,35,,USD,Default Title,,,true,2026-04-03T22:19:32-05:00,2026-08-28T05:03:39.386Z,https://www.j4flowerhorns.com/products/yellow-phantom-tetra-hyphessobrycon-roseus-10-pack
j4-flowerhorns,Tropical Carp / Sunburst Gudgeon (Hypseleotris cyprinoides),,,Hypseleotris cyprinoides,18,,USD,Default Title,,,true,2026-04-03T20:50:37-05:00,2026-08-28T05:03:39.386Z,https://www.j4flowerhorns.com/products/tropical-carp-sunburst-gudgeon-hypseleotris-cyprinoides
j4-flowerhorns,"Leopard corydoras 1""",,,,10,,USD,Default Title,,,false,2026-04-03T15:48:10-05:00,2026-08-28T05:03:39.386Z,https://www.j4flowerhorns.com/products/leopard-corydoras-1
j4-flowerhorns,Rummynose Tetras ( 10-Pack ),,,,40,,USD,Default Title,,,true,2026-04-03T15:46:03-05:00,2026-08-28T05:03:39.386Z,https://www.j4flowerhorns.com/products/rummynose-tetras-10-pack
j4-flowerhorns,White Cheek Goby (Rhinogobius cf. duospilus),,,,20,,USD,Default Title,,,false,2026-03-26T11:07:49-05:00,2026-08-28T05:03:39.386Z,https://www.j4flowerhorns.com/products/white-cheek-goby-rhinogobius-cf-duospilus
j4-flowerhorns,Knight Goby (Stigmatogobius sadanundio),sp_knight_goby,scientific-name,Stigmatogobius sadanundio,13.99,,USD,Default Title,,,false,2026-03-24T20:43:45-05:00,2026-08-28T05:03:39.386Z,https://www.j4flowerhorns.com/products/knight-goby-stigmatogobius-sadanundio
j4-flowerhorns,Javanese Ricefish (Oryzias javanicus) Pack of 6 fish,,,Oryzias javanicus,20,,USD,Default Title,,,false,2026-03-24T20:14:50-05:00,2026-08-28T05:03:39.386Z,https://www.j4flowerhorns.com/products/javanese-ricefish-oryzias-javanicus-pack-of-6-fish
j4-flowerhorns,Horseface Loach,,,,7.99,,USD,Default Title,,,true,2026-03-24T20:09:58-05:00,2026-08-28T05:03:39.386Z,https://www.j4flowerhorns.com/products/horseface-loach
j4-flowerhorns,Purple Parrot Cichlid (3-4”),,,,35,,USD,Default Title,,,false,2026-03-19T20:27:38-05:00,2026-08-28T05:03:39.386Z,https://www.j4flowerhorns.com/products/purple-parrot-cichlid-3-4
j4-flowerhorns,"Boesemani Rainbowfish (Wild, Lake Uter) 3”",,,,40,,USD,Default Title,,,false,2026-03-18T22:29:27-05:00,2026-08-28T05:03:39.386Z,https://www.j4flowerhorns.com/products/boesemani-rainbowfish-lake-uter-3
j4-flowerhorns,Banana Hifin Variatus Platy,,,,12,,USD,Default Title,,,true,2026-03-18T22:21:26-05:00,2026-08-28T05:03:39.386Z,https://www.j4flowerhorns.com/products/banana-hifin-variatus-platy
j4-flowerhorns,Apistogramma panduro 2”+ (male),,,,18,,USD,Default Title,,,false,2026-03-14T21:32:51-05:00,2026-08-28T05:03:39.386Z,https://www.j4flowerhorns.com/products/apistogramma-panduro-2-male
j4-flowerhorns,Annie’s Dwarf Goby (Stiphodon annieae),,,Stiphodon annieae,20,,USD,Default Title,,,false,2026-03-14T21:19:53-05:00,2026-08-28T05:03:39.386Z,https://www.j4flowerhorns.com/products/annie-s-dwarf-goby-stiphodon-annieae
j4-flowerhorns,Red Cheeked Sultan (Leptobarbus melanopterus),,,Leptobarbus melanopterus,14.99,,USD,Default Title,,,false,2026-03-14T21:04:49-05:00,2026-08-28T05:03:39.386Z,https://www.j4flowerhorns.com/products/red-cheeked-sultan-leptobarbus-melanopterus
j4-flowerhorns,Dark-Margined Flagtail (Kuhlia marginata) 2-3”,,,Kuhlia marginata,14.99,,USD,Default Title,,,false,2026-03-14T20:59:18-05:00,2026-08-28T05:03:39.386Z,https://www.j4flowerhorns.com/products/dark-margined-flagtail-kuhlia-marginata-2-3
j4-flowerhorns,Yellow Flagtail 2-2.5”,,,,21.99,,USD,Default Title,,,false,2026-03-14T20:48:09-05:00,2026-08-28T05:03:39.386Z,https://www.j4flowerhorns.com/products/yellow-flagtail-2-2-5
j4-flowerhorns,Albino Threadfin Acara (Acarichthys heckelii “albino”) 4”,,,,55,,USD,Default Title,,,false,2026-03-14T20:39:47-05:00,2026-08-28T05:03:39.386Z,https://www.j4flowerhorns.com/products/albino-threadfin-acara-acarichthys-heckelii-albino-4
j4-flowerhorns,Leopard Hillstream Loach (Gastromyzon sp. Leopard),sp_hillstream_loach,common-name,,20,,USD,Default Title,,,false,2026-03-13T21:31:20-05:00,2026-08-28T05:03:39.386Z,https://www.j4flowerhorns.com/products/leopard-hillstream-loach-gastromyzon-sp-leopard
j4-flowerhorns,Guilin Loach (Leptobotia cf. guilinensis) 2-3”,,,,18,,USD,Default Title,,,false,2026-03-13T21:28:50-05:00,2026-08-28T05:03:39.386Z,https://www.j4flowerhorns.com/products/guilin-loach-leptobotia-guilinensis-3
j4-flowerhorns,"Xanthic Golden Fire Eel 12-14""",,,,550,,USD,12-14,,,false,2026-03-13T21:14:19-05:00,2026-08-28T05:03:39.386Z,https://www.j4flowerhorns.com/products/xanthic-golden-fire-eel-12-14
j4-flowerhorns,Empire Gudgeon (Hypseleotris compressa) 2”,sp_empire_gudgeon,scientific-name,Hypseleotris compressa,18,,USD,Default Title,,,true,2026-03-13T21:07:07-05:00,2026-08-28T05:03:39.386Z,https://www.j4flowerhorns.com/products/empire-gudgeon-goby
j4-flowerhorns,Savanna Tetra (Hyphessobrycon stegemanni) (6-pack),,,Hyphessobrycon stegemanni,30,,USD,Default Title,,,true,2026-03-13T20:48:15-05:00,2026-08-28T05:03:39.386Z,https://www.j4flowerhorns.com/products/savanna-tetra-hyphessobrycon-stegemanni-6-pack
j4-flowerhorns,VATF TigerFish (Vittatus),,,,145,,USD,Default Title,,,false,2026-02-28T10:52:11-06:00,2026-08-28T05:03:39.386Z,https://www.j4flowerhorns.com/products/vatf-tigerfish-vittatus
j4-flowerhorns,L239 Blue Panaque,,,,40,,USD,3-4 inch,3.5,in,false,2026-02-28T10:51:26-06:00,2026-08-28T05:03:39.386Z,https://www.j4flowerhorns.com/products/l239-blue-panaque
j4-flowerhorns,Synodontis polli “White” 1”,,,,18,,USD,Default Title,,,false,2026-02-25T21:06:12-06:00,2026-08-28T05:03:39.386Z,https://www.j4flowerhorns.com/products/synodontis-polli-white-1
j4-flowerhorns,Banded Archer Fish (Toxotes jaculatrix),,,Toxotes jaculatrix,32,,USD,Default Title,,,false,2026-02-22T18:30:43-06:00,2026-08-28T05:03:39.386Z,https://www.j4flowerhorns.com/products/banded-archer-toxotes-jaculatrix
j4-flowerhorns,Shadow Catfish (Hyalobagrus flavus),,,Hyalobagrus flavus,15,,USD,Default Title,,,false,2026-02-22T18:19:59-06:00,2026-08-28T05:03:39.386Z,https://www.j4flowerhorns.com/products/shadow-catfish-hyalobagrus-flavus
j4-flowerhorns,Golden Leopard Hillstream Loach (Gastromyzon embalohensis),,,Gastromyzon embalohensis,40,,USD,Default Title,,,false,2026-02-22T18:14:04-06:00,2026-08-28T05:03:39.386Z,https://www.j4flowerhorns.com/products/golden-leopard-hillstream-loach-gastromyzon-embalohensis
j4-flowerhorns,Red Eyed Red Tail Puffer (Carinotetraodon irrubesco),,,Carinotetraodon irrubesco,20,,USD,Default Title,,,false,2026-02-22T18:08:24-06:00,2026-08-28T05:03:39.386Z,https://www.j4flowerhorns.com/products/red-eyed-red-tail-puffer-carinotetraodon-irrubesco
j4-flowerhorns,Samurai Gourami (Sphaerichthys vaillanti),,,Sphaerichthys vaillanti,12,,USD,Default Title,,,false,2026-02-21T20:51:18-06:00,2026-08-28T05:03:39.386Z,https://www.j4flowerhorns.com/products/samurai-gourami-sphaerichthys-vaillanti
j4-flowerhorns,Synergos Rainbowfish (Melanotaenia synergos),,,Melanotaenia synergos,40,,USD,Default Title,,,false,2026-02-21T20:49:12-06:00,2026-08-28T05:03:39.386Z,https://www.j4flowerhorns.com/products/synergos-rainbowfish-melanotaenia-synergos
j4-flowerhorns,Leichardti Arowana (Southern Saratoga) 4”,,,,450,,USD,Default Title,,,false,2026-02-18T20:13:07-06:00,2026-08-28T05:03:39.386Z,https://www.j4flowerhorns.com/products/leichardti-arowana-southern-saratoga
j4-flowerhorns,L306 Blood Red Tiger Pleco (Panaqolus claustellifer),,,Panaqolus claustellifer,99,,USD,Default Title,,,false,2026-02-18T19:59:30-06:00,2026-08-28T05:03:39.386Z,https://www.j4flowerhorns.com/products/l306-blood-red-tiger-pleco-panaqolus-claustellifer
j4-flowerhorns,"Tigrinus 5""",,,,275,,USD,Default Title,,,false,2026-02-16T11:17:28-06:00,2026-08-28T05:03:39.386Z,https://www.j4flowerhorns.com/products/tigrinus-5
j4-flowerhorns,Geophagus Winemilleri 1.5”,,,,14.99,,USD,Default Title,,,false,2026-02-11T20:03:54-06:00,2026-08-28T05:03:39.386Z,https://www.j4flowerhorns.com/products/geophagus-winemilleri-1-5
j4-flowerhorns,Tire Track Eel (Mastacembelus armatus) 3-4”,,,Mastacembelus armatus,24,,USD,Default Title,,,false,2026-02-08T16:04:11-06:00,2026-08-28T05:03:39.386Z,https://www.j4flowerhorns.com/products/tire-track-eel-3-4
j4-flowerhorns,Black Widow Frontosa 2”,,,,30,,USD,Default Title,,,false,2026-02-07T16:38:45-06:00,2026-08-28T05:03:39.386Z,https://www.j4flowerhorns.com/products/black-widow-frontosa-2
j4-flowerhorns,Neon Borneo Hillstream Loach (Gastromyzon lepidogaster),,,Gastromyzon lepidogaster,49.99,,USD,Default Title,,,false,2026-02-05T20:17:58-06:00,2026-08-28T05:03:39.386Z,https://www.j4flowerhorns.com/products/neon-borneo-hillstream-loach-gastromyzon-lepidogaster
j4-flowerhorns,Lemon Tetra (10-Pack),,,,35,,USD,Default Title,,,false,2026-02-05T20:12:50-06:00,2026-08-28T05:03:39.386Z,https://www.j4flowerhorns.com/products/lemon-tetra-10-pack
j4-flowerhorns,Short Body Red Tail Catfish 4”+,,,,250,,USD,Default Title,,,true,2026-02-05T17:10:19-06:00,2026-08-28T05:03:39.386Z,https://www.j4flowerhorns.com/products/shortbody-red-tail-catfish
j4-flowerhorns,Gertrude’s Spotted Blue Eye Rainbowfish (3-Pack),,,,20,,USD,Default Title,,,true,2026-02-04T20:05:58-06:00,2026-08-28T05:03:39.386Z,https://www.j4flowerhorns.com/products/gertrude-s-spotted-blue-eye-rainbowfish-3-pack
j4-flowerhorns,Papuan Red Goby (Lentipes cf. multiradiatus),,,,12,,USD,Default Title,,,false,2026-02-04T20:02:36-06:00,2026-08-28T05:03:39.386Z,https://www.j4flowerhorns.com/products/papuan-red-goby-lentipes-cf-multiradiatus
j4-flowerhorns,Drape Fin Barb 0.75-1” (Pack of 10 fish),,,,55,,USD,Default Title,,,false,2026-01-30T21:27:43-06:00,2026-08-28T05:03:39.386Z,https://www.j4flowerhorns.com/products/drape-fin-barb-0-75-1-pack-of-10-fish
j4-flowerhorns,Chilatherina sp. Upper Tor Rainbowfish 2-3”,,,,18,,USD,Default Title,,,true,2026-01-30T21:16:34-06:00,2026-08-28T05:03:39.386Z,https://www.j4flowerhorns.com/products/chilatherina-sp-upper-tor-rainbowfish-2
j4-flowerhorns,Tanganyika Killifish (Lamprichthys tanganicanus) 1”,,,Lamprichthys tanganicanus,18,,USD,Default Title,,,false,2026-01-30T21:04:48-06:00,2026-08-28T05:03:39.386Z,https://www.j4flowerhorns.com/products/tanganyika-killifish-lamprichthys-tanganicanus-1
j4-flowerhorns,Fire Parrot Cichlid,,,,60,,USD,Default Title,,,true,2026-01-30T17:33:24-06:00,2026-08-28T05:03:39.386Z,https://www.j4flowerhorns.com/products/fire-parrot-cichlid
j4-flowerhorns,Blood Red Dwarf Gourami,,,,6.99,,USD,Default Title,,,false,2026-01-29T21:32:40-06:00,2026-08-28T05:03:39.386Z,https://www.j4flowerhorns.com/products/blood-red-dwarf-gourami
j4-flowerhorns,Violet / Smudge-Spot Cory (Hoplisoma similis),,,Hoplisoma similis,9,,USD,Default Title,,,false,2026-01-29T21:28:35-06:00,2026-08-28T05:03:39.386Z,https://www.j4flowerhorns.com/products/violet-smudge-spot-cory-hoplisoma-similis
j4-flowerhorns,Panda Garra (Garra flavatra) 1” 3-Pack,,,Garra flavatra,20,,USD,Default Title,,,true,2026-01-29T21:24:19-06:00,2026-08-28T05:03:39.386Z,https://www.j4flowerhorns.com/products/panda-garra-garra-flavatra-1-1-5-3-pack
j4-flowerhorns,Bandit Cichlid (Guianacara dacrya) 1-2”,,,Guianacara dacrya,19.99,,USD,Default Title,,,true,2026-01-29T21:18:31-06:00,2026-08-28T05:03:39.386Z,https://www.j4flowerhorns.com/products/bandit-cichlid-guianacara-dacrya-1-2
j4-flowerhorns,Geophagus sp. Alto Sinu “Gold Dust Geo” 4-5”,,,,55,,USD,Default Title,,,false,2026-01-29T21:15:00-06:00,2026-08-28T05:03:39.386Z,https://www.j4flowerhorns.com/products/geophagus-sp-alto-sinu-gold-dust-geo-4-5
j4-flowerhorns,"Dragon Puffer Fish 3-4""",,,,45,,USD,Default Title,,,false,2026-01-29T20:51:22-06:00,2026-08-28T05:03:39.386Z,https://www.j4flowerhorns.com/products/dragon-puffer-fish-3-4
j4-flowerhorns,"Marbled Archer Fish 2"" (Toxotes siamensis)",,,Toxotes siamensis,28,,USD,Default Title,,,false,2026-01-29T20:41:24-06:00,2026-08-28T05:03:39.386Z,https://www.j4flowerhorns.com/products/archer-fish
j4-flowerhorns,Longfin Tiger Oscars,,,,25,,USD,"2-3""",2.5,in,true,2026-01-29T20:30:05-06:00,2026-08-28T05:03:39.386Z,https://www.j4flowerhorns.com/products/longfin-tiger-oscars
j4-flowerhorns,Melanotaenia Goldiei Kiura Rainbowfish,,,,14.99,,USD,Default Title,,,false,2026-01-23T20:42:26-06:00,2026-08-28T05:03:39.386Z,https://www.j4flowerhorns.com/products/melanotaenia-goldiei-kiura-rainbowfish
j4-flowerhorns,Borneo Giant Gourami (Osphronemus septemfasciatus) 2.5”,,,Osphronemus septemfasciatus,25,,USD,Default Title,,,false,2026-01-23T20:15:01-06:00,2026-08-28T05:03:39.386Z,https://www.j4flowerhorns.com/products/borneo-giant-gourami-osphronemus-septemfasciatus-2-5
j4-flowerhorns,Western Rainbowfish (Melanotaenia australis),,,Melanotaenia australis,15.99,,USD,Default Title,,,false,2026-01-23T20:10:17-06:00,2026-08-28T05:03:39.386Z,https://www.j4flowerhorns.com/products/western-rainbowfish-melanotaenia-australis
j4-flowerhorns,Albino Aeneus Cory,,,,5.99,,USD,Default Title,,,false,2026-01-23T17:27:19-06:00,2026-08-28T05:03:39.386Z,https://www.j4flowerhorns.com/products/albino-aeneus-cory
j4-flowerhorns,Red Line Rasbora (10 Pack),,,,30,40,USD,Default Title,,,true,2026-01-22T21:23:02-06:00,2026-08-28T05:03:39.386Z,https://www.j4flowerhorns.com/products/red-line-rasbora-10-pack
j4-flowerhorns,Caquetaia spectabilis (Basketmouth Cichlid) 3-4”,,,,25,,USD,Default Title,,,false,2026-01-22T21:09:47-06:00,2026-08-28T05:03:39.386Z,https://www.j4flowerhorns.com/products/caquetaia-spectabilis-basketmouth-cichlid-3-4
j4-flowerhorns,Dorado Catfish 4”,,,,180,,USD,Default Title,,,false,2026-01-22T20:51:14-06:00,2026-08-28T05:03:39.386Z,https://www.j4flowerhorns.com/products/untitled-jan22_20-31
j4-flowerhorns,Siamese Algae Eater (True SAE),,,,4.99,,USD,Default Title,,,true,2026-01-22T20:29:30-06:00,2026-08-28T05:03:39.386Z,https://www.j4flowerhorns.com/products/siamese-algae-eater-true-sae
j4-flowerhorns,Yellow Flying Fox (Paracrossochilus vittatus),,,Paracrossochilus vittatus,7.99,,USD,Default Title,,,true,2026-01-22T20:24:50-06:00,2026-08-28T05:03:39.386Z,https://www.j4flowerhorns.com/products/yellow-flying-fox-paracrossochilus-vittatus
j4-flowerhorns,Nannacara anomala - Golden Eye Dwarf Cichlid,,,,12,,USD,Default Title,,,false,2026-01-22T14:35:41-06:00,2026-08-28T05:03:39.386Z,https://www.j4flowerhorns.com/products/nannacara-anomala-golden-eye-dwarf-cichlid
j4-flowerhorns,Copei Tetra (Moenkhausia copei) - 6 Pack,,,Moenkhausia copei,30,,USD,Default Title,,,false,2026-01-22T14:22:21-06:00,2026-08-28T05:03:39.386Z,https://www.j4flowerhorns.com/products/copei-tetra-moenkhausia-copei-6-pack
j4-flowerhorns,Emperor Tetra (Nematobrycon palmeri) - 10 Pack,,,Nematobrycon palmeri,40,,USD,Default Title,,,false,2026-01-22T13:36:56-06:00,2026-08-28T05:03:39.386Z,https://www.j4flowerhorns.com/products/emperor-tetra-nematobrycon-palmeri-10-pack
j4-flowerhorns,female srd,,,,80,,USD,Default Title,,,false,2026-01-15T13:45:51-06:00,2026-08-28T05:03:39.386Z,https://www.j4flowerhorns.com/products/female-srd
j4-flowerhorns,Orange Venezuelan Corydoras,,,,9,,USD,Default Title,,,true,2025-12-20T14:43:46-06:00,2026-08-28T05:03:39.386Z,https://www.j4flowerhorns.com/products/orange-venezuelan-corydoras
j4-flowerhorns,srd male,,,,75,,USD,Default Title,,,false,2025-12-19T17:06:41-06:00,2026-08-28T05:03:39.386Z,https://www.j4flowerhorns.com/products/srd-male-1
j4-flowerhorns,"Leporinus Octomaculatus 3""",,,,11,22,USD,Default Title,,,true,2025-12-15T17:02:06-06:00,2026-08-28T05:03:39.386Z,https://www.j4flowerhorns.com/products/leporinus-octomaculatus-3
j4-flowerhorns,Dimetrodon Goby (Lentipes Dimetrodon),,,,40,,USD,Default Title,,,false,2025-12-15T13:35:27-06:00,2026-08-28T05:03:39.386Z,https://www.j4flowerhorns.com/products/goby
j4-flowerhorns,Guantheri Killifish (Nothobranchius guentheri) (3PACK),,,Nothobranchius guentheri,25,,USD,Default Title,,,false,2025-12-15T13:33:46-06:00,2026-08-28T05:03:39.386Z,https://www.j4flowerhorns.com/products/guantheri-killifish-nothobranchius-guentheri-3pack
j4-flowerhorns,Guantheri Killifish (Nothobranchius guentheri),,,Nothobranchius guentheri,9.99,,USD,Default Title,,,false,2025-12-15T13:33:18-06:00,2026-08-28T05:03:39.386Z,https://www.j4flowerhorns.com/products/guantheri-killifish-nothobranchius-guentheri
j4-flowerhorns,"Blue Botia (Botia modesta ) 1.5""-2""",,,Botia modesta,14.99,,USD,Default Title,,,false,2025-12-15T13:26:55-06:00,2026-08-28T05:03:39.386Z,https://www.j4flowerhorns.com/products/blue-botia-botia-modesta-1-5-2
j4-flowerhorns,Peacock Gudgeon (Tateurndina ocellicauda) .5-1”,sp_peacock_gudgeon,scientific-name,Tateurndina ocellicauda,9.99,12,USD,Default Title,,,true,2025-12-15T13:23:24-06:00,2026-08-28T05:03:39.386Z,https://www.j4flowerhorns.com/products/peacock-gudgeon-tateurundina-ocellicauda-1
j4-flowerhorns,Pygmy Corydoras (Corydoras Pygmaeus) (5PACK),,,,20,,USD,Default Title,,,true,2025-12-15T13:07:30-06:00,2026-08-28T05:03:39.386Z,https://www.j4flowerhorns.com/products/pygmy-corydoras-corydoras-pygmaeus-5pack
j4-flowerhorns,Pygmy Corydoras (Corydoras Pygmaeus),,,,4,,USD,Default Title,,,true,2025-12-15T13:06:46-06:00,2026-08-28T05:03:39.386Z,https://www.j4flowerhorns.com/products/pygmy-corydoras-corydoras-pygmaeus
j4-flowerhorns,"Rotkeil severum -Heros efasciatus 1.5""",,,,14.99,,USD,Default Title,,,false,2025-12-15T12:55:40-06:00,2026-08-28T05:03:39.386Z,https://www.j4flowerhorns.com/products/rotkeil-severum-heros-efasciatus-1-5
j4-flowerhorns,Flag Cichlid “Festivum” (Mesonauta Sp. Manapiare) 2”( 3PACK ),,,,30,,USD,Default Title,,,false,2025-12-15T12:52:48-06:00,2026-08-28T05:03:39.386Z,https://www.j4flowerhorns.com/products/american-flag-fish-festivum-mesonauta-sp-manapiare-1-5-copy
j4-flowerhorns,Flag Cichlid “Festivum” (Mesonauta Sp. Manapiare) 2”,,,,12,,USD,Default Title,,,false,2025-12-15T12:46:45-06:00,2026-08-28T05:03:39.386Z,https://www.j4flowerhorns.com/products/american-flag-cichlid-mesonauta-sp-manapiare-1-5
j4-flowerhorns,Black Emperor Tetras (Nematobrycon palmeri) (5PACK),,,Nematobrycon palmeri,20,,USD,Default Title,,,false,2025-12-15T12:33:14-06:00,2026-08-28T05:03:39.386Z,https://www.j4flowerhorns.com/products/black-emperor-tetras-inpaichthys-kerri-5pack
j4-flowerhorns,Purple/Blue Emperor Tetras ( 5 PACK ) Inpaichthys kerri,,,,20,,USD,Default Title,,,true,2025-12-15T12:24:17-06:00,2026-08-28T05:03:39.386Z,https://www.j4flowerhorns.com/products/blue-emperor-tetras-5-pack
j4-flowerhorns,Albino Congo Tetras 2”,,,,9,12,USD,Default Title,,,true,2025-12-14T13:48:35-06:00,2026-08-28T05:03:39.386Z,https://www.j4flowerhorns.com/products/albino-congo-tetras
j4-flowerhorns,"Yellow Striped Goby 1"" ( 3-Pack )",,,,30,,USD,Default Title,,,false,2025-12-14T13:47:25-06:00,2026-08-28T05:03:39.386Z,https://www.j4flowerhorns.com/products/yellow-striped-goby-1-3-pack
j4-flowerhorns,Clown Killifish ( 10 Pack ),,,,30,,USD,Default Title,,,false,2025-12-14T13:08:22-06:00,2026-08-28T05:03:39.386Z,https://www.j4flowerhorns.com/products/clown-killifish-1
j4-flowerhorns,Clown Killifish,,,,3,,USD,Default Title,,,false,2025-12-14T13:08:14-06:00,2026-08-28T05:03:39.386Z,https://www.j4flowerhorns.com/products/clown-killifish
j4-flowerhorns,"Pearl Gourami 1""",,,,3.99,,USD,Default Title,,,false,2025-12-14T12:49:18-06:00,2026-08-28T05:03:39.386Z,https://www.j4flowerhorns.com/products/pearl-gourami-1
j4-flowerhorns,"Blue Badis 1""",,,,10,,USD,Default Title,,,false,2025-12-14T12:46:36-06:00,2026-08-28T05:03:39.386Z,https://www.j4flowerhorns.com/products/blue-badis-1
j4-flowerhorns,Patrickyapi Rasboras 2”,,,,18,25,USD,Default Title,,,true,2025-12-14T12:39:32-06:00,2026-08-28T05:03:39.386Z,https://www.j4flowerhorns.com/products/patrickyapi-rasboras-2-3
j4-flowerhorns,Rasbora rheophila 2-3”,,,,12,,USD,Default Title,,,false,2025-12-14T12:32:38-06:00,2026-08-28T05:03:39.386Z,https://www.j4flowerhorns.com/products/rheophilla-rasboras-2-5-3
j4-flowerhorns,"Lepornius Arcus 4""",,,,18,,USD,Default Title,,,false,2025-12-14T12:17:39-06:00,2026-08-28T05:03:39.386Z,https://www.j4flowerhorns.com/products/lepornius-arcus-4
j4-flowerhorns,"Snakehead Gudgeons ( Goby ) 4-5""",,,,49,60,USD,Default Title,,,false,2025-12-12T15:23:26-06:00,2026-08-28T05:03:39.386Z,https://www.j4flowerhorns.com/products/snakehead-gudgeons-goby-3-4
j4-flowerhorns,"Golden Denisoni Roseline Sharks 2.5-3""",,,,55,,USD,Default Title,,,false,2025-12-12T11:13:48-06:00,2026-08-28T05:03:39.386Z,https://www.j4flowerhorns.com/products/golden-denisoni-roseline-sharks-2-5-3
j4-flowerhorns,L032 Aguaboa Ancistrus (Ancistrus aguaboensis),,,Ancistrus aguaboensis,20,,USD,Default Title,,,false,2025-11-30T13:01:35-06:00,2026-08-28T05:03:39.386Z,https://www.j4flowerhorns.com/products/l032-aguaboa-ancistrus-ancistrus-aguaboensis
j4-flowerhorns,"L034 Medusa Pleco 4""",,,,49,,USD,Default Title,,,false,2025-11-30T12:58:29-06:00,2026-08-28T05:03:39.386Z,https://www.j4flowerhorns.com/products/l034-medusa-pleco-4
j4-flowerhorns,"Snakeskin Oscar 2-3""",,,,24.99,,USD,Default Title,,,false,2025-11-30T12:50:51-06:00,2026-08-28T05:03:39.386Z,https://www.j4flowerhorns.com/products/snakeskin-oscar-2-3
j4-flowerhorns,"Royal Farlowella Whiptail Catfish ( Wild ) 3-4""",,,,18,,USD,Default Title,,,false,2025-11-30T10:45:39-06:00,2026-08-28T05:03:39.386Z,https://www.j4flowerhorns.com/products/royal-farlowella-whiptail-catfish-wild-3-4
j4-flowerhorns,Yellowstripe Goby (Mugilogobius chulae),,,Mugilogobius chulae,12,,USD,Default Title,,,true,2025-11-29T15:29:21-06:00,2026-08-28T05:03:39.386Z,https://www.j4flowerhorns.com/products/yellowstripe-goby-mugilogobius-chulae
j4-flowerhorns,"CW217 Corydoras 2""",,,,59,79.99,USD,Default Title,,,false,2025-11-27T12:17:09-06:00,2026-08-28T05:03:39.386Z,https://www.j4flowerhorns.com/products/cw217-corydoras-1-5-2
j4-flowerhorns,"Atabapo Red Pike Cichlid 7-8""",,,,95,,USD,Default Title,,,false,2025-11-27T09:16:34-06:00,2026-08-28T05:03:39.386Z,https://www.j4flowerhorns.com/products/atabapo-red-pike-cichlid-3
j4-flowerhorns,"Fahaka Puffer 1""",,,,24.99,,USD,Default Title,,,true,2025-11-25T11:00:21-06:00,2026-08-28T05:03:39.386Z,https://www.j4flowerhorns.com/products/fahaka-puffer
j4-flowerhorns,"Signifer Rainbowfish 1"" ( 3 Pack )",,,,20,,USD,Default Title,,,false,2025-11-24T12:32:55-06:00,2026-08-28T05:03:39.386Z,https://www.j4flowerhorns.com/products/signifer-rainbowfish-1-3-pack
j4-flowerhorns,Shorbody Hifin Caroline Platy (3pack),,,,20,,USD,Default Title,,,false,2025-11-24T12:11:41-06:00,2026-08-28T05:03:39.386Z,https://www.j4flowerhorns.com/products/shorbody-hifin-caroline-platy-3pack
j4-flowerhorns,Shorbody Hifin Caroline Platy,,,,7.99,,USD,Default Title,,,false,2025-11-24T12:11:27-06:00,2026-08-28T05:03:39.386Z,https://www.j4flowerhorns.com/products/shorbody-hifin-caroline-platy
j4-flowerhorns,"Furcata Rainbowfish 1"" (3pack)",,,,20,,USD,Default Title,,,false,2025-11-24T12:08:19-06:00,2026-08-28T05:03:39.386Z,https://www.j4flowerhorns.com/products/furcata-rainbowfish-1-3pack
j4-flowerhorns,"Furcata Rainbowfish 1""",,,,7.99,,USD,Default Title,,,false,2025-11-24T12:08:05-06:00,2026-08-28T05:03:39.386Z,https://www.j4flowerhorns.com/products/furcata-rainbowfish-1
j4-flowerhorns,"Teugelsi Bichir 3-4""",sp_teugelsi_bichir,common-name,,40,,USD,Default Title,,,false,2025-11-24T12:00:54-06:00,2026-08-28T05:03:39.386Z,https://www.j4flowerhorns.com/products/teugelsi-bichir-3-4
j4-flowerhorns,"Red Neon Blue Eye (“Paskai”) Rainbowfish 1"" (3Pack)         (Pseudomugil luminatus)",,,Pseudomugil luminatus,20,,USD,Default Title,,,false,2025-11-24T11:45:08-06:00,2026-08-28T05:03:39.386Z,https://www.j4flowerhorns.com/products/paskai-rainbowfish-1-3pack
j4-flowerhorns,Panther Crabs,,,,14.99,,USD,Default Title,,,true,2025-11-24T11:41:13-06:00,2026-08-28T05:03:39.386Z,https://www.j4flowerhorns.com/products/panther-crabs
j4-flowerhorns,Yoyo Loach 1.5-2” (3Pack),,,,20,,USD,Default Title,,,true,2025-11-24T11:36:20-06:00,2026-08-28T05:03:39.386Z,https://www.j4flowerhorns.com/products/yoyo-loach-1-5-3pack
j4-flowerhorns,Denison Barb ( Roseline Shark ) 3-Pack,,,,30,,USD,Default Title,,,false,2025-11-24T11:35:31-06:00,2026-08-28T05:03:39.386Z,https://www.j4flowerhorns.com/products/denison-barb-roseline-shark-3-pack
j4-flowerhorns,Denison Barb ( Roseline Shark ),,,,12,,USD,Default Title,,,true,2025-11-24T11:34:57-06:00,2026-08-28T05:03:39.386Z,https://www.j4flowerhorns.com/products/denison-barb-roseline-shark
j4-flowerhorns,Bloody Mary Hillstream Loaches ( 3Pack ),,,,40,,USD,Default Title,,,true,2025-11-24T11:03:39-06:00,2026-08-28T05:03:39.386Z,https://www.j4flowerhorns.com/products/bloody-mary-hillstream-loaches-3pack
j4-flowerhorns,"Kuhli Loach 2"" ( 5-Pack )",,,,20,,USD,Default Title,,,true,2025-11-24T10:55:56-06:00,2026-08-28T05:03:39.386Z,https://www.j4flowerhorns.com/products/khuli-loach-2-5-pack
j4-flowerhorns,"Apistogramma Borellii “Yellow” 1""",,,,14.99,,USD,Default Title,,,false,2025-11-24T10:55:23-06:00,2026-08-28T05:03:39.386Z,https://www.j4flowerhorns.com/products/apistogramma-borellii-1
j4-flowerhorns,"Albino Red Cap Angels 2""",,,,24.99,,USD,Default Title,,,false,2025-11-24T10:50:26-06:00,2026-08-28T05:03:39.386Z,https://www.j4flowerhorns.com/products/albino-red-cap-angels-2
j4-flowerhorns,"Synodontis Petricola ( Dwarf ) 1.5"" ( 3-Pack )",,,,20,,USD,Default Title,,,true,2025-11-24T10:44:58-06:00,2026-08-28T05:03:39.386Z,https://www.j4flowerhorns.com/products/synodontis-petricola-dwarf-1-5-3-pack
j4-flowerhorns,"Synodontis Petricola ( Dwarf ) 1.5""",,,,7,,USD,Default Title,,,true,2025-11-24T10:44:35-06:00,2026-08-28T05:03:39.386Z,https://www.j4flowerhorns.com/products/synodontis-petricola-dwarf-1-5
j4-flowerhorns,"Albino Alligator Gar 14""",,,,649,,USD,Default Title,,,false,2025-11-24T10:40:09-06:00,2026-08-28T05:03:39.386Z,https://www.j4flowerhorns.com/products/albino-alligator-gar-11-12
j4-flowerhorns,Black Diamond Hybrid Stingray Female 01,,,,320,,USD,Default Title,,,false,2025-11-23T10:42:24-06:00,2026-08-28T05:03:39.386Z,https://www.j4flowerhorns.com/products/black-diamond-hybrid-stingray-female-02
j4-flowerhorns,"Rope Fish 12""",,,,28,,USD,Default Title,,,false,2025-11-13T12:37:34-06:00,2026-08-28T05:03:39.386Z,https://www.j4flowerhorns.com/products/rope-fish-12
j4-flowerhorns,"Albino Giant Gourami 2""",,,,25,,USD,Default Title,,,false,2025-11-12T11:07:45-06:00,2026-08-28T05:03:39.386Z,https://www.j4flowerhorns.com/products/albino-giant-gourami-2
j4-flowerhorns,"Electric Eel 12""",,,,249,,USD,Default Title,,,false,2025-11-12T11:06:39-06:00,2026-08-28T05:03:39.386Z,https://www.j4flowerhorns.com/products/electric-eel-12
j4-flowerhorns,"Giraffe Catfish  (Auchenoglanis occidentalis) 2-3""",,,Auchenoglanis occidentalis,50,,USD,Default Title,,,false,2025-11-12T10:57:52-06:00,2026-08-28T05:03:39.386Z,https://www.j4flowerhorns.com/products/giraffe-catfish-4-5
j4-flowerhorns,"Elephant Nose ( Gnathomus Petersii ) 4-5""",,,,35,,USD,Default Title,,,false,2025-11-12T10:45:33-06:00,2026-08-28T05:03:39.386Z,https://www.j4flowerhorns.com/products/elephant-nose-gnathomus-petersii-4-5
j4-flowerhorns,"Coal Grunter 4""",,,,55,,USD,Default Title,,,false,2025-11-11T17:41:07-06:00,2026-08-28T05:03:39.386Z,https://www.j4flowerhorns.com/products/coal-grunter-4
j4-flowerhorns,"Gold Synodontis Nigrita Catfish 2.5""",,,,29,,USD,Default Title,,,false,2025-11-07T06:46:57-06:00,2026-08-28T05:03:39.386Z,https://www.j4flowerhorns.com/products/gold-synodontis-nigrita-catfish-1-2-1-5
j4-flowerhorns,"Golden Trunkhead Catfish ( Cryptarius truncatus ) 2-3""",,,Cryptarius truncatus,50,,USD,Default Title,,,false,2025-11-05T13:21:39-06:00,2026-08-28T05:03:39.386Z,https://www.j4flowerhorns.com/products/golden-trunkhead-catfish-cryptarius-truncatus-2-3
j4-flowerhorns,"Glytothorax Platypogon 2-3""",,,,40,,USD,Default Title,,,false,2025-11-05T13:10:59-06:00,2026-08-28T05:03:39.386Z,https://www.j4flowerhorns.com/products/glytothorax-platypogon-2-3
j4-flowerhorns,"Golden Bahia Kelberi Peacock Bass 5-6""",,,,95,95,USD,Default Title,,,false,2025-10-31T13:54:54-05:00,2026-08-28T05:03:39.386Z,https://www.j4flowerhorns.com/products/golden-bahia-kelberi-peacock-bass-5-6
j4-flowerhorns,3 Bar Datnoid,,,,450,,USD,Default Title,,,false,2025-10-30T17:00:24-05:00,2026-08-28T05:03:39.386Z,https://www.j4flowerhorns.com/products/3-bar-datnoid
j4-flowerhorns,"L134  Leopard Frog Pleco 1.5-2""",,,,85,,USD,Default Title,,,false,2025-10-17T19:03:46-05:00,2026-08-28T05:03:39.386Z,https://www.j4flowerhorns.com/products/untitled-oct16_18-41
j4-flowerhorns,"Black Arowanas 5-6""",,,,180,0,USD,Default Title,,,true,2025-10-16T03:50:19-05:00,2026-08-28T05:03:39.386Z,https://www.j4flowerhorns.com/products/black-arowanas-5-6
j4-flowerhorns,"MBU Puffer 1""",,,,220,,USD,Default Title,,,false,2025-10-16T03:49:22-05:00,2026-08-28T05:03:39.386Z,https://www.j4flowerhorns.com/products/mbu-puffer
j4-flowerhorns,Yellow Spotted Rabbit Snails ( Tyloemelania Towutica ),,,,5.99,,USD,Default Title,,,false,2025-10-10T12:28:37-05:00,2026-08-28T05:03:39.386Z,https://www.j4flowerhorns.com/products/yellow-spotted-rabbit-snails-tyloemelania-towutica
j4-flowerhorns,Yellow Spotted Rabbit Snails ( Tyloemelania Towutica ) ( 5pack + 1  FREE),,,,25,,USD,Default Title,,,false,2025-10-10T12:28:10-05:00,2026-08-28T05:03:39.386Z,https://www.j4flowerhorns.com/products/yellow-spotted-rabbit-snails-tyloemelania-towutica-5pack-1-free
j4-flowerhorns,Zebra Nerite Snails ( 10 pack + 1 Free ),,,,40,,USD,Default Title,,,false,2025-10-10T12:24:14-05:00,2026-08-28T05:03:39.386Z,https://www.j4flowerhorns.com/products/zebra-nerite-snails-10-pack-1-free
j4-flowerhorns,"Black Venezuelan Corydoras 1""",,,,20,,USD,Default Title,,,false,2025-10-10T12:17:34-05:00,2026-08-28T05:03:39.386Z,https://www.j4flowerhorns.com/products/black-venezuelan-corydoras-1
j4-flowerhorns,"Jumbo Sterbai Corydora 2""",,,,20,,USD,Default Title,,,false,2025-10-10T12:15:23-05:00,2026-08-28T05:03:39.386Z,https://www.j4flowerhorns.com/products/jumbo-sterbai-corydora-1-5-2
j4-flowerhorns,"Scarlet Badis -  Dario dario  1""",,,,15,,USD,1 FISH,,,false,2025-10-10T12:05:15-05:00,2026-08-28T05:03:39.386Z,https://www.j4flowerhorns.com/products/scarlet-badis-1
j4-flowerhorns,"Scarlet Badis -  Dario dario  1""",,,,42,,USD,3-PACK,,,false,2025-10-10T12:05:15-05:00,2026-08-28T05:03:39.386Z,https://www.j4flowerhorns.com/products/scarlet-badis-1
j4-flowerhorns,Tuxedo Veiltail Sword,,,,19.99,,USD,Default Title,,,false,2025-10-10T12:03:20-05:00,2026-08-28T05:03:39.386Z,https://www.j4flowerhorns.com/products/tuxedo-veiltail-sword
j4-flowerhorns,"Rainbow Stiphodon Goby 2.5""",,,,12,,USD,Default Title,,,false,2025-10-10T12:01:52-05:00,2026-08-28T05:03:39.386Z,https://www.j4flowerhorns.com/products/rainbow-goby-2-5
j4-flowerhorns,Serpent Loach,,,,7,,USD,Default Title,,,false,2025-10-10T11:58:51-05:00,2026-08-28T05:03:39.386Z,https://www.j4flowerhorns.com/products/serpent-loach
j4-flowerhorns,Gold Ram (Mikrogeophagus ramirezi),,,Mikrogeophagus ramirezi,9,,USD,1-FISH,,,false,2025-10-10T11:51:24-05:00,2026-08-28T05:03:39.386Z,https://www.j4flowerhorns.com/products/german-gold-rams
j4-flowerhorns,Gold Ram (Mikrogeophagus ramirezi),,,Mikrogeophagus ramirezi,25,,USD,3-PACK,,,true,2025-10-10T11:51:24-05:00,2026-08-28T05:03:39.386Z,https://www.j4flowerhorns.com/products/german-gold-rams
j4-flowerhorns,"Thin Bar Silver Dollar Fish 2-2.5""",,,,25,,USD,Default Title,,,false,2025-10-10T11:46:26-05:00,2026-08-28T05:03:39.386Z,https://www.j4flowerhorns.com/products/thin-bar-silver-dollar-fish-2-2-5
j4-flowerhorns,"Leopard Bush Fish 3-4""",,,,24.99,,USD,Default Title,,,false,2025-10-10T11:44:50-05:00,2026-08-28T05:03:39.386Z,https://www.j4flowerhorns.com/products/leopard-bush-fish-3-4
j4-flowerhorns,"Pink Petricola Synodontis Catfish 1""",,,,7,,USD,Default Title,,,false,2025-10-10T09:42:59-05:00,2026-08-28T05:03:39.386Z,https://www.j4flowerhorns.com/products/pink-petricola-synodontis-catfish-1
j4-flowerhorns,"Red Cap Tricolor Goldfish 4-5""",,,,75,,USD,Default Title,,,false,2025-09-30T18:53:38-05:00,2026-08-28T05:03:39.386Z,https://www.j4flowerhorns.com/products/red-cap-tricolor-goldfish-4-5
j4-flowerhorns,"Calico Ranchu Goldfish 4""",,,,45,65,USD,Default Title,,,false,2025-09-30T18:51:32-05:00,2026-08-28T05:03:39.386Z,https://www.j4flowerhorns.com/products/calico-ranchu-goldfish-4
j4-flowerhorns,Super Red Dragon Flowerhorn ( Female ),,,,100,,USD,Default Title,,,true,2025-09-26T12:22:00-05:00,2026-08-28T05:03:39.386Z,https://www.j4flowerhorns.com/products/super-red-dragon-flowerhorn-female
j4-flowerhorns,"Short-Tailed PipeFish 4""-5""",,,,24,,USD,Default Title,,,false,2025-09-18T18:30:48-05:00,2026-08-28T05:03:39.386Z,https://www.j4flowerhorns.com/products/short-tailed-pipefish-4-5
j4-flowerhorns,"Longnose Whiptail Catfish (Sturisoma barbatum) 4""",,,Sturisoma barbatum,14.99,,USD,Default Title,,,false,2025-09-18T18:13:33-05:00,2026-08-28T05:03:39.386Z,https://www.j4flowerhorns.com/products/longnose-whiptail-catfish-sturisoma-barbatum-4
j4-flowerhorns,Chilli Red Oscars 2-3”,,,,25,,USD,Default Title,,,true,2025-09-18T18:09:07-05:00,2026-08-28T05:03:39.386Z,https://www.j4flowerhorns.com/products/chilli-red-oscars-3
j4-flowerhorns,"Gold Laser Corydoras .5-1""",,,,14.99,,USD,Default Title,,,false,2025-09-18T18:03:21-05:00,2026-08-28T05:03:39.386Z,https://www.j4flowerhorns.com/products/gold-laser-corydoras-5-1
j4-flowerhorns,Clown Angelfish  Medium,,,,7.99,,USD,Default Title,,,false,2025-09-18T17:55:06-05:00,2026-08-28T05:03:39.386Z,https://www.j4flowerhorns.com/products/clown-angelfish-medium
j4-flowerhorns,Blue Pinoy Angelfish,,,,7.99,,USD,Default Title,,,false,2025-09-18T17:53:24-05:00,2026-08-28T05:03:39.386Z,https://www.j4flowerhorns.com/products/blue-pinoy-angelfish
j4-flowerhorns,"Sveni Eartheater Rio 1""",sp_geophagus_sveni,alias,,9.99,,USD,Default Title,,,false,2025-09-18T17:40:01-05:00,2026-08-28T05:03:39.386Z,https://www.j4flowerhorns.com/products/sveni-eartheater-rio-1
j4-flowerhorns,"L104 Clown Pleco 1-2""",,,,12,,USD,Default Title,,,false,2025-09-18T16:33:53-05:00,2026-08-28T05:03:39.386Z,https://www.j4flowerhorns.com/products/l104-clown-pleco-1-2
j4-flowerhorns,"L190 Royal Pleco 4-5""",,,,45,,USD,Default Title,,,false,2025-09-18T16:26:57-05:00,2026-08-28T05:03:39.386Z,https://www.j4flowerhorns.com/products/l190-royal-pleco
j4-flowerhorns,"Bolivian Rams 1"" (3Pack)",,,,20,,USD,Default Title,,,true,2025-09-01T11:08:10-05:00,2026-08-28T05:03:39.386Z,https://www.j4flowerhorns.com/products/bolivian-rams-1-3pack
j4-flowerhorns,"Freshwater Dolphin Fish ( Mormyrus cf Longirostris ) 2-3"" ( 3 Pack )",,,,60,,USD,Default Title,,,false,2025-09-01T11:05:13-05:00,2026-08-28T05:03:39.386Z,https://www.j4flowerhorns.com/products/freshwater-dolphin-fish-mormyrus-cf-longirostris-2-3
j4-flowerhorns,"Blood Red Lyretail 2""",,,,7,,USD,Default Title,,,false,2025-09-01T11:02:39-05:00,2026-08-28T05:03:39.386Z,https://www.j4flowerhorns.com/products/blood-red-lyretail-2
j4-flowerhorns,"Leporinus Fasciatus 1-1.5"" ( 3-Pack )",,,,20,,USD,Default Title,,,false,2025-09-01T10:58:40-05:00,2026-08-28T05:03:39.386Z,https://www.j4flowerhorns.com/products/leporinus-fasciatus-1-1-5-3-pack
j4-flowerhorns,Congo Tetras 2” 3-Pack,,,,20,,USD,Default Title,,,true,2025-09-01T10:57:43-05:00,2026-08-28T05:03:39.386Z,https://www.j4flowerhorns.com/products/congo-tetras-1-2-3-pack-1
j4-flowerhorns,"Motoro Stingrays 4-5""",,,,199,,USD,Default Title,,,false,2025-09-01T10:53:19-05:00,2026-08-28T05:03:39.386Z,https://www.j4flowerhorns.com/products/motoro-stingrays-4-5
j4-flowerhorns,"Tinfoil Barbs 4-5""",,,,29,,USD,Default Title,,,false,2025-09-01T10:48:15-05:00,2026-08-28T05:03:39.386Z,https://www.j4flowerhorns.com/products/tinfoil-barbs-4-5
j4-flowerhorns,"Black Ink Barb 3""",,,,18,,USD,Default Title,,,false,2025-09-01T10:46:22-05:00,2026-08-28T05:03:39.386Z,https://www.j4flowerhorns.com/products/black-ink-barb-3
j4-flowerhorns,"Pigeon Discus 3.5""-4""",,,,89,,USD,Default Title,,,false,2025-09-01T10:38:31-05:00,2026-08-28T05:03:39.386Z,https://www.j4flowerhorns.com/products/pigeon-discus-3-5-4
j4-flowerhorns,"Blue Diamond 2.5-3"" ( Body )",,,,59,,USD,Default Title,,,false,2025-09-01T10:37:16-05:00,2026-08-28T05:03:39.386Z,https://www.j4flowerhorns.com/products/blue-diamond-2-5-3-body
j4-flowerhorns,"Longfin Snow White Bristlenose Pleco .5-1""",sp_bristlenose_pleco,common-name,,49,,USD,Default Title,,,false,2025-08-16T09:09:27-05:00,2026-08-28T05:03:39.386Z,https://www.j4flowerhorns.com/products/longfin-snow-white-bristlenose-pleco-1-2
j4-flowerhorns,"Platinum Tiger Shovelnose Catfish 7-8""",,,,1799,,USD,Default Title,,,true,2025-07-27T16:04:48-05:00,2026-08-28T05:03:39.386Z,https://www.j4flowerhorns.com/products/platinum-tiger-shovelnose-catfish-8
j4-flowerhorns,"Super King Viper Discus 4.5-5""",,,,150,,USD,Default Title,,,false,2025-07-01T12:58:04-05:00,2026-08-28T05:03:39.386Z,https://www.j4flowerhorns.com/products/super-king-viper-discus-4-5-5
j4-flowerhorns,"4 Bar Sumatra Datnoids 11-12""",,,,1200,,USD,Default Title,,,true,2025-06-22T16:35:31-05:00,2026-08-28T05:03:39.386Z,https://www.j4flowerhorns.com/products/4-bar-sumatra-datnoids-11-12
j4-flowerhorns,"Chinese High Fin Banded Shark 9-10""",,,,275,,USD,Default Title,,,false,2025-06-19T11:12:36-05:00,2026-08-28T05:03:39.386Z,https://www.j4flowerhorns.com/products/chinese-high-fin-banded-shark-9-10
j4-flowerhorns,Electric Blue Jack Dempsey 1-1.5”,sp_jack_dempsey,common-name,,12,,USD,Default Title,,,true,2025-06-12T08:30:48-05:00,2026-08-28T05:03:39.386Z,https://www.j4flowerhorns.com/products/s-electric-blue-jack-dempsey
j4-flowerhorns,"Longnose Gars 6-7""",,,,75,,USD,Default Title,,,false,2025-06-07T10:25:44-05:00,2026-08-28T05:03:39.386Z,https://www.j4flowerhorns.com/products/longnose-gars-6-7
j4-flowerhorns,"Paraiba Catfish 4""",,,,180,,USD,Default Title,,,true,2025-06-03T18:00:31-05:00,2026-08-28T05:03:39.386Z,https://www.j4flowerhorns.com/products/paraiba-catfish-4
j4-flowerhorns,"Pinima Peacock Bass 3""",,,,24.99,,USD,Default Title,,,false,2025-06-03T17:55:11-05:00,2026-08-28T05:03:39.386Z,https://www.j4flowerhorns.com/products/pinima-peacock-bass-3
j4-flowerhorns,"Leucistic Axoltl 3-5""",,,,35,,USD,Default Title,,,false,2025-05-31T08:19:10-05:00,2026-08-28T05:03:39.386Z,https://www.j4flowerhorns.com/products/leucistic-axoltl
j4-flowerhorns,L47 Mango Pleco 3”,,,,72,,USD,Default Title,,,true,2025-05-15T17:53:46-05:00,2026-08-28T05:03:39.386Z,https://www.j4flowerhorns.com/products/l47-mango-pleco-3-4
j4-flowerhorns,Aparaima,,,,700,,USD,Default Title,,,false,2025-05-01T21:09:36-05:00,2026-08-28T05:03:39.386Z,https://www.j4flowerhorns.com/products/aparaima
j4-flowerhorns,"Shortbody Tiger Shovelnose Catfish 2""",,,,85,,USD,Default Title,,,false,2025-05-01T17:20:39-05:00,2026-08-28T05:03:39.386Z,https://www.j4flowerhorns.com/products/shortbody-tiger-shovelnose-catfish-2
j4-flowerhorns,"Lemon Oscars 3""",,,,59,,USD,Default Title,,,false,2025-04-28T13:41:36-05:00,2026-08-28T05:03:39.386Z,https://www.j4flowerhorns.com/products/lemon-oscars-3-4
j4-flowerhorns,Pink Dot Hillstream Loaches,,,,20,,USD,Default Title,,,false,2025-04-17T09:07:18-05:00,2026-08-28T05:03:39.386Z,https://www.j4flowerhorns.com/products/pink-dot-hillstream-loaches
j4-flowerhorns,"Black Acara 2-3""",,,,14.99,,USD,Default Title,,,false,2025-04-17T09:00:34-05:00,2026-08-28T05:03:39.386Z,https://www.j4flowerhorns.com/products/black-acara-2-3
j4-flowerhorns,"Super Viper King Discus 5-6""",,,,249,,USD,Default Title,,,false,2025-04-11T19:05:33-05:00,2026-08-28T05:03:39.386Z,https://www.j4flowerhorns.com/products/super-viper-king-discus-5-6
j4-flowerhorns,Red Tail Sand Loaches ( Kapuasia falaris),,,Kapuasia falaris,24.99,,USD,Default Title,,,false,2025-04-09T19:00:55-05:00,2026-08-28T05:03:39.386Z,https://www.j4flowerhorns.com/products/red-tail-sand-loaches-kapuasia-maculiceps
j4-flowerhorns,Platinum Ornate Bichir ( Pre Order ),sp_ornate_bichir,common-name,,1200,,USD,Default Title,,,true,2025-04-01T16:17:59-05:00,2026-08-28T05:03:39.386Z,https://www.j4flowerhorns.com/products/platinum-ornate-bichir-pre-order
j4-flowerhorns,gb,,,,120,,USD,Default Title,,,false,2025-03-29T17:50:55-05:00,2026-08-28T05:03:39.386Z,https://www.j4flowerhorns.com/products/gb
j4-flowerhorns,"silver dollar 7-8"" 5 pack",,,,250,,USD,Default Title,,,false,2025-03-29T16:13:42-05:00,2026-08-28T05:03:39.386Z,https://www.j4flowerhorns.com/products/silver-dollar-7-8-5-pack
j4-flowerhorns,"niger catfish 20""",,,,280,,USD,Default Title,,,false,2025-03-29T16:12:05-05:00,2026-08-28T05:03:39.386Z,https://www.j4flowerhorns.com/products/niger-catfish-20
j4-flowerhorns,wholesale 1,,,,40,,USD,Default Title,,,false,2025-03-25T11:11:59-05:00,2026-08-28T05:03:39.386Z,https://www.j4flowerhorns.com/products/wholesale-1
j4-flowerhorns,"Black Pearly Eel ""Mastacembelus Notophthalmus",,,,95,,USD,Default Title,,,true,2025-03-24T18:06:19-05:00,2026-08-28T05:03:39.386Z,https://www.j4flowerhorns.com/products/black-pearly-eel-mastacembelus-notophthalmus
j4-flowerhorns,"Golden Dorado 20-24""",,,,250,,USD,Default Title,,,false,2025-03-16T15:18:44-05:00,2026-08-28T05:03:39.386Z,https://www.j4flowerhorns.com/products/golden-dorado-20-24
j4-flowerhorns,"Glass Catfish 5-6""",,,,18,,USD,Default Title,,,false,2025-03-16T10:51:18-05:00,2026-08-28T05:03:39.386Z,https://www.j4flowerhorns.com/products/glass-catfish-5-6
j4-flowerhorns,SK01 Pink Tail Borneo Hillstream Loaches ( Gastromyzon Sp ) Rare,,,,20,,USD,Default Title,,,false,2025-03-15T11:03:31-05:00,2026-08-28T05:03:39.386Z,https://www.j4flowerhorns.com/products/sk01-pink-tail-borneo-hillstream-loaches-gastromyzon-sp-rare
j4-flowerhorns,"Super Red Bristlenose Pleco 1""",sp_bristlenose_pleco,common-name,,24,,USD,Default Title,,,false,2025-03-15T10:14:22-05:00,2026-08-28T05:03:39.386Z,https://www.j4flowerhorns.com/products/super-red-bristlenose-pleco-1
j4-flowerhorns,Congo Tetra 2”,,,,7,,USD,Default Title,,,true,2025-03-15T10:12:39-05:00,2026-08-28T05:03:39.386Z,https://www.j4flowerhorns.com/products/congo-tetras-1-2
j4-flowerhorns,"Leporinus Fasciatus 1-1.5""",,,,7,,USD,Default Title,,,false,2025-03-15T10:11:05-05:00,2026-08-28T05:03:39.386Z,https://www.j4flowerhorns.com/products/leporinus-fasciatus-3
j4-flowerhorns,Pea Puffers 3 - Pack,,,,20,,USD,Default Title,,,true,2025-03-15T10:06:51-05:00,2026-08-28T05:03:39.386Z,https://www.j4flowerhorns.com/products/pea-puffers-3-pack
j4-flowerhorns,"Iriwini Catfish 10""",,,,150,,USD,Default Title,,,false,2025-03-15T10:00:09-05:00,2026-08-28T05:03:39.386Z,https://www.j4flowerhorns.com/products/iriwini-catfish-10
j4-flowerhorns,SRD HQ 2,,,,250,,USD,Default Title,,,false,2025-03-14T14:54:47-05:00,2026-08-28T05:03:39.386Z,https://www.j4flowerhorns.com/products/srd-hq-2
j4-flowerhorns,SRD HQ 1,,,,330,,USD,Default Title,,,false,2025-03-14T13:19:01-05:00,2026-08-28T05:03:39.386Z,https://www.j4flowerhorns.com/products/srd-hq-1
j4-flowerhorns,"Albino Florida Gar 5-6""",,,,400,,USD,Default Title,,,false,2025-03-13T20:03:55-05:00,2026-08-28T05:03:39.386Z,https://www.j4flowerhorns.com/products/albino-florida-gar
j4-flowerhorns,Golden Kelberi Bahia Bass 2.5-3”,,,,45,65,USD,Default Title,,,true,2025-03-13T16:51:15-05:00,2026-08-28T05:03:39.386Z,https://www.j4flowerhorns.com/products/golden-kelberi-bahia
j4-flowerhorns,"Coin Tiger Oscars 2-2.5""",,,,50,,USD,Default Title,,,false,2025-03-13T12:24:07-05:00,2026-08-28T05:03:39.386Z,https://www.j4flowerhorns.com/products/coin-tiger-oscars-2-2-5
j4-flowerhorns,Santa Parrot Cichlids,,,,45,,USD,Default Title,,,false,2025-03-07T07:46:06-06:00,2026-08-28T05:03:39.386Z,https://www.j4flowerhorns.com/products/santa-parrot-cichlids
j4-flowerhorns,Red Parrot Cichlid,,,,14.99,,USD,Default Title,,,false,2025-03-07T07:45:40-06:00,2026-08-28T05:03:39.386Z,https://www.j4flowerhorns.com/products/red-parrot-cichlid
j4-flowerhorns,"3 bar Datnoid 5-6""",,,,350,,USD,Default Title,,,false,2025-03-06T20:31:10-06:00,2026-08-28T05:03:39.386Z,https://www.j4flowerhorns.com/products/3-bar-datnoid-5-6
j4-flowerhorns,Platinum Unimaculata Betta Pair,,,,250,,USD,Default Title,,,false,2025-03-03T23:49:28-06:00,2026-08-28T05:03:39.386Z,https://www.j4flowerhorns.com/products/platinum-unimaculata-betta-pair
j4-flowerhorns,Santa Parrots,,,,40,,USD,Default Title,,,false,2025-02-21T18:26:33-06:00,2026-08-28T05:03:39.386Z,https://www.j4flowerhorns.com/products/santa-parrots
j4-flowerhorns,"SB COIN CHILLI RED OSCARS 2-3""",,,,85,,USD,Default Title,,,false,2025-02-20T09:27:53-06:00,2026-08-28T05:03:39.386Z,https://www.j4flowerhorns.com/products/sb-coin-chilli-red-oscars-2-3
j4-flowerhorns,"RED NEMO OSCARS 2""",,,,25,,USD,Default Title,,,false,2025-02-20T09:22:52-06:00,2026-08-28T05:03:39.386Z,https://www.j4flowerhorns.com/products/super-red-nemo-oscars-3-4
j4-flowerhorns,"Marbled Golden Florida Gar 7""",,,,420,,USD,Default Title,,,false,2025-02-14T16:35:22-06:00,2026-08-28T05:03:39.386Z,https://www.j4flowerhorns.com/products/marbled-golden-florida-gar-7
j4-flowerhorns,"Platinum Endlicheri 5-6""",,,,450,,USD,Default Title,,,false,2025-02-05T01:22:37-06:00,2026-08-28T05:03:39.386Z,https://www.j4flowerhorns.com/products/platinum-endlicheri-5-6
j4-flowerhorns,"Xanthic Fire Eel 8-12""",,,,550,,USD,Default Title,,,true,2025-02-03T13:43:58-06:00,2026-08-28T05:03:39.386Z,https://www.j4flowerhorns.com/products/xanthic-fire-eel-8-12
j4-flowerhorns,Apistogramma Cockatoo,,,,14.99,,USD,Default Title,,,false,2025-02-03T13:36:17-06:00,2026-08-28T05:03:39.386Z,https://www.j4flowerhorns.com/products/apistogramma-cockatoo
j4-flowerhorns,German Blue Ram,,,,12,,USD,Default Title,,,false,2025-02-03T13:32:55-06:00,2026-08-28T05:03:39.386Z,https://www.j4flowerhorns.com/products/balloon-electric-blue-ram-copy
j4-flowerhorns,Electric Blue Ram,,,,12,,USD,Default Title,,,false,2025-02-03T13:31:32-06:00,2026-08-28T05:03:39.386Z,https://www.j4flowerhorns.com/products/electric-blue-ram
j4-flowerhorns,Glow Angelfish,,,,20,,USD,Default Title,,,false,2025-02-01T09:48:13-06:00,2026-08-28T05:03:39.386Z,https://www.j4flowerhorns.com/products/glow-angelfish
j4-flowerhorns,Red Devil Angelfish,,,,25,,USD,Default Title,,,true,2025-02-01T09:46:50-06:00,2026-08-28T05:03:39.386Z,https://www.j4flowerhorns.com/products/red-devil-angelfish-1
j4-flowerhorns,"Gold Wolf Fish 10""",sp_wolf_fish,common-name,,125,,USD,Default Title,,,false,2025-01-15T17:15:04-06:00,2026-08-28T05:03:39.386Z,https://www.j4flowerhorns.com/products/gold-wolf-fish-10
j4-flowerhorns,"Platinum SB ButterflyKois 3-4""",,,,85,,USD,Default Title,,,false,2025-01-15T11:10:05-06:00,2026-08-28T05:03:39.386Z,https://www.j4flowerhorns.com/products/platinum-sb-butterflykois-3-4
j4-flowerhorns,"Florida Gar 6-8""",,,,75,,USD,Default Title,,,false,2025-01-08T16:52:32-06:00,2026-08-28T05:03:39.386Z,https://www.j4flowerhorns.com/products/florida-gar-8-9
j4-flowerhorns,African Butterfly Fish,sp_freshwater_butterflyfish,common-name,,25,,USD,Default Title,,,false,2025-01-06T17:59:45-06:00,2026-08-28T05:03:39.386Z,https://www.j4flowerhorns.com/products/african-butterfly-fish
j4-flowerhorns,"Platinum Redtail Catfish 20""",,,,950,,USD,Default Title,,,false,2024-12-31T10:50:35-06:00,2026-08-28T05:03:39.386Z,https://www.j4flowerhorns.com/products/platinum-redtail-catfish-20
j4-flowerhorns,"Silver Arowana 10""",,,,80,,USD,Default Title,,,false,2024-12-23T20:31:25-06:00,2026-08-28T05:03:39.386Z,https://www.j4flowerhorns.com/products/silver-arowana-12
j4-flowerhorns,"Polar Blue Parrots 1-2""",,,,9,,USD,Default Title,,,false,2024-12-23T12:44:04-06:00,2026-08-28T05:03:39.386Z,https://www.j4flowerhorns.com/products/polar-blue-parrots-1-2
j4-flowerhorns,BETTA FEMALE KOI SORORITY 10-PACK,,,,99,,USD,Default Title,,,false,2024-12-18T12:39:30-06:00,2026-08-28T05:03:39.386Z,https://www.j4flowerhorns.com/products/10-pack-betta-female-koi
j4-flowerhorns,"Burmese Clouded Archer Fish 2"" (Toxotes blythii)",,,Toxotes blythii,24,,USD,Default Title,,,false,2024-12-14T20:27:19-06:00,2026-08-28T05:03:39.386Z,https://www.j4flowerhorns.com/products/golden-archer-fish-2
j4-flowerhorns,"Gulper Catfish 5""",,,,45,,USD,Default Title,,,false,2024-11-30T16:37:15-06:00,2026-08-28T05:03:39.386Z,https://www.j4flowerhorns.com/products/gulper-catfish-5
j4-flowerhorns,"Giraffle Catfish 7-8""",,,,100,,USD,Default Title,,,false,2024-11-29T16:25:26-06:00,2026-08-28T05:03:39.386Z,https://www.j4flowerhorns.com/products/giraffle-catfish
j4-flowerhorns,Leucistic Senegalus Bichir 4”,,,,25,,USD,Default Title,,,false,2024-11-29T10:52:38-06:00,2026-08-28T05:03:39.386Z,https://www.j4flowerhorns.com/products/leucistic-senegalus
j4-flowerhorns,"Gulper Catfish 4""",,,,50,,USD,Default Title,,,false,2024-11-26T18:56:24-06:00,2026-08-28T05:03:39.386Z,https://www.j4flowerhorns.com/products/gulper-catfish-4
j4-flowerhorns,"Marbled Sailfin Catfish 8-9""",,,,220,,USD,Default Title,,,false,2024-11-26T18:54:05-06:00,2026-08-28T05:03:39.386Z,https://www.j4flowerhorns.com/products/marbled-sailfin-catfish-8-9
j4-flowerhorns,"POMPOM Knifefish 14""",,,,250,,USD,Default Title,,,false,2024-11-26T18:48:30-06:00,2026-08-28T05:03:39.386Z,https://www.j4flowerhorns.com/products/black-ghost-knife-14
j4-flowerhorns,"Ornate Bichir 7-9""",sp_ornate_bichir,common-name,,100,,USD,Default Title,,,false,2024-11-26T18:45:34-06:00,2026-08-28T05:03:39.386Z,https://www.j4flowerhorns.com/products/ornate-bichir-12
j4-flowerhorns,"4 Bar Sumatra Datnoid 8""",,,,550,,USD,Default Title,,,false,2024-11-18T22:07:01-06:00,2026-08-28T05:03:39.386Z,https://www.j4flowerhorns.com/products/4-bar-sumatra-datnoid-8
j4-flowerhorns,"4 Bar Sumatra 1""-2""",,,,55,,USD,Default Title,,,false,2024-11-15T13:25:46-06:00,2026-08-28T05:03:39.386Z,https://www.j4flowerhorns.com/products/4-bar-sumatra-5
j4-flowerhorns,"Jardini arowana 14""",,,,350,,USD,Default Title,,,false,2024-11-12T17:53:56-06:00,2026-08-28T05:03:39.386Z,https://www.j4flowerhorns.com/products/jardini-arowana-14
j4-flowerhorns,Betta sp. Antuta Pair (Wild Caught) 4”,,,,129.99,,USD,4 inch,4,in,false,2024-11-08T11:19:19-06:00,2026-08-28T05:03:39.386Z,https://www.j4flowerhorns.com/products/betta-antuta-pair-wild-caught
j4-flowerhorns,"Axolotl 5-6"" Melanistic x GFP",,,,35,,USD,Default Title,,,false,2024-11-08T03:00:13-06:00,2026-08-28T05:03:39.386Z,https://www.j4flowerhorns.com/products/axolotl-5-6-melanistic-x-gfp
j4-flowerhorns,"3 Bar Datnoid 2.5""",,,,185,,USD,Default Title,,,false,2024-11-07T09:52:30-06:00,2026-08-28T05:03:39.386Z,https://www.j4flowerhorns.com/products/3-bar-datnoid-2-5
j4-flowerhorns,"Jardini Arowana 10""",,,,300,,USD,Default Title,,,false,2024-11-07T06:58:23-06:00,2026-08-28T05:03:39.386Z,https://www.j4flowerhorns.com/products/jardini-arowana-10
j4-flowerhorns,"Ob Peacocks Juveniles 1-2""",,,,4.99,,USD,Default Title,,,false,2024-11-01T11:55:06-05:00,2026-08-28T05:03:39.386Z,https://www.j4flowerhorns.com/products/ob-peacocks-juveniles-1-2
j4-flowerhorns,"Kelberi Peacock Bass 8""",,,,125,,USD,Default Title,,,false,2024-10-29T16:34:34-05:00,2026-08-28T05:03:39.386Z,https://www.j4flowerhorns.com/products/kelberi-peacock-bass-8
j4-flowerhorns,Gb pair,,,,300,,USD,Default Title,,,false,2024-10-29T10:42:33-05:00,2026-08-28T05:03:39.386Z,https://www.j4flowerhorns.com/products/gb-pair
j4-flowerhorns,Longfin Emerald Barbs,,,,4,,USD,Default Title,,,false,2024-10-28T13:37:05-05:00,2026-08-28T05:03:39.386Z,https://www.j4flowerhorns.com/products/longfin-emerald-barbs
j4-flowerhorns,"Tiger Shovelnose Catfish 10""",,,,120,,USD,Default Title,,,false,2024-10-25T17:08:36-05:00,2026-08-28T05:03:39.386Z,https://www.j4flowerhorns.com/products/tiger-shovelnose-catfish-10
j4-flowerhorns,"Jardini Arowana 5-6""",,,,125,,USD,Default Title,,,true,2024-10-25T17:08:01-05:00,2026-08-28T05:03:39.386Z,https://www.j4flowerhorns.com/products/jardini-arowana-8
j4-flowerhorns,"Golden Spider Kelberi Bass 4""",,,,75,,USD,Default Title,,,false,2024-10-25T14:50:29-05:00,2026-08-28T05:03:39.386Z,https://www.j4flowerhorns.com/products/golden-spider-kelberi-bass-4
j4-flowerhorns,Midas Piebald,,,,150,,USD,Default Title,,,false,2024-10-13T10:49:36-05:00,2026-08-28T05:03:39.386Z,https://www.j4flowerhorns.com/products/midas-piebald
j4-flowerhorns,Sb Albino Irridescent Shark,,,,50,,USD,Default Title,,,false,2024-10-13T10:47:38-05:00,2026-08-28T05:03:39.386Z,https://www.j4flowerhorns.com/products/sb-albino-irridescent-shark
j4-flowerhorns,"Red Texas Cichlid 2-4""",,,,15,,USD,Default Title,,,false,2024-10-01T17:40:49-05:00,2026-08-28T05:03:39.386Z,https://www.j4flowerhorns.com/products/red-texas-2-4
j4-flowerhorns,Assassin Snails,,,,2.5,,USD,Default Title,,,true,2024-09-24T13:41:52-05:00,2026-08-28T05:03:39.386Z,https://www.j4flowerhorns.com/products/assassin-snails
j4-flowerhorns,Bumble Bee Horn Snails,,,,2.99,,USD,Default Title,,,false,2024-09-24T13:39:51-05:00,2026-08-28T05:03:39.386Z,https://www.j4flowerhorns.com/products/bumble-bee-horn-snails
j4-flowerhorns,"Oranda Goldfish tricolor 5-6""",,,,200,,USD,Default Title,,,false,2024-09-24T13:18:46-05:00,2026-08-28T05:03:39.386Z,https://www.j4flowerhorns.com/products/oranda-goldfish-tricolor-5-6
j4-flowerhorns,"Ranchu Goldfish 5-5.5""",,,,180,,USD,Default Title,,,false,2024-09-24T13:16:10-05:00,2026-08-28T05:03:39.386Z,https://www.j4flowerhorns.com/products/ranchu-goldfish-5-5-6
j4-flowerhorns,"Ranchu Goldfish 5-5.5""",,,,150,,USD,Default Title,,,false,2024-09-24T13:15:33-05:00,2026-08-28T05:03:39.386Z,https://www.j4flowerhorns.com/products/ranchu-goldfish-5-5-5
j4-flowerhorns,Telescope Goldfish,,,,22,,USD,Default Title,,,false,2024-09-24T13:08:33-05:00,2026-08-28T05:03:39.386Z,https://www.j4flowerhorns.com/products/telescope-goldfish
j4-flowerhorns,"Panda Oranda Goldish 2.5-3""",,,,35,,USD,Default Title,,,false,2024-09-24T13:07:23-05:00,2026-08-28T05:03:39.386Z,https://www.j4flowerhorns.com/products/panda-oranda-goldish-2-5-3
j4-flowerhorns,"Blackmoor Goldfish 2-3""",,,,22,,USD,Default Title,,,false,2024-09-24T12:55:41-05:00,2026-08-28T05:03:39.386Z,https://www.j4flowerhorns.com/products/blackmoor-goldfish-2-3
j4-flowerhorns,"Piranha Geryi 7-8""",,,,320,,USD,Default Title,,,false,2024-09-23T08:34:26-05:00,2026-08-28T05:03:39.386Z,https://www.j4flowerhorns.com/products/piranha-gyeri-5-5
j4-flowerhorns,"DiamondBack Sturgeon 8-9""",,,,220,,USD,Default Title,,,false,2024-09-19T18:21:47-05:00,2026-08-28T05:03:39.386Z,https://www.j4flowerhorns.com/products/daimondback-sturgeon-8-9
j4-flowerhorns,Bloody Mary Hillstream Loaches,,,,15,,USD,Default Title,,,true,2024-09-18T13:29:00-05:00,2026-08-28T05:03:39.386Z,https://www.j4flowerhorns.com/products/bloody-mary-borneo-loach
j4-flowerhorns,"Papuan Freshwater Sole Fish ( Brachirus Selheimi ) 2""-2.5""",,,,25,,USD,Default Title,,,false,2024-09-14T15:36:14-05:00,2026-08-28T05:03:39.386Z,https://www.j4flowerhorns.com/products/papuan-freshwater-sole-fish-brachirus-selheimi-2-2-5
j4-flowerhorns,"Bamboo Shrimp 2""",sp_bamboo_shrimp,common-name,,9,,USD,Default Title,,,true,2024-09-14T11:32:43-05:00,2026-08-28T05:03:39.386Z,https://www.j4flowerhorns.com/products/bamboo-shrimp-2
j4-flowerhorns,Fire Eel,,,,100,,USD,14 inch,14,in,false,2024-09-13T10:54:55-05:00,2026-08-28T05:03:39.386Z,https://www.j4flowerhorns.com/products/fire-eel
j4-flowerhorns,Fire Eel,,,,45,,USD,5-7,,,false,2024-09-13T10:54:55-05:00,2026-08-28T05:03:39.386Z,https://www.j4flowerhorns.com/products/fire-eel
j4-flowerhorns,Fire Eel,,,,75,,USD,8-10,,,true,2024-09-13T10:54:55-05:00,2026-08-28T05:03:39.386Z,https://www.j4flowerhorns.com/products/fire-eel
j4-flowerhorns,"MBU Puffer 8-9""",,,,350,,USD,Default Title,,,false,2024-09-10T10:28:42-05:00,2026-08-28T05:03:39.386Z,https://www.j4flowerhorns.com/products/mbu-puffer-8-10
j4-flowerhorns,Trout Goodeids 3”,,,,15,,USD,Default Title,,,false,2024-08-20T12:40:22-05:00,2026-08-28T05:03:39.386Z,https://www.j4flowerhorns.com/products/trout-goodeids-4-5
j4-flowerhorns,"Geophagus Pellegrini 2-3""",,,,24,,USD,Default Title,,,false,2024-08-18T12:27:27-05:00,2026-08-28T05:03:39.386Z,https://www.j4flowerhorns.com/products/geophagus-pellegrini-2-3
j4-flowerhorns,"Albino Arowana 12""",,,,300,,USD,Default Title,,,false,2024-08-16T10:47:32-05:00,2026-08-28T05:03:39.386Z,https://www.j4flowerhorns.com/products/albino-arowana-12
j4-flowerhorns,Snakeskin Barbs,,,,5,,USD,Default Title,,,false,2024-08-06T15:05:04-05:00,2026-08-28T05:03:39.386Z,https://www.j4flowerhorns.com/products/snakeskin-barbs
j4-flowerhorns,"Geophagus Balzanis 2""-2.5""",,,,18,,USD,Default Title,,,false,2024-08-06T14:06:47-05:00,2026-08-28T05:03:39.386Z,https://www.j4flowerhorns.com/products/geophagus-balzanis-2-2-5
j4-flowerhorns,"Black Calvus 1""",,,,24,,USD,Default Title,,,false,2024-08-06T14:03:06-05:00,2026-08-28T05:03:39.386Z,https://www.j4flowerhorns.com/products/black-calvus-1
j4-flowerhorns,"Albino Shortbody Marbled Senegalus Bichirs 5""",,,,220,,USD,Default Title,,,false,2024-08-06T13:55:53-05:00,2026-08-28T05:03:39.386Z,https://www.j4flowerhorns.com/products/albino-shortbody-marbled-senegalus-bichirs-5
j4-flowerhorns,"4 Bar Sumatra Datnoids  4-5""",,,,120,,USD,Default Title,,,false,2024-08-05T18:49:38-05:00,2026-08-28T05:03:39.386Z,https://www.j4flowerhorns.com/products/4-bar-sumatra-datnoids-5
j4-flowerhorns,L397 Alenquer Tiger Pleco 1-2”,,,,49,,USD,Default Title,,,false,2024-08-04T09:42:22-05:00,2026-08-28T05:03:39.386Z,https://www.j4flowerhorns.com/products/l-397-tiger-alenquer-pleco
j4-flowerhorns,"Bumblebee Oscars 5-6""",,,,55,,USD,Default Title,,,false,2024-08-01T18:03:27-05:00,2026-08-28T05:03:39.386Z,https://www.j4flowerhorns.com/products/bumblebee-oscars-3
j4-flowerhorns,"Electric Blue Carpintis 6""",,,,125,,USD,Default Title,,,false,2024-07-27T13:53:37-05:00,2026-08-28T05:03:39.386Z,https://www.j4flowerhorns.com/products/electric-blue-carpintis-6
j4-flowerhorns,"Red spotted golden severums 4-5""",,,,35,,USD,Default Title,,,false,2024-07-27T13:52:48-05:00,2026-08-28T05:03:39.386Z,https://www.j4flowerhorns.com/products/red-spotted-golden-severums-4-5
j4-flowerhorns,Wild Discus,,,,85,,USD,Default Title,,,false,2024-07-10T17:47:14-05:00,2026-08-28T05:03:39.386Z,https://www.j4flowerhorns.com/products/wild-discus
j4-flowerhorns,"L14 Sunshine Pleco (Scobiancistrus Aureautus) 2.5-3""",,,,85,,USD,Default Title,,,false,2024-07-10T12:05:38-05:00,2026-08-28T05:03:39.386Z,https://www.j4flowerhorns.com/products/l014-sunshine-pleco-scobiancistrus-aureautus-2-5-3
j4-flowerhorns,"Royal Clown Knife 6-8""",,,,75,,USD,Default Title,,,false,2024-07-10T11:58:18-05:00,2026-08-28T05:03:39.386Z,https://www.j4flowerhorns.com/products/royal-clown-knife-6-8
j4-flowerhorns,"Albino Clown Knife 8-9""",,,,95,125,USD,Default Title,,,true,2024-07-10T11:56:09-05:00,2026-08-28T05:03:39.386Z,https://www.j4flowerhorns.com/products/albino-clown-knife-8-9
j4-flowerhorns,"Albino Giant Gourami 4""",,,,29.99,,USD,Default Title,,,false,2024-06-28T10:11:42-05:00,2026-08-28T05:03:39.386Z,https://www.j4flowerhorns.com/products/albino-giant-gourami-4
j4-flowerhorns,Jaguar Cichlids 5,,,,40,,USD,Default Title,,,false,2024-06-27T12:19:25-05:00,2026-08-28T05:03:39.386Z,https://www.j4flowerhorns.com/products/jaguar-cichlids-5
j4-flowerhorns,"Red Wolf Fish ( Roofvissen fotografie ) 4""",,,Roofvissen fotografie,65,,USD,Default Title,,,false,2024-06-27T11:48:36-05:00,2026-08-28T05:03:39.386Z,https://www.j4flowerhorns.com/products/red-wolf-fish-roofvissen-fotografie-3
j4-flowerhorns,Kribensis Cichlid 1”  (Pelvicachromis pulcher),,,Pelvicachromis pulcher,7,,USD,Default Title,,,true,2024-06-26T14:06:39-05:00,2026-08-28T05:03:39.386Z,https://www.j4flowerhorns.com/products/krebensis-cichlids
j4-flowerhorns,"Shortbody Kissing Gourami 2.5""",sp_kissing_gourami,common-name,,22,,USD,Default Title,,,false,2024-06-26T14:04:14-05:00,2026-08-28T05:03:39.386Z,https://www.j4flowerhorns.com/products/shortbody-kissing-gourami-2-5
j4-flowerhorns,"Senegalus Bichir 7""",,,,50,,USD,Default Title,,,false,2024-06-26T14:01:34-05:00,2026-08-28T05:03:39.386Z,https://www.j4flowerhorns.com/products/senegalus-bichir-7
j4-flowerhorns,"Tandanus Tandanus ( eel-tailed catfish ) 5""",,,,49,,USD,Default Title,,,false,2024-06-26T13:58:15-05:00,2026-08-28T05:03:39.386Z,https://www.j4flowerhorns.com/products/tandanus-tandanus-eel-tailed-catfish-5
j4-flowerhorns,"Tiger Oscar 7""",,,,50,,USD,Default Title,,,false,2024-06-26T13:56:43-05:00,2026-08-28T05:03:39.386Z,https://www.j4flowerhorns.com/products/tiger-oscar-7
j4-flowerhorns,"Albino Oscar 7""",,,,75,,USD,Default Title,,,false,2024-06-26T13:55:42-05:00,2026-08-28T05:03:39.386Z,https://www.j4flowerhorns.com/products/albino-oscar-7
j4-flowerhorns,"Peacock Eel 5-6""",,,,12,,USD,Default Title,,,false,2024-06-22T16:32:51-05:00,2026-08-28T05:03:39.386Z,https://www.j4flowerhorns.com/products/peacock-eel-5-6
j4-flowerhorns,Purple Vampire Crabs,,,,9,,USD,Default Title,,,false,2024-06-22T16:29:08-05:00,2026-08-28T05:03:39.386Z,https://www.j4flowerhorns.com/products/purple-vampire-crabs
j4-flowerhorns,Tomato Vampire Crabs,,,,9,,USD,Default Title,,,false,2024-06-22T16:26:01-05:00,2026-08-28T05:03:39.386Z,https://www.j4flowerhorns.com/products/tomato-vampire-crabs
j4-flowerhorns,"Chilli Red Oscars 2.5""-3""",,,,35,,USD,Default Title,,,false,2024-06-22T16:22:24-05:00,2026-08-28T05:03:39.386Z,https://www.j4flowerhorns.com/products/super-red-oscars-2-5-3
j4-flowerhorns,"Bolivian Rams 1""",,,,7,,USD,Default Title,,,true,2024-06-22T16:21:36-05:00,2026-08-28T05:03:39.386Z,https://www.j4flowerhorns.com/products/bolivian-rams-1
j4-flowerhorns,Fire Cracker Swordtails,,,,12,,USD,Default Title,,,false,2024-06-22T16:18:09-05:00,2026-08-28T05:03:39.386Z,https://www.j4flowerhorns.com/products/fire-cracker-swordtails
j4-flowerhorns,Apistogramma Agassizii Double Red 2”,,,,14.99,,USD,Default Title,,,false,2024-06-22T16:11:44-05:00,2026-08-28T05:03:39.386Z,https://www.j4flowerhorns.com/products/apistogramma-agassizii-1
j4-flowerhorns,"Platinum Redtail Catfish 14""",,,,599,,USD,Default Title,,,false,2024-06-14T12:12:57-05:00,2026-08-28T05:03:39.386Z,https://www.j4flowerhorns.com/products/platinum-redtail-catfish-14
j4-flowerhorns,"Fork Bar Sumatra ( Rare ) 5""",,,,300,,USD,Default Title,,,false,2024-06-14T11:07:51-05:00,2026-08-28T05:03:39.386Z,https://www.j4flowerhorns.com/products/fork-bar-sumatra-rare-5
j4-flowerhorns,Green Terror 2-3”,,,,24,,USD,Default Title,,,true,2024-06-12T17:44:52-05:00,2026-08-28T05:03:39.386Z,https://www.j4flowerhorns.com/products/green-terror-4
j4-flowerhorns,"Electric Blue Acara 3-4""",sp_electric_blue_acara,common-name,,40,,USD,Default Title,,,false,2024-06-12T17:44:18-05:00,2026-08-28T05:03:39.386Z,https://www.j4flowerhorns.com/products/electric-blue-acara-3-4
j4-flowerhorns,"Vieja Fenestratus 6""",,,,60,,USD,Default Title,,,false,2024-06-12T17:43:39-05:00,2026-08-28T05:03:39.386Z,https://www.j4flowerhorns.com/products/vieja-fenestratus-6
j4-flowerhorns,"Electric Blue Carpentis 5""",,,,60,,USD,Default Title,,,false,2024-06-12T17:42:25-05:00,2026-08-28T05:03:39.386Z,https://www.j4flowerhorns.com/products/electric-blue-carpentis-5
j4-flowerhorns,"Albino Sterlet Sturgeons 12""",,,,325,,USD,Default Title,,,false,2024-06-10T16:02:46-05:00,2026-08-28T05:03:39.386Z,https://www.j4flowerhorns.com/products/albino-sterlet-sturgeons-6
j4-flowerhorns,Super Red Dragon Flowerhorn Fry 5-Pack,,,,35,,USD,Default Title,,,true,2024-06-08T11:27:50-05:00,2026-08-28T05:03:39.386Z,https://www.j4flowerhorns.com/products/super-red-dragon-fry-pack-4-1-free
j4-flowerhorns,"Gold Severums 1""",,,,15,,USD,Default Title,,,false,2024-06-03T18:06:37-05:00,2026-08-28T05:03:39.386Z,https://www.j4flowerhorns.com/products/gold-severums-1
j4-flowerhorns,"Longnose Gar 7""",,,,45,,USD,Default Title,,,false,2024-06-03T18:03:29-05:00,2026-08-28T05:03:39.386Z,https://www.j4flowerhorns.com/products/longnose-gar-7
j4-flowerhorns,"VATF Tigerfish 9""",,,,220,,USD,Default Title,,,false,2024-06-03T17:58:44-05:00,2026-08-28T05:03:39.386Z,https://www.j4flowerhorns.com/products/vatf-tigerfish-9
j4-flowerhorns,Atlantic Tarpon,,,,64,,USD,4 inch,4,in,false,2024-06-03T11:17:36-05:00,2026-08-28T05:03:39.386Z,https://www.j4flowerhorns.com/products/atlantic-tarpon-4
j4-flowerhorns,Red Cap Angelfish,,,,35,,USD,Default Title,,,false,2024-05-31T12:22:53-05:00,2026-08-28T05:03:39.386Z,https://www.j4flowerhorns.com/products/red-cap-angelfish
j4-flowerhorns,"Geophagus Sveni  2-3""",sp_geophagus_sveni,common-name,,45,,USD,Default Title,,,true,2024-05-31T11:16:52-05:00,2026-08-28T05:03:39.386Z,https://www.j4flowerhorns.com/products/geophagus-sveni-3-4
j4-flowerhorns,"Golden Wels Catfish 14""",,,,599,,USD,Default Title,,,false,2024-05-28T09:48:09-05:00,2026-08-28T05:03:39.386Z,https://www.j4flowerhorns.com/products/golden-wels-catfish-14
j4-flowerhorns,Albino Siamese Algae eater,,,,4.99,,USD,Default Title,,,false,2024-05-27T13:03:47-05:00,2026-08-28T05:03:39.386Z,https://www.j4flowerhorns.com/products/albino-siamese-algae-eater
j4-flowerhorns,"Vieja Maculicauda 2""",,,,9,,USD,Default Title,,,false,2024-05-27T12:36:43-05:00,2026-08-28T05:03:39.386Z,https://www.j4flowerhorns.com/products/vieja-maculicauda-2
j4-flowerhorns,"Tiger Oscars 2""",,,,15,,USD,Default Title,,,false,2024-05-16T17:45:01-05:00,2026-08-28T05:03:39.386Z,https://www.j4flowerhorns.com/products/tiger-oscars-2
j4-flowerhorns,"Gold/Platinum SB Butterfly Kois 4""",,,,24,,USD,Default Title,,,false,2024-05-16T17:28:43-05:00,2026-08-28T05:03:39.386Z,https://www.j4flowerhorns.com/products/gold-platinum-sb-butterfly-kois-4
j4-flowerhorns,"KingKong Parrot 5-6""",,,,150,,USD,Default Title,,,false,2024-05-16T17:25:24-05:00,2026-08-28T05:03:39.386Z,https://www.j4flowerhorns.com/products/kingkong-parrot-5-6
j4-flowerhorns,"Freshwater Dolphin Fish ( Mormyrus cf Longirostris ) 2-3""",,,,25,,USD,Default Title,,,true,2024-05-14T11:01:33-05:00,2026-08-28T05:03:39.386Z,https://www.j4flowerhorns.com/products/freshwater-dolphin-fish-mormyrus-cf-longirostris
j4-flowerhorns,"Panda/skeleton Butterfly Kois 5-6""",,,,45,,USD,Default Title,,,false,2024-05-12T12:16:31-05:00,2026-08-28T05:03:39.386Z,https://www.j4flowerhorns.com/products/panda-skeleton-butterfly-kois-5-6
j4-flowerhorns,"Butterfly Kois 5-6""",,,,32,,USD,Default Title,,,false,2024-05-12T12:15:12-05:00,2026-08-28T05:03:39.386Z,https://www.j4flowerhorns.com/products/butterfly-kois-5-6
j4-flowerhorns,"Grade A Kois 5-6""",,,,40,,USD,Default Title,,,false,2024-05-12T12:13:59-05:00,2026-08-28T05:03:39.386Z,https://www.j4flowerhorns.com/products/grade-a-kois-5-6
j4-flowerhorns,"Arapaima Gigas 4-5""",,,,129,,USD,Default Title,,,false,2024-04-29T17:43:00-05:00,2026-08-28T05:03:39.386Z,https://www.j4flowerhorns.com/products/arapaima-gigas
j4-flowerhorns,"Fly River Turtle 7-8""",,,,1200,,USD,Default Title,,,false,2024-04-12T16:58:51-05:00,2026-08-28T05:03:39.386Z,https://www.j4flowerhorns.com/products/fly-river-turtle-4-unsexed
j4-flowerhorns,"Flagtails 4-5"" ( yellow )",,,,34.99,,USD,Default Title,,,false,2024-04-05T13:31:56-05:00,2026-08-28T05:03:39.386Z,https://www.j4flowerhorns.com/products/flagtails-4-5
j4-flowerhorns,"Striped Silver Dollars 1.5""",,,,20,,USD,Default Title,,,false,2024-03-30T18:19:18-05:00,2026-08-28T05:03:39.386Z,https://www.j4flowerhorns.com/products/striped-silver-dollars-1-5
j4-flowerhorns,"Red Hook Silver Dollars 2.5""",,,,24,,USD,Default Title,,,false,2024-03-30T18:18:22-05:00,2026-08-28T05:03:39.386Z,https://www.j4flowerhorns.com/products/red-hook-silver-dollars-2-5
j4-flowerhorns,"L201 Snowball Pleco 2-3""",,,,32,,USD,Default Title,,,true,2024-03-26T14:52:11-05:00,2026-08-28T05:03:39.386Z,https://www.j4flowerhorns.com/products/l201-snowball-pleco
j4-flowerhorns,"L128 Blue Phantom Pleco 3.5-4""",,,,55,,USD,Default Title,,,false,2024-03-26T14:51:28-05:00,2026-08-28T05:03:39.386Z,https://www.j4flowerhorns.com/products/l128-blue-phantom-pleco
j4-flowerhorns,"Papuan Shark Catfish (Neoarius graeffei) 5""",,,Neoarius graeffei,59.99,,USD,Default Title,,,true,2024-03-23T17:33:56-05:00,2026-08-28T05:03:39.386Z,https://www.j4flowerhorns.com/products/papua-shark-catfish-7-8
j4-flowerhorns,"Albino Senegalus 3""",,,,18,,USD,Default Title,,,false,2024-03-23T16:54:37-05:00,2026-08-28T05:03:39.386Z,https://www.j4flowerhorns.com/products/albino-senegalus-3
j4-flowerhorns,Lapradei Bichir 3-4”,,,,25,,USD,Default Title,,,true,2024-03-23T16:53:00-05:00,2026-08-28T05:03:39.386Z,https://www.j4flowerhorns.com/products/lapradei-bichir
j4-flowerhorns,"Rocket Gar 5""",sp_rocket_gar,common-name,,22.99,,USD,Default Title,,,false,2024-03-23T16:49:12-05:00,2026-08-28T05:03:39.386Z,https://www.j4flowerhorns.com/products/rocket-gar-5
j4-flowerhorns,"Burundi Frontosas 1-2""",,,,14,18,USD,Default Title,,,true,2024-03-23T14:04:16-05:00,2026-08-28T05:03:39.386Z,https://www.j4flowerhorns.com/products/burundi-frontosas-2
j4-flowerhorns,"Marbled Lancer Catfish 5""",,,,55,,USD,Default Title,,,false,2024-03-23T13:59:06-05:00,2026-08-28T05:03:39.386Z,https://www.j4flowerhorns.com/products/marbled-lancer-catfish-5
j4-flowerhorns,"Black Berry Silver Dollars 1.5""-2""",,,,28,,USD,Default Title,,,false,2024-03-23T13:58:04-05:00,2026-08-28T05:03:39.386Z,https://www.j4flowerhorns.com/products/black-berry-silver-dollars
j4-flowerhorns,"Shortbody Oscars 2""",,,,24,,USD,Default Title,,,false,2024-03-23T13:44:29-05:00,2026-08-28T05:03:39.386Z,https://www.j4flowerhorns.com/products/shortbody-oscars-2
j4-flowerhorns,"Uaru Cichlids Uaru amphiacanthoides 1""",,,,12,,USD,Default Title,,,false,2024-03-23T13:38:10-05:00,2026-08-28T05:03:39.386Z,https://www.j4flowerhorns.com/products/uaru-cichlids-2
j4-flowerhorns,"Grade A Frostbite Pair 1.5""",,,,159,,USD,Default Title,,,false,2024-03-23T08:10:32-05:00,2026-08-28T05:03:39.386Z,https://www.j4flowerhorns.com/products/grade-a-frostbite-pair-1-5
j4-flowerhorns,"Albino Softshell Turtle 4""",,,,200,,USD,Default Title,,,false,2024-03-07T18:05:25-06:00,2026-08-28T05:03:39.386Z,https://www.j4flowerhorns.com/products/albino-softshell-turtle-4
j4-flowerhorns,"Black Ghost Knife 2-3""",,,,12,,USD,Default Title,,,false,2024-03-02T15:43:59-06:00,2026-08-28T05:03:39.386Z,https://www.j4flowerhorns.com/products/black-ghost-knife-3
j4-flowerhorns,Yellow  Parrot Cichlid,,,,25,,USD,Default Title,,,false,2024-03-02T15:35:30-06:00,2026-08-28T05:03:39.386Z,https://www.j4flowerhorns.com/products/yellow-parrot-cichlid
j4-flowerhorns,Cardinal Tetras ( 10-Pack ),,,,35,,USD,Default Title,,,false,2024-03-02T15:23:55-06:00,2026-08-28T05:03:39.386Z,https://www.j4flowerhorns.com/products/cardinal-tetras-10-pack
j4-flowerhorns,Tiger Moray Eel,,,,75,,USD,"7-10""",8.5,in,true,2024-02-29T13:32:14-06:00,2026-08-28T05:03:39.386Z,https://www.j4flowerhorns.com/products/tiger-moray-eel
j4-flowerhorns,Tiger Moray Eel,,,,149,,USD,"12-14""",13,in,true,2024-02-29T13:32:14-06:00,2026-08-28T05:03:39.386Z,https://www.j4flowerhorns.com/products/tiger-moray-eel
j4-flowerhorns,"Hypostomus Luteus Phase 1 size 6-7""",,,,199,,USD,Default Title,,,false,2024-02-23T09:12:45-06:00,2026-08-28T05:03:39.386Z,https://www.j4flowerhorns.com/products/hypostomus-luteus-phase-1-size-6-7
j4-flowerhorns,Bumblebee Catfish,,,,12,,USD,Default Title,,,false,2024-02-21T18:17:45-06:00,2026-08-28T05:03:39.386Z,https://www.j4flowerhorns.com/products/bumblebee-catfish-3
j4-flowerhorns,"Tire Track ( Mastacembelus armatus ) 10""",,,Mastacembelus armatus,45,,USD,Default Title,,,false,2024-02-21T18:16:07-06:00,2026-08-28T05:03:39.386Z,https://www.j4flowerhorns.com/products/tire-track-mastacembelus-armatus-10
j4-flowerhorns,4-BAR SUMATRA DATNOID 5-6,,,,250,300,USD,Default Title,,,false,2024-02-21T17:38:21-06:00,2026-08-28T05:03:39.386Z,https://www.j4flowerhorns.com/products/4-bar-sumatra-datnoid-12
j4-flowerhorns,Bulgarian Sealpoint Angelfish,,,,14.99,,USD,Default Title,,,false,2024-02-21T17:33:10-06:00,2026-08-28T05:03:39.386Z,https://www.j4flowerhorns.com/products/bulgarian-sealpoint-angelfish
j4-flowerhorns,Thai Silk Flowerhorn Fry ( 5 Pack ),,,,35,,USD,Default Title,,,false,2024-02-21T17:31:16-06:00,2026-08-28T05:03:39.386Z,https://www.j4flowerhorns.com/products/thai-silk-flowerhorn-fry-5-pack
j4-flowerhorns,"Shortbody Platinum Koi 4""",,,,85,,USD,Default Title,,,false,2024-02-21T17:29:32-06:00,2026-08-28T05:03:39.386Z,https://www.j4flowerhorns.com/products/shortbody-platinum-koi-4
j4-flowerhorns,"Ranchu Goldfish 5""",,,,85,,USD,Default Title,,,false,2024-02-21T17:26:28-06:00,2026-08-28T05:03:39.386Z,https://www.j4flowerhorns.com/products/ranchu-goldfish-5
j4-flowerhorns,Platinum Gar 8-9,,,,1200,1450,USD,Default Title,,,false,2024-02-21T17:24:22-06:00,2026-08-28T05:03:39.386Z,https://www.j4flowerhorns.com/products/platinum-gar-16
j4-flowerhorns,Longfin Albino Oscars,,,,25,,USD,"2-3""",2.5,in,false,2024-02-16T17:12:24-06:00,2026-08-28T05:03:39.386Z,https://www.j4flowerhorns.com/products/longfin-albino-oscars-5
j4-flowerhorns,"Shortbody Albino Tinfoil Barbs 3-4""",,,,45,,USD,Default Title,,,false,2024-02-16T17:10:55-06:00,2026-08-28T05:03:39.386Z,https://www.j4flowerhorns.com/products/shortbody-albino-tinfoil-barbs-3-4
j4-flowerhorns,Clown Loaches,,,,9.99,,USD,"2-3"" single",2.5,in,false,2024-02-14T15:37:47-06:00,2026-08-28T05:03:39.386Z,https://www.j4flowerhorns.com/products/clown-loach
j4-flowerhorns,Clown Loaches,,,,24.99,,USD,"3-4"" single",3.5,in,false,2024-02-14T15:37:47-06:00,2026-08-28T05:03:39.386Z,https://www.j4flowerhorns.com/products/clown-loach
j4-flowerhorns,L46 Zebra Plecos,,,,149,179,USD,Default Title,,,true,2024-02-03T07:31:09-06:00,2026-08-28T05:03:39.386Z,https://www.j4flowerhorns.com/products/l46-zebra-plecos
j4-flowerhorns,"Leucistic Ghost Redtail Catfish 6""",,,,179,,USD,Default Title,,,false,2024-01-30T12:39:00-06:00,2026-08-28T05:03:39.386Z,https://www.j4flowerhorns.com/products/leucistic-ghost-redtail-catfish-6
j4-flowerhorns,"Amazon Puffer Fish 1""",,,,25,,USD,Default Title,,,false,2024-01-18T15:43:14-06:00,2026-08-28T05:03:39.386Z,https://www.j4flowerhorns.com/products/amazon-puffer-fish-1
j4-flowerhorns,"Mono sabae 2""",,,,12,,USD,Default Title,,,false,2024-01-18T15:22:38-06:00,2026-08-28T05:03:39.386Z,https://www.j4flowerhorns.com/products/mono-sabae-2
j4-flowerhorns,"Striped Silver Dollars 3""",,,,15,,USD,Default Title,,,false,2024-01-18T15:19:02-06:00,2026-08-28T05:03:39.386Z,https://www.j4flowerhorns.com/products/striped-silver-dollars-3
j4-flowerhorns,"GREEN Scatophagus Argus 2.2""",,,,12,,USD,Default Title,,,false,2024-01-18T14:23:08-06:00,2026-08-28T05:03:39.386Z,https://www.j4flowerhorns.com/products/red-green-scatophagus-argus-2
j4-flowerhorns,"Super Red Texas 1-1.5"" Fry ( unsexed )",,,,14.99,,USD,Default Title,,,false,2024-01-17T13:10:15-06:00,2026-08-28T05:03:39.386Z,https://www.j4flowerhorns.com/products/super-red-texas-1-1-5-unsexed
j4-flowerhorns,"Electric Catfish 5-6""",,,,59,,USD,Default Title,,,false,2024-01-04T14:14:42-06:00,2026-08-28T05:03:39.386Z,https://www.j4flowerhorns.com/products/electric-catfish-6
j4-flowerhorns,"Kelberi Peacock Bass 6""",,,,85,,USD,Default Title,,,false,2023-12-27T17:19:39-06:00,2026-08-28T05:03:39.386Z,https://www.j4flowerhorns.com/products/kelberi-peacock-bass-6
j4-flowerhorns,Albino Tinfoil Barbs 2”,,,,12,,USD,Default Title,,,true,2023-12-27T17:16:50-06:00,2026-08-28T05:03:39.386Z,https://www.j4flowerhorns.com/products/albino-tinfoil-barbs-3
j4-flowerhorns,Yoyo Loach 1.5-2”,,,,7,,USD,Default Title,,,true,2023-12-27T16:42:32-06:00,2026-08-28T05:03:39.386Z,https://www.j4flowerhorns.com/products/yoyo-loach-1-5
j4-flowerhorns,"Clown Knifefish 4-5""",,,,14,28,USD,Default Title,,,false,2023-12-27T13:58:48-06:00,2026-08-28T05:03:39.386Z,https://www.j4flowerhorns.com/products/clown-knifefish-6
j4-flowerhorns,"Pao Suvattii Puffer fish 3.5""",,,,75,,USD,Default Title,,,false,2023-12-22T15:48:48-06:00,2026-08-28T05:03:39.386Z,https://www.j4flowerhorns.com/products/pau-suvattii-pufferfish-3-5
j4-flowerhorns,Panda Cory,sp_panda_cory,common-name,,4,,USD,Default Title,,,false,2023-12-13T17:07:06-06:00,2026-08-28T05:03:39.386Z,https://www.j4flowerhorns.com/products/panda-cory
j4-flowerhorns,Srd male,,,,50,,USD,Default Title,,,false,2023-12-04T11:18:42-06:00,2026-08-28T05:03:39.386Z,https://www.j4flowerhorns.com/products/srd-male
j4-flowerhorns,Champaign Mojave \ Male,,,,180,,USD,Default Title,,,false,2023-12-02T11:58:04-06:00,2026-08-28T05:03:39.386Z,https://www.j4flowerhorns.com/products/champaign-mojave-male
j4-flowerhorns,Pastel Inchi Ivory ( MALE ),,,,300,,USD,Default Title,,,false,2023-12-02T11:55:54-06:00,2026-08-28T05:03:39.386Z,https://www.j4flowerhorns.com/products/pastel-inchi-ivory-male
j4-flowerhorns,Pastel Inchi Highway ( male,,,,299,,USD,Default Title,,,false,2023-12-02T11:51:46-06:00,2026-08-28T05:03:39.386Z,https://www.j4flowerhorns.com/products/pastel-inchi-highway-male
j4-flowerhorns,Electric Blue Acara 2”,sp_electric_blue_acara,common-name,,15,,USD,Default Title,,,true,2023-11-30T13:58:48-06:00,2026-08-28T05:03:39.386Z,https://www.j4flowerhorns.com/products/electric-blue-acara-2
j4-flowerhorns,"Salvini Cichlids 2""",,,,7,,USD,Default Title,,,false,2023-11-30T13:53:31-06:00,2026-08-28T05:03:39.386Z,https://www.j4flowerhorns.com/products/salvini-cichlids-2
j4-flowerhorns,"Piranha Manueli 3""",,,,200,,USD,Default Title,,,false,2023-11-29T17:23:04-06:00,2026-08-28T05:03:39.386Z,https://www.j4flowerhorns.com/products/piranha-manueli-3
j4-flowerhorns,"Electric Blue Hap (Sciaenochromis Ahli) Cichlid 5-6""",,,,49.99,,USD,Default Title,,,false,2023-11-22T12:36:50-06:00,2026-08-28T05:03:39.386Z,https://www.j4flowerhorns.com/products/electric-blue-hap-sciaenochromis-ahli-cichlid-5-6
j4-flowerhorns,"L600 Leopard Cactus Pleco 1-2""",,,,75,,USD,Default Title,,,true,2023-11-22T12:13:14-06:00,2026-08-28T05:03:39.386Z,https://www.j4flowerhorns.com/products/l600-leopard-cactus-pleco-7
j4-flowerhorns,"L330 Watermelon Royal Pleco 4-6""",,,,95,,USD,Default Title,,,false,2023-11-22T12:06:50-06:00,2026-08-28T05:03:39.386Z,https://www.j4flowerhorns.com/products/l330-watermelon-royal-pleco-6-7
j4-flowerhorns,"LDA78 Peckoltia Brevis 3""i",,,,45,,USD,Default Title,,,false,2023-11-22T12:03:37-06:00,2026-08-28T05:03:39.386Z,https://www.j4flowerhorns.com/products/lda78-peckoltia-brevis-3
j4-flowerhorns,"L333 King Tiger Pleco 2.5""",,,,75,,USD,Default Title,,,true,2023-11-22T12:00:52-06:00,2026-08-28T05:03:39.386Z,https://www.j4flowerhorns.com/products/l257-tiger-pleco
j4-flowerhorns,L236 Bella Monte Pleco,,,,75,,USD,Default Title,,,false,2023-11-21T10:35:33-06:00,2026-08-28T05:03:39.386Z,https://www.j4flowerhorns.com/products/l236-bella-monte-pleco
j4-flowerhorns,L471 Mini Snowball Pleco,,,,70,,USD,Default Title,,,false,2023-11-09T13:40:54-06:00,2026-08-28T05:03:39.386Z,https://www.j4flowerhorns.com/products/l471-mini-snowball-pleco
j4-flowerhorns,"Goonch Catfish "" Bagarius yarrelli ""  8-10""",,,,125,250,USD,Default Title,,,false,2023-11-09T13:06:44-06:00,2026-08-28T05:03:39.386Z,https://www.j4flowerhorns.com/products/goonch-catfish-7
j4-flowerhorns,"Pictus Catfish 4""",,,,15,,USD,Default Title,,,false,2023-11-06T17:38:19-06:00,2026-08-28T05:03:39.386Z,https://www.j4flowerhorns.com/products/pictus-catfish-4
j4-flowerhorns,"Adolfoi Corydoras .5-1""",,,,12,,USD,Default Title,,,true,2023-11-06T17:24:42-06:00,2026-08-28T05:03:39.386Z,https://www.j4flowerhorns.com/products/adolfoi-corydoras-1-5
j4-flowerhorns,"Albino BristleNose Plecos 2.5""",,,,24.5,,USD,Default Title,,,false,2023-10-31T15:17:41-05:00,2026-08-28T05:03:39.386Z,https://www.j4flowerhorns.com/products/albino-bristlenose-plecos-2-5
j4-flowerhorns,"Strawberry Leporinus Granti 5-7""",,,,95,,USD,Default Title,,,false,2023-10-31T13:34:56-05:00,2026-08-28T05:03:39.386Z,https://www.j4flowerhorns.com/products/strawberry-leporinus-granti-5-7
j4-flowerhorns,"Aimara Wolf fish 6""",sp_wolf_fish,common-name,,300,332,USD,Default Title,,,false,2023-10-18T18:33:05-05:00,2026-08-28T05:03:39.386Z,https://www.j4flowerhorns.com/products/aimara-wolf-fish-6
j4-flowerhorns,Yellow Golden Back Neocaridina Shrimp 10-Pack,,,,29.99,29.99,USD,Default Title,,,true,2023-10-15T10:57:19-05:00,2026-08-28T05:03:39.386Z,https://www.j4flowerhorns.com/products/yellow-golden-back-neocaridina-shrimp-10-pack
j4-flowerhorns,Fire Red Neocaridina Shrimp 10-Pack,,,,29.99,29.99,USD,Default Title,,,true,2023-10-15T10:56:11-05:00,2026-08-28T05:03:39.386Z,https://www.j4flowerhorns.com/products/fire-red-neocaridina-shrimp-10-pack
j4-flowerhorns,Blue Dream Neocaridina Shrimp 10-Pack,,,,29.99,29.99,USD,Default Title,,,true,2023-10-15T10:55:29-05:00,2026-08-28T05:03:39.386Z,https://www.j4flowerhorns.com/products/blue-dream-neocaridina-shrimp-10-pack
j4-flowerhorns,Orange Pumpkin Neocaridina Shrimp 10-Pack,,,,29.99,29.99,USD,Default Title,,,true,2023-10-15T10:54:55-05:00,2026-08-28T05:03:39.386Z,https://www.j4flowerhorns.com/products/orange-pumpkin-neocaridina-shrimp-10-pack
j4-flowerhorns,"Kuhli Loach 2""",,,,4.99,,USD,Default Title,,,true,2023-10-13T18:42:11-05:00,2026-08-28T05:03:39.386Z,https://www.j4flowerhorns.com/products/khuli-loach-2
j4-flowerhorns,"Sun Catfish( Horabagrus brachysoma ) 5""",sp_indian_sun_catfish,scientific-name,Horabagrus brachysoma,18,,USD,Default Title,,,false,2023-10-13T18:22:32-05:00,2026-08-28T05:03:39.386Z,https://www.j4flowerhorns.com/products/sun-catfish-horabagrus-brachysoma-5
j4-flowerhorns,"Raibow Krebensis ( dwarf cichlids ) 1""o",,,,14,,USD,Default Title,,,false,2023-10-13T17:19:11-05:00,2026-08-28T05:03:39.386Z,https://www.j4flowerhorns.com/products/raibow-krebensis-dwarf-cichlids-1
j4-flowerhorns,"Xingu PIke-1 Cichlid 2.5""",,,,54.99,,USD,Default Title,,,false,2023-10-13T17:09:55-05:00,2026-08-28T05:03:39.386Z,https://www.j4flowerhorns.com/products/xingu-pike-1-cichlid-2-5
j4-flowerhorns,"Tiger Shovelnose Catfish 2.5""",,,,24.99,,USD,Default Title,,,false,2023-10-13T16:48:45-05:00,2026-08-28T05:03:39.386Z,https://www.j4flowerhorns.com/products/tiger-shovelnose-catfish-2-5
j4-flowerhorns,Red Tail Catfish 2”,,,,20,,USD,Default Title,,,false,2023-10-13T16:39:16-05:00,2026-08-28T05:03:39.386Z,https://www.j4flowerhorns.com/products/red-tail-catfish-2
j4-flowerhorns,"Figure 8 Puffer Fish 1""",,,,12,,USD,Default Title,,,false,2023-10-13T15:37:35-05:00,2026-08-28T05:03:39.386Z,https://www.j4flowerhorns.com/products/figure-8-puffer-fish-1
j4-flowerhorns,"Red Head Tapajos Geophagus 3-4""",sp_geophagus_tapajos,alias,,24,,USD,Default Title,,,false,2023-10-13T15:30:29-05:00,2026-08-28T05:03:39.386Z,https://www.j4flowerhorns.com/products/red-head-tapajos-geophagus-1
j4-flowerhorns,Super Red Monkey Fry Pack ( 5 Pack ),,,,35,,USD,Default Title,,,false,2023-10-12T21:29:19-05:00,2026-08-28T05:03:39.386Z,https://www.j4flowerhorns.com/products/super-red-monkey-fry-pack-4-1-free
j4-flowerhorns,"Fahaka Puffer ( RED LINE ) 7""",,,,320,,USD,Default Title,,,false,2023-10-05T18:16:22-05:00,2026-08-28T05:03:39.386Z,https://www.j4flowerhorns.com/products/fahaka-puffer-1
j4-flowerhorns,"Platinum Endlecheri Bichir 3""",,,,599.99,,USD,Default Title,,,false,2023-10-03T14:44:54-05:00,2026-08-28T05:03:39.386Z,https://www.j4flowerhorns.com/products/platinum-endlecheri-bichir-3
j4-flowerhorns,"New Guinea Tiger Datnoids / NGT 7""",,,,400,,USD,Default Title,,,false,2023-09-07T15:10:48-05:00,2026-08-28T05:03:39.386Z,https://www.j4flowerhorns.com/products/untitled-sep7_15-09
j4-flowerhorns,"White Diamond Het ( Female"" 5.5""",,,,650,,USD,Default Title,,,false,2023-09-02T09:23:23-05:00,2026-08-28T05:03:39.386Z,https://www.j4flowerhorns.com/products/untitled-sep2_09-22
j4-flowerhorns,"Royal Clown Knife 11""",,,,185,,USD,Default Title,,,false,2023-08-14T14:33:38-05:00,2026-08-28T05:03:39.386Z,https://www.j4flowerhorns.com/products/royal-clown-knife-11
j4-flowerhorns,"Albino Shortbody Iridescent shark 5-6""",,,,109,,USD,Default Title,,,false,2023-08-12T10:12:33-05:00,2026-08-28T05:03:39.386Z,https://www.j4flowerhorns.com/products/albino-shortbody-iridescent-shark-5-6
j4-flowerhorns,Platinum Panda Butterfly Kois,,,,45,,USD,Default Title,,,false,2023-08-11T17:16:54-05:00,2026-08-28T05:03:39.386Z,https://www.j4flowerhorns.com/products/platinum-butterfly-kois
j4-flowerhorns,Albino Threadfin Acara (Acarichthys heckelii ‘albino’) 2-3”,,,,32,,USD,2-3,,,true,2023-08-11T14:14:14-05:00,2026-08-28T05:03:39.386Z,https://www.j4flowerhorns.com/products/albino-threadfin-acara-acarichthys-heckelii-albino-2
j4-flowerhorns,"Florida Gars 3""",,,,99,,USD,Default Title,,,false,2023-08-11T13:40:21-05:00,2026-08-28T05:03:39.386Z,https://www.j4flowerhorns.com/products/florida-gars-3
j4-flowerhorns,Chinese High Fin Banded Shark ( Loach ) 3-4”,,,,42,,USD,Default Title,,,false,2023-08-11T13:30:40-05:00,2026-08-28T05:03:39.386Z,https://www.j4flowerhorns.com/products/chinese-hifin-loach-2
j4-flowerhorns,"African Arowana 4-5""",,,,79,,USD,Default Title,,,false,2023-08-10T12:38:27-05:00,2026-08-28T05:03:39.386Z,https://www.j4flowerhorns.com/products/african-arowana-4-5
j4-flowerhorns,Albino Arowana,,,,55,,USD,"2-4""",3,in,false,2023-07-11T13:55:52-05:00,2026-08-28T05:03:39.386Z,https://www.j4flowerhorns.com/products/albino-arowana-11-12
j4-flowerhorns,Albino Arowana,,,,75,,USD,4-5”,,,false,2023-07-11T13:55:52-05:00,2026-08-28T05:03:39.386Z,https://www.j4flowerhorns.com/products/albino-arowana-11-12
j4-flowerhorns,Albino Arowana,,,,149,,USD,"7-9""",8,in,false,2023-07-11T13:55:52-05:00,2026-08-28T05:03:39.386Z,https://www.j4flowerhorns.com/products/albino-arowana-11-12
j4-flowerhorns,"Turkana Red Jewel Cichlids 1.5-2""",,,,17.5,,USD,Default Title,,,false,2023-07-09T14:01:49-05:00,2026-08-28T05:03:39.386Z,https://www.j4flowerhorns.com/products/turkana-red-jewel-cichlids-1-5-2
j4-flowerhorns,Clown Knifefish,,,,29.99,,USD,5-6 inch,5.5,in,false,2023-07-09T06:01:45-05:00,2026-08-28T05:03:39.386Z,https://www.j4flowerhorns.com/products/clown-knifefish-5-6
j4-flowerhorns,"Hemarius Stormii Catfish 4-5""",,,,55,,USD,4-5 inch,4.5,in,false,2023-06-24T10:10:57-05:00,2026-08-28T05:03:39.386Z,https://www.j4flowerhorns.com/products/hemarius-stormii-catfish-4-5
j4-flowerhorns,"Hemarius Stormii Catfish 4-5""",,,,100,,USD,"6-7""",6.5,in,false,2023-06-24T10:10:57-05:00,2026-08-28T05:03:39.386Z,https://www.j4flowerhorns.com/products/hemarius-stormii-catfish-4-5
j4-flowerhorns,Asian Gar,,,,29.99,,USD,5 inch,5,in,false,2023-06-24T08:44:50-05:00,2026-08-28T05:03:39.386Z,https://www.j4flowerhorns.com/products/asian-gar-5
j4-flowerhorns,Neon Borneo Sucker,,,,129,,USD,Default Title,,,false,2023-06-24T08:29:48-05:00,2026-08-28T05:03:39.386Z,https://www.j4flowerhorns.com/products/neon-borneo-sucker
j4-flowerhorns,"Shortbody Silver Arowanas 10""",,,,550,,USD,Default Title,,,false,2023-06-24T08:22:56-05:00,2026-08-28T05:03:39.386Z,https://www.j4flowerhorns.com/products/shortbody-silver-arowanas-6-7
j4-flowerhorns,"Intermedia Peacock Bass 4-5""",,,,85,,USD,Default Title,,,false,2023-06-24T07:55:35-05:00,2026-08-28T05:03:39.386Z,https://www.j4flowerhorns.com/products/intermedia-peacock-bass-4-5
j4-flowerhorns,"Lince Catfish 6""",,,,600,,USD,Default Title,,,false,2023-06-24T06:06:49-05:00,2026-08-28T05:03:39.386Z,https://www.j4flowerhorns.com/products/lince-catfish-5
j4-flowerhorns,Betta Female,sp_betta,common-name,,9.99,,USD,Default Title,,,false,2023-06-22T18:01:13-05:00,2026-08-28T05:03:39.386Z,https://www.j4flowerhorns.com/products/betta-female
j4-flowerhorns,Kohaku Swordtail,,,,7,,USD,Default Title,,,true,2023-06-22T17:51:15-05:00,2026-08-28T05:03:39.386Z,https://www.j4flowerhorns.com/products/s-kohaku-swordtail
j4-flowerhorns,Marble Swordtail,,,,5.99,,USD,Default Title,,,false,2023-06-22T17:50:40-05:00,2026-08-28T05:03:39.386Z,https://www.j4flowerhorns.com/products/s-marble-swordtail
j4-flowerhorns,Assorted Peacock Cichlids,,,,4.99,,USD,Default Title,,,false,2023-06-22T17:49:53-05:00,2026-08-28T05:03:39.386Z,https://www.j4flowerhorns.com/products/s-assorted-peacock-cichlids
j4-flowerhorns,Moba Frontosa,,,,29.99,,USD,Default Title,,,false,2023-06-22T17:48:15-05:00,2026-08-28T05:03:39.386Z,https://www.j4flowerhorns.com/products/s-moba-frontosa
j4-flowerhorns,Kapampa Frontosa,,,,24,,USD,Default Title,,,false,2023-06-22T17:47:25-05:00,2026-08-28T05:03:39.386Z,https://www.j4flowerhorns.com/products/s-kapampa-frontoso
j4-flowerhorns,Bubble Dish,,,,5,,USD,Default Title,,,false,2023-06-19T15:30:19-05:00,2026-08-28T05:03:39.386Z,https://www.j4flowerhorns.com/products/bubble-dish
j4-flowerhorns,Catfish Shovelnose Lima,,,,36.99,,USD,Default Title,,,false,2023-06-15T20:27:49-05:00,2026-08-28T05:03:39.386Z,https://www.j4flowerhorns.com/products/catfish-shovelnose-lima
j4-flowerhorns,Flowerhorn Grooming Tool,,,,17.99,,USD,Default Title,,,true,2023-05-14T21:21:53-05:00,2026-08-28T05:03:39.386Z,https://www.j4flowerhorns.com/products/grooming-tool
j4-flowerhorns,Silver Arowana,,,,24.99,0,USD,5-6,,,false,2023-04-28T03:13:36-05:00,2026-08-28T05:03:39.386Z,https://www.j4flowerhorns.com/products/silver-arowana-4-5
j4-flowerhorns,"Shortbody Albino Arowana 5-6""",,,,450,550,USD,Default Title,,,false,2023-04-28T03:13:18-05:00,2026-08-28T05:03:39.386Z,https://www.j4flowerhorns.com/products/shortboy-albino-arowana
j4-flowerhorns,Full Platinum Albino Guppy,,,,20,,USD,5+1 Guppies,,,false,2023-04-12T13:01:12-05:00,2026-08-28T05:03:39.386Z,https://www.j4flowerhorns.com/products/full-platinum-albino-guppy
j4-flowerhorns,L129 Colombian Zebra Pleco,,,,15,,USD,1.5-2.5 inch,2,in,false,2023-04-03T14:22:09-05:00,2026-08-28T05:03:39.386Z,https://www.j4flowerhorns.com/products/l129-columbian-zebra-pleco
j4-flowerhorns,L240 Vampire Pleco,,,,89.99,,USD,3-5 inch,4,in,true,2023-04-03T14:21:00-05:00,2026-08-28T05:03:39.386Z,https://www.j4flowerhorns.com/products/l240-vampire-pleco
j4-flowerhorns,L240 Vampire Pleco,,,,120,,USD,"6-8""",7,in,false,2023-04-03T14:21:00-05:00,2026-08-28T05:03:39.386Z,https://www.j4flowerhorns.com/products/l240-vampire-pleco
j4-flowerhorns,Assassin Snail,,,,3,,USD,Default Title,,,false,2023-04-03T14:08:40-05:00,2026-08-28T05:03:39.386Z,https://www.j4flowerhorns.com/products/assassin-snail
j4-flowerhorns,Cobra Guppy,,,,20,,USD,5+1 Guppies,,,false,2023-04-03T14:06:35-05:00,2026-08-28T05:03:39.386Z,https://www.j4flowerhorns.com/products/cobra-guppy
j4-flowerhorns,Koi Tuxedo Guppy,,,,20,,USD,5+1,,,false,2023-04-03T14:05:56-05:00,2026-08-28T05:03:39.386Z,https://www.j4flowerhorns.com/products/koi-tuxedo-guppy
j4-flowerhorns,Koi Balloon Molly,,,,15,,USD,Default Title,,,false,2023-04-03T13:58:05-05:00,2026-08-28T05:03:39.386Z,https://www.j4flowerhorns.com/products/koi-balloon-molly
j4-flowerhorns,Longfin Senegal Bichir,sp_senegal_bichir,common-name,,20,,USD,Default Title,,,false,2023-04-03T13:43:34-05:00,2026-08-28T05:03:39.386Z,https://www.j4flowerhorns.com/products/senegal-bichir
j4-flowerhorns,"Endlicheri Bichir 4""",,,,25,,USD,"3-4""",3.5,in,true,2023-04-03T13:09:58-05:00,2026-08-28T05:03:39.386Z,https://www.j4flowerhorns.com/products/endlicheri-bichir
j4-flowerhorns,Shortbody Oscar,,,,79,,USD,Default Title,,,false,2023-04-02T13:23:27-05:00,2026-08-28T05:03:39.386Z,https://www.j4flowerhorns.com/products/albino-shortbody-oscar
j4-flowerhorns,Marbled Florida Gar,,,,750,,USD,Default Title,,,false,2023-04-02T13:21:45-05:00,2026-08-28T05:03:39.386Z,https://www.j4flowerhorns.com/products/marbled-florida-gar
j4-flowerhorns,"Zebrina Pike 3""",,,,150,,USD,Default Title,,,false,2023-04-02T13:16:49-05:00,2026-08-28T05:03:39.386Z,https://www.j4flowerhorns.com/products/zebrina-pike
j4-flowerhorns,"L18 Golden Nugget Pleco 2-3""",,,,48,,USD,Default Title,,,false,2023-04-02T13:10:42-05:00,2026-08-28T05:03:39.386Z,https://www.j4flowerhorns.com/products/l18-gold-nugget-pleco
j4-flowerhorns,"Short Body Redtail Catfish 10""",,,,250,,USD,Default Title,,,false,2023-04-02T13:08:20-05:00,2026-08-28T05:03:39.386Z,https://www.j4flowerhorns.com/products/short-body-redtail-catfish
j4-flowerhorns,"Panda Uaru 4-5""",,,,120,,USD,1-2 inch,1.5,in,false,2023-04-02T13:06:48-05:00,2026-08-28T05:03:39.386Z,https://www.j4flowerhorns.com/products/panda-uaru-1
j4-flowerhorns,"Panda Uaru 4-5""",,,,75,,USD,3-4inch,3.5,in,false,2023-04-02T13:06:48-05:00,2026-08-28T05:03:39.386Z,https://www.j4flowerhorns.com/products/panda-uaru-1
j4-flowerhorns,"Panda Uaru 4-5""",,,,120,,USD,4-5 inch,4.5,in,false,2023-04-02T13:06:48-05:00,2026-08-28T05:03:39.386Z,https://www.j4flowerhorns.com/products/panda-uaru-1
j4-flowerhorns,L24 Redfin Cactus Pleco,,,,85,,USD,Default Title,,,false,2023-04-02T13:04:49-05:00,2026-08-28T05:03:39.386Z,https://www.j4flowerhorns.com/products/l24-redfin-cactus-pleco
j4-flowerhorns,"Yellow Tiger Parrot Cichlid 4-5""",,,,95,,USD,Default Title,,,false,2023-04-02T12:57:26-05:00,2026-08-28T05:03:39.386Z,https://www.j4flowerhorns.com/products/yellow-tiger-parrot-cichlid
j4-flowerhorns,Flowerhorn Grooming Mirror,,,,34.99,,USD,Default Title,,,false,2023-04-02T00:45:30-05:00,2026-08-28T05:03:39.386Z,https://www.j4flowerhorns.com/products/flowerhorn-grooming-mirror
j4-flowerhorns,L200 Green Phantom Plecos,,,,36,,USD,"2-3""",2.5,in,false,2023-04-02T00:28:47-05:00,2026-08-28T05:03:39.386Z,https://www.j4flowerhorns.com/products/l200-green-phantom-pleco
j4-flowerhorns,L200 Green Phantom Plecos,,,,55,,USD,"4-5""",4.5,in,true,2023-04-02T00:28:47-05:00,2026-08-28T05:03:39.386Z,https://www.j4flowerhorns.com/products/l200-green-phantom-pleco
j4-flowerhorns,Bumble Bee Grouper ( Freshwater ),,,,210,,USD,Default Title,,,false,2023-04-02T00:24:17-05:00,2026-08-28T05:03:39.386Z,https://www.j4flowerhorns.com/products/bumble-bee-grouper
j4-flowerhorns,Red Tiger Parrot Cichlid,,,,65,,USD,Default Title,,,false,2023-04-02T00:13:32-05:00,2026-08-28T05:03:39.386Z,https://www.j4flowerhorns.com/products/red-tiger-parrot-cichlid
j4-flowerhorns,Indo Tiger Datnoid,,,,35,,USD,Default Title,,,false,2023-04-02T00:10:05-05:00,2026-08-28T05:03:39.386Z,https://www.j4flowerhorns.com/products/indo-tiger-datnoid
j4-flowerhorns,Spotted Congo Puffer Fish 2”,sp_congo_puffer,common-name,,120,0,USD,Default Title,,,false,2023-04-02T00:00:24-05:00,2026-08-28T05:03:39.386Z,https://www.j4flowerhorns.com/products/spotted-congo-puffer
j4-flowerhorns,"Xanthic Golden Fire Eel 5-6""",,,,350,,USD,7,,,false,2023-04-01T23:58:21-05:00,2026-08-28T05:03:39.386Z,https://www.j4flowerhorns.com/products/xanthic-fire-eel
j4-flowerhorns,Albino Marbled Alligator Gar,,,,1100,,USD,Default Title,,,false,2023-04-01T23:56:08-05:00,2026-08-28T05:03:39.386Z,https://www.j4flowerhorns.com/products/albino-marbled-alligator-gar
j4-flowerhorns,Red Miurus Puffer,,,,95,,USD,Default Title,,,false,2023-04-01T23:42:08-05:00,2026-08-28T05:03:39.386Z,https://www.j4flowerhorns.com/products/red-miurus-puffer
j4-flowerhorns,Delhezi Bichir 4”,sp_delhezi_bichir,common-name,,20,,USD,"4-5""",4.5,in,true,2023-04-01T23:40:05-05:00,2026-08-28T05:03:39.386Z,https://www.j4flowerhorns.com/products/delhezi-bichir
j4-flowerhorns,Ornate Bichir 3-4”,sp_ornate_bichir,common-name,,40,,USD,Default Title,,,true,2023-04-01T23:34:03-05:00,2026-08-28T05:03:39.386Z,https://www.j4flowerhorns.com/products/ornate-bichir
predatory-fins,Black Kumpay Goby (Stiphodon atropurpureus),,,Stiphodon atropurpureus,20,,USD,1.5 inches,1.5,in,true,2026-08-06T16:26:26-04:00,2026-08-28T05:03:39.423Z,https://www.predatoryfins.com/products/black-kumpay-goby-stiphodon-atropurpureus
predatory-fins,White Butterfly Discus (Symphysodon aequifaciatus),,,Symphysodon aequifaciatus,295,350,USD,6 - 6.5 inches (Select Grade),6.25,in,false,2026-07-24T19:45:40-04:00,2026-08-28T05:03:39.423Z,https://www.predatoryfins.com/products/white-butterfly-discus-symphysodon-aequifaciatus
predatory-fins,Giant Flora Red Turquoise Discus (Symphysodon aequifasciatus),,,Symphysodon aequifasciatus,295,350,USD,6.5 - 7 inches (Select Grade),6.75,in,true,2026-07-24T19:43:08-04:00,2026-08-28T05:03:39.423Z,https://www.predatoryfins.com/products/giant-flora-red-turquoise-discus-symphysodon-aequifasciatus
predatory-fins,L519 Honeycomb Bristlenose Pleco (Ancistrus sp. L519),sp_bristlenose_pleco,common-name,,58,,USD,2.75 - 3 inches,2.88,in,true,2026-07-24T14:23:44-04:00,2026-08-28T05:03:39.423Z,https://www.predatoryfins.com/products/l519-honeycomb-bristlenose-pleco-ancistrus-sp-l519
predatory-fins,Golden Ballon Molly (Poecilia sphenops),,,Poecilia sphenops,28,,USD,1.5 - 1.75 inches (lyre-tail),1.63,in,true,2026-07-24T13:35:27-04:00,2026-08-28T05:03:39.423Z,https://www.predatoryfins.com/products/golden-ballon-molly-poecilia-sphenops
predatory-fins,Golden Ballon Molly (Poecilia sphenops),,,Poecilia sphenops,30,,USD,2 - 2.5 inches,2.25,in,false,2026-07-24T13:35:27-04:00,2026-08-28T05:03:39.423Z,https://www.predatoryfins.com/products/golden-ballon-molly-poecilia-sphenops
predatory-fins,Platinum Marble Ballon Molly (Poecilia sphenops),,,Poecilia sphenops,28,,USD,1.5 - 1.75 inches (lyre-tail),1.63,in,true,2026-07-24T13:33:51-04:00,2026-08-28T05:03:39.423Z,https://www.predatoryfins.com/products/platinum-marble-ballon-molly-poecilia-sphenops
predatory-fins,Platinum Marble Ballon Molly (Poecilia sphenops),,,Poecilia sphenops,30,,USD,2 - 2.5 inches,2.25,in,false,2026-07-24T13:33:51-04:00,2026-08-28T05:03:39.423Z,https://www.predatoryfins.com/products/platinum-marble-ballon-molly-poecilia-sphenops
predatory-fins,Platinum Ballon Molly (Poecilia sphenops),,,Poecilia sphenops,25,,USD,1.5 - 1.75 inches (lyre-tail),1.63,in,true,2026-07-24T13:23:19-04:00,2026-08-28T05:03:39.423Z,https://www.predatoryfins.com/products/platinum-ballon-molly-poecilia-sphenops
predatory-fins,Platinum Ballon Molly (Poecilia sphenops),,,Poecilia sphenops,30,,USD,2 - 2.5 inches,2.25,in,false,2026-07-24T13:23:19-04:00,2026-08-28T05:03:39.423Z,https://www.predatoryfins.com/products/platinum-ballon-molly-poecilia-sphenops
predatory-fins,"Albino Kohaku Koi Lyretail Swordtail
(Xiphophorus hellerii)",,,Xiphophorus hellerii,55,,USD,1.5 - 2 inches (Pair 1M+1F),1.75,in,false,2026-07-24T12:50:27-04:00,2026-08-28T05:03:39.423Z,https://www.predatoryfins.com/products/albino-kohaku-koi-lyretail-swordtail-xiphophorus-hellerii
predatory-fins,Red Bay Snook (Petenia splendida),,,Petenia splendida,225,,USD,9 - 10 inches,9.5,in,true,2026-07-23T12:27:05-04:00,2026-08-28T05:03:39.423Z,https://www.predatoryfins.com/products/red-bay-snook-petenia-splendida
predatory-fins,Speckled Candiru Catfish (Cetopsis orinoco),,,Cetopsis orinoco,75,,USD,5 - 6 inches,5.5,in,true,2026-07-20T02:02:34-04:00,2026-08-28T05:03:39.423Z,https://www.predatoryfins.com/products/speckled-candiru-catfish-cetopsis-orinoco
predatory-fins,L185 Evil Cactus Pleco (Pseudacanthicus sp.),,,,150,,USD,6.5 - 7 inches,6.75,in,false,2026-07-01T14:47:39-04:00,2026-08-28T05:03:39.423Z,https://www.predatoryfins.com/products/l185-xingu-spiny-monster-pleco
predatory-fins,Short-body Endlicheri Bichir (Polypterus endlicheri) (Copy),,,Polypterus endlicheri,350,,USD,5 - 5.5 inches,5.25,in,false,2026-06-25T13:49:28-04:00,2026-08-28T05:03:39.423Z,https://www.predatoryfins.com/products/short-body-endlicheri-bichir-polypterus-endlicheri-copy
predatory-fins,Short-body Endlicheri Bichir (Polypterus endlicheri) (Copy),,,Polypterus endlicheri,400,,USD,6 - 6.5 inches,6.25,in,true,2026-06-25T13:49:28-04:00,2026-08-28T05:03:39.423Z,https://www.predatoryfins.com/products/short-body-endlicheri-bichir-polypterus-endlicheri-copy
predatory-fins,Green laser Corydora,,,,40,,USD,1.5 - 2 inches,1.75,in,false,2026-06-05T14:48:37-04:00,2026-08-28T05:03:39.423Z,https://www.predatoryfins.com/products/green-laser-corydora
predatory-fins,Short-body Delhezi Bichir (AAA Grade) (Polypterus delhezi) (Copy),sp_delhezi_bichir,scientific-name,Polypterus delhezi,385,,USD,4 inches,4,in,false,2026-06-05T13:48:01-04:00,2026-08-28T05:03:39.423Z,https://www.predatoryfins.com/products/short-body-delhezi-bichir-aaa-grade-polypterus-delhezi-copy
predatory-fins,Dusky Narrow Hatchetfish (Triportheus angulatus),,,Triportheus angulatus,10,18,USD,2 - 2.5 inches,2.25,in,false,2026-06-05T13:44:54-04:00,2026-08-28T05:03:39.423Z,https://www.predatoryfins.com/products/dusky-narrow-hatchetfish-triportheus-angulatus
predatory-fins,Albino Hoplo Catfish (Megalechis thoracata),,,Megalechis thoracata,35,,USD,5 inches,5,in,false,2026-06-04T17:23:46-04:00,2026-08-28T05:03:39.423Z,https://www.predatoryfins.com/products/albino-hoplo-catfish-megalechis-thoracata
predatory-fins,Albino Marble Lancer Catfish (Bagroides melapterus),,,Bagroides melapterus,2500,,USD,5.5 - 6 inches,5.75,in,false,2026-06-04T13:46:43-04:00,2026-08-28T05:03:39.423Z,https://www.predatoryfins.com/products/albino-marble-lancer-catfish-bagroides-melapterus
predatory-fins,Coal Grunter (Hephaestus carbo),,,Hephaestus carbo,55,,USD,2.5 - 3 inches,2.75,in,true,2026-06-04T12:40:09-04:00,2026-08-28T05:03:39.423Z,https://www.predatoryfins.com/products/coal-grunter-hephaestus-carbo
predatory-fins,Coal Grunter (Hephaestus carbo),,,Hephaestus carbo,70,,USD,3.5 - 4 inches,3.75,in,true,2026-06-04T12:40:09-04:00,2026-08-28T05:03:39.423Z,https://www.predatoryfins.com/products/coal-grunter-hephaestus-carbo
predatory-fins,Coal Grunter (Hephaestus carbo),,,Hephaestus carbo,85,,USD,4.5 - 5 inches,4.75,in,true,2026-06-04T12:40:09-04:00,2026-08-28T05:03:39.423Z,https://www.predatoryfins.com/products/coal-grunter-hephaestus-carbo
predatory-fins,Giant Sword Minnow (Macrochirichthys macrochirus),,,Macrochirichthys macrochirus,125,,USD,6.5 - 7 inches,6.75,in,false,2026-06-04T12:17:03-04:00,2026-08-28T05:03:39.423Z,https://www.predatoryfins.com/products/giant-sword-minnow
predatory-fins,Giant Sword Minnow (Macrochirichthys macrochirus),,,Macrochirichthys macrochirus,110,,USD,5.5 - 6 inches,5.75,in,false,2026-06-04T12:17:03-04:00,2026-08-28T05:03:39.423Z,https://www.predatoryfins.com/products/giant-sword-minnow
predatory-fins,Short body Long-fin platinum tinfoil barb (Barbonymus schwanenfeldii),,,Barbonymus schwanenfeldii,200,,USD,4 - 4.5 inches,4.25,in,true,2026-06-03T19:20:38-04:00,2026-08-28T05:03:39.423Z,https://www.predatoryfins.com/products/short-body-long-fin-platinum-tinfoil-barb-barbonymus-schwanenfeldii-copy
predatory-fins,Golden Red Crystal Texas Cichlid,,,,399,,USD,7 - 8 inches,7.5,in,true,2026-05-17T16:34:51-04:00,2026-08-28T05:03:39.423Z,https://www.predatoryfins.com/products/golden-red-crystal-texas-cichlid
predatory-fins,Golden Red Crystal Texas Cichlid,,,,399,,USD,7 - 8 inches (super red),7.5,in,false,2026-05-17T16:34:51-04:00,2026-08-28T05:03:39.423Z,https://www.predatoryfins.com/products/golden-red-crystal-texas-cichlid
predatory-fins,Red Crystal Parrot Cichlid,,,,399,,USD,6 inches,6,in,false,2026-05-17T15:16:17-04:00,2026-08-28T05:03:39.423Z,https://www.predatoryfins.com/products/red-crystal-parrot
predatory-fins,Platinum Lapradei Koliba Bichir (Polypterus lapradei),,,Polypterus lapradei,2500,,USD,12 inches,12,in,true,2026-05-17T14:16:14-04:00,2026-08-28T05:03:39.423Z,https://www.predatoryfins.com/products/platinum-lapradei-koliba-bichir-polypterus-lapradei-copy
predatory-fins,Platinum Endlicheri Bichir (Polypterus endlicheri),,,Polypterus endlicheri,1250,,USD,7 - 7.5 inches,7.25,in,false,2026-05-17T13:17:55-04:00,2026-08-28T05:03:39.423Z,https://www.predatoryfins.com/products/platinum-endlicheri-bichir-polypterus-endlicheri-copy
predatory-fins,Platinum Endlicheri Bichir (Polypterus endlicheri),,,Polypterus endlicheri,2300,,USD,12 inches,12,in,true,2026-05-17T13:17:55-04:00,2026-08-28T05:03:39.423Z,https://www.predatoryfins.com/products/platinum-endlicheri-bichir-polypterus-endlicheri-copy
predatory-fins,Platinum Endlicheri Bichir (Polypterus endlicheri),,,Polypterus endlicheri,350,,USD,3.5 - 4 inches,3.75,in,false,2026-05-17T13:17:55-04:00,2026-08-28T05:03:39.423Z,https://www.predatoryfins.com/products/platinum-endlicheri-bichir-polypterus-endlicheri-copy
predatory-fins,Platinum Endlicheri Bichir (Polypterus endlicheri),,,Polypterus endlicheri,400,,USD,4.5 - 5 inches,4.75,in,false,2026-05-17T13:17:55-04:00,2026-08-28T05:03:39.423Z,https://www.predatoryfins.com/products/platinum-endlicheri-bichir-polypterus-endlicheri-copy
predatory-fins,Platinum Endlicheri Bichir (Polypterus endlicheri),,,Polypterus endlicheri,750,,USD,7 inches (Damaged eye),7,in,true,2026-05-17T13:17:55-04:00,2026-08-28T05:03:39.423Z,https://www.predatoryfins.com/products/platinum-endlicheri-bichir-polypterus-endlicheri-copy
predatory-fins,Three Spot Geophagus (Satanoperca Daemon),,,,45,,USD,4.5 - 5 inches (wild),4.75,in,false,2026-05-15T19:12:17-04:00,2026-08-28T05:03:39.423Z,https://www.predatoryfins.com/products/three-spot-geophagus-satanoperca-daemon
predatory-fins,Three Spot Geophagus (Satanoperca Daemon),,,,40,,USD,4 inches,4,in,false,2026-05-15T19:12:17-04:00,2026-08-28T05:03:39.423Z,https://www.predatoryfins.com/products/three-spot-geophagus-satanoperca-daemon
predatory-fins,Freckled Cichlid (Rheoheros Lentiginosus),,,,20,,USD,1 inch,1,in,false,2026-05-15T17:27:33-04:00,2026-08-28T05:03:39.423Z,https://www.predatoryfins.com/products/freckled-cichlid-rheoheros-lentiginosus
predatory-fins,Papuan Red Brick Crayfish (Cherax sp. Red Brick),,,,40,,USD,2.5 - 3 inches,2.75,in,false,2026-05-15T17:15:46-04:00,2026-08-28T05:03:39.423Z,https://www.predatoryfins.com/products/papuan-red-brick-crayfish-cherax-sp-red-brick
predatory-fins,Papua Orange Tip Crayfish (Cherax Snowdeni),,,,35,,USD,2.5 - 3 inches,2.75,in,false,2026-05-15T16:58:38-04:00,2026-08-28T05:03:39.423Z,https://www.predatoryfins.com/products/papua-orange-tip-crayfish-cherax-snowdeni
predatory-fins,Freshwater snake eel,,,,150,,USD,6 - 8 inches,7,in,false,2026-05-15T14:55:32-04:00,2026-08-28T05:03:39.423Z,https://www.predatoryfins.com/products/freshwater-snake-eel
predatory-fins,Tocantinsia Piresi Catfish,,,,165,185,USD,5 - 5.5 inches,5.25,in,true,2026-05-11T17:55:48-04:00,2026-08-28T05:03:39.423Z,https://www.predatoryfins.com/products/tocantinsia-piresi-catfish
predatory-fins,L253 Black Royal Goldie Pleco,,,,275,,USD,8 - 9 inches,8.5,in,false,2026-05-11T17:41:33-04:00,2026-08-28T05:03:39.423Z,https://www.predatoryfins.com/products/l253-black-royal-goldie-pleco
predatory-fins,Platinum Lyretail Molly (Poecilia sphenops),,,Poecilia sphenops,15,,USD,1.5 inches,1.5,in,false,2026-04-27T01:28:13-04:00,2026-08-28T05:03:39.423Z,https://www.predatoryfins.com/products/red-hamburg-hifin-molly-xiphophorus-hellerii-copy
predatory-fins,Red Hamburg Hifin Molly (xiphophorus hellerii),,,,68,,USD,2.5 inches (Pair 1M+1F),2.5,in,false,2026-04-27T01:21:46-04:00,2026-08-28T05:03:39.423Z,https://www.predatoryfins.com/products/blood-red-cauliflower-sabertail-xiphophorus-helleri-copy
predatory-fins,Blood red Cauliflower Sabertail (Xiphophorus helleri),,,Xiphophorus helleri,68,,USD,2.5 inches (Pair 1M+1F),2.5,in,false,2026-04-27T01:14:49-04:00,2026-08-28T05:03:39.423Z,https://www.predatoryfins.com/products/albino-red-devil-lyretail-molly-poecilia-latipinna-copy
predatory-fins,Chinese Neon Golden Stripe Sharks (Sarcocheilichthys parvus),,,Sarcocheilichthys parvus,18,,USD,2 Inches,2,in,false,2026-04-27T01:04:18-04:00,2026-08-28T05:03:39.423Z,https://www.predatoryfins.com/products/gold-barb-puntius-sachsii-copy
predatory-fins,Orange goby (sineleotris saccaharae),,,,35,,USD,2 - 2.5  inches,2.25,in,false,2026-04-27T00:57:48-04:00,2026-08-28T05:03:39.423Z,https://www.predatoryfins.com/products/marble-sleeper-goby-oxyeleotris-marmorata-copy
predatory-fins,Orange goby (sineleotris saccaharae),,,,30,45,USD,4 - 4.5 inches,4.25,in,false,2026-04-27T00:57:48-04:00,2026-08-28T05:03:39.423Z,https://www.predatoryfins.com/products/marble-sleeper-goby-oxyeleotris-marmorata-copy
predatory-fins,Ripple Mandarin Perch (Siniperca undulata),,,Siniperca undulata,145,,USD,3 - 3.5 inches,3.25,in,false,2026-04-27T00:11:36-04:00,2026-08-28T05:03:39.423Z,https://www.predatoryfins.com/products/amber-mandarin-fish-siniperca-obscura-copy
predatory-fins,Ripple Mandarin Perch (Siniperca undulata),,,Siniperca undulata,150,,USD,4 - 4.5 inches,4.25,in,false,2026-04-27T00:11:36-04:00,2026-08-28T05:03:39.423Z,https://www.predatoryfins.com/products/amber-mandarin-fish-siniperca-obscura-copy
predatory-fins,Ripple Mandarin Perch (Siniperca undulata),,,Siniperca undulata,185,,USD,5 - 5.5 inches,5.25,in,false,2026-04-27T00:11:36-04:00,2026-08-28T05:03:39.423Z,https://www.predatoryfins.com/products/amber-mandarin-fish-siniperca-obscura-copy
predatory-fins,Amber mandarin fish (siniperca obscura),,,,145,,USD,3 - 3.5 inches,3.25,in,false,2026-04-27T00:00:02-04:00,2026-08-28T05:03:39.423Z,https://www.predatoryfins.com/products/slender-mandarin-perch-siniperca-roulei-copy
predatory-fins,Amber mandarin fish (siniperca obscura),,,,150,,USD,4 - 4.5 inches,4.25,in,false,2026-04-27T00:00:02-04:00,2026-08-28T05:03:39.423Z,https://www.predatoryfins.com/products/slender-mandarin-perch-siniperca-roulei-copy
predatory-fins,Amber mandarin fish (siniperca obscura),,,,185,,USD,5 - 5.5 inches,5.25,in,false,2026-04-27T00:00:02-04:00,2026-08-28T05:03:39.423Z,https://www.predatoryfins.com/products/slender-mandarin-perch-siniperca-roulei-copy
predatory-fins,Slender Mandarin Perch (siniperca roulei),,,,145,,USD,3 - 3.5 inches,3.25,in,false,2026-04-26T23:52:53-04:00,2026-08-28T05:03:39.423Z,https://www.predatoryfins.com/products/big-eye-mandarin-fish-siniperca-kneri-copy
predatory-fins,Slender Mandarin Perch (siniperca roulei),,,,165,,USD,4 - 4.5 inches,4.25,in,false,2026-04-26T23:52:53-04:00,2026-08-28T05:03:39.423Z,https://www.predatoryfins.com/products/big-eye-mandarin-fish-siniperca-kneri-copy
predatory-fins,Slender Mandarin Perch (siniperca roulei),,,,185,,USD,5 - 5.5 inches,5.25,in,false,2026-04-26T23:52:53-04:00,2026-08-28T05:03:39.423Z,https://www.predatoryfins.com/products/big-eye-mandarin-fish-siniperca-kneri-copy
predatory-fins,Big-eye mandarin fish (siniperca kneri),,,,145,,USD,3 - 3.5 inches,3.25,in,false,2026-04-26T23:52:44-04:00,2026-08-28T05:03:39.423Z,https://www.predatoryfins.com/products/whiteheadi-chinese-perch-siniperca-whiteheadi-copy
predatory-fins,Big-eye mandarin fish (siniperca kneri),,,,165,,USD,4 - 4.5 inches,4.25,in,false,2026-04-26T23:52:44-04:00,2026-08-28T05:03:39.423Z,https://www.predatoryfins.com/products/whiteheadi-chinese-perch-siniperca-whiteheadi-copy
predatory-fins,Big-eye mandarin fish (siniperca kneri),,,,185,,USD,5 - 5.5 inches,5.25,in,false,2026-04-26T23:52:44-04:00,2026-08-28T05:03:39.423Z,https://www.predatoryfins.com/products/whiteheadi-chinese-perch-siniperca-whiteheadi-copy
predatory-fins,Gymnogeophagus labiatus,,,,25,,USD,1.5 - 2 Inches,1.75,in,false,2026-04-26T23:35:34-04:00,2026-08-28T05:03:39.423Z,https://www.predatoryfins.com/products/china-rainbow-loach-niwaella-laterimaculata-copy
predatory-fins,China Rainbow Loach (Niwaella laterimaculata),,,Niwaella laterimaculata,25,,USD,3 - 4 inches,3.5,in,false,2026-04-26T23:28:10-04:00,2026-08-28T05:03:39.423Z,https://www.predatoryfins.com/products/china-rainbow-loach-niwaella-laterimaculata
predatory-fins,Short Body Albino Silver Arowana (Osteoglossum bicirrhosum),,,Osteoglossum bicirrhosum,395,,USD,5 - 5.5 inches,5.25,in,false,2026-04-23T21:37:52-04:00,2026-08-28T05:03:39.423Z,https://www.predatoryfins.com/products/short-body-albino-silver-arowana-osteoglossum-bicirrhosum
predatory-fins,Tiger Knifefish (Gymnotus javari),,,Gymnotus javari,45,,USD,5 - 6 inches,5.5,in,false,2026-04-22T16:02:15-04:00,2026-08-28T05:03:39.423Z,https://www.predatoryfins.com/products/tiger-knifefish-gymnotus-javari
predatory-fins,Silver Flying Fox (Crossocheilus reticulatus),,,Crossocheilus reticulatus,3.5,,USD,2 inches,2,in,false,2026-04-22T15:59:28-04:00,2026-08-28T05:03:39.423Z,https://www.predatoryfins.com/products/silver-flying-fox-crossocheilus-reticulatus
predatory-fins,Flying Fox Algae Eater (Epalzeorhynchos kalopterus),,,Epalzeorhynchos kalopterus,3.5,,USD,2 inches,2,in,false,2026-04-22T15:51:37-04:00,2026-08-28T05:03:39.423Z,https://www.predatoryfins.com/products/flying-fox-algae-eater-epalzeorhynchos-kalopterus
predatory-fins,Black Venezuela Corydoras (Corydoras schultzei),,,Corydoras schultzei,25,,USD,1 - 1.25 inches,1.13,in,false,2026-04-22T15:41:24-04:00,2026-08-28T05:03:39.423Z,https://www.predatoryfins.com/products/black-venezuela-corydoras-corydoras-schultzei
predatory-fins,Albino Sterbai Cory Catfish (Corydoras sterbai),,,Corydoras sterbai,8.99,,USD,1 inch,1,in,false,2026-04-22T15:34:44-04:00,2026-08-28T05:03:39.423Z,https://www.predatoryfins.com/products/albino-sterbai-cory-catfish-corydoras-sterbai
predatory-fins,Longfin Panda Corydoras (Hoplisoma panda),,,Hoplisoma panda,6.5,,USD,1.5 inches,1.5,in,false,2026-04-22T15:33:01-04:00,2026-08-28T05:03:39.423Z,https://www.predatoryfins.com/products/longfin-panda-corydoras-hoplisoma-panda
predatory-fins,Gold Barb (Puntius sachsii),,,Puntius sachsii,2.99,,USD,1 inch,1,in,true,2026-04-22T15:28:58-04:00,2026-08-28T05:03:39.423Z,https://www.predatoryfins.com/products/gold-barb-puntius-sachsii
predatory-fins,Dragon Loricaria Whiptail Catfish (Rhadinoloricaria sp Caqueta),,,,110,,USD,6 - 7 inches,6.5,in,false,2026-04-22T15:26:07-04:00,2026-08-28T05:03:39.423Z,https://www.predatoryfins.com/products/dragon-loricaria-whiptail-catfish-rhadinoloricaria-sp-caqueta
predatory-fins,Platinum Blue Eyed Ballon Molly (Poecilia sphenops),,,Poecilia sphenops,30,,USD,1.5 - 1.75 inches (lyre-tail),1.63,in,true,2026-04-22T15:03:14-04:00,2026-08-28T05:03:39.423Z,https://www.predatoryfins.com/products/platinum-blue-eyed-ballon-molly-poecilia-sphenops
predatory-fins,Platinum Blue Eyed Ballon Molly (Poecilia sphenops),,,Poecilia sphenops,35,,USD,2 - 2.5 inches,2.25,in,false,2026-04-22T15:03:14-04:00,2026-08-28T05:03:39.423Z,https://www.predatoryfins.com/products/platinum-blue-eyed-ballon-molly-poecilia-sphenops
predatory-fins,Long Fin Cherry Barb (Puntius titteya),,,Puntius titteya,4.5,,USD,1 - 1.5 inches,1.25,in,false,2026-04-22T14:56:27-04:00,2026-08-28T05:03:39.423Z,https://www.predatoryfins.com/products/long-fin-cherry-barb-puntius-titteya
predatory-fins,Albino Longfin Bristlenose Pleco (Ancistrus sp),sp_bristlenose_pleco,common-name,,35,,USD,2 - 2.5 inches,2.25,in,false,2026-04-22T14:43:33-04:00,2026-08-28T05:03:39.423Z,https://www.predatoryfins.com/products/albino-bristlenose-pleco-ancistrus-sp
predatory-fins,Freshwater Flounder / Sole (Brachirus selheimi),,,Brachirus selheimi,15,,USD,4 - 4.5 inches,4.25,in,false,2026-04-22T14:36:54-04:00,2026-08-28T05:03:39.423Z,https://www.predatoryfins.com/products/freshwater-flounder-sole-brachirus-selheimi
predatory-fins,Butterfly Hillstream Loach (Beaufortia leveretti),,,Beaufortia leveretti,15,,USD,3 inches,3,in,false,2026-04-22T14:30:35-04:00,2026-08-28T05:03:39.423Z,https://www.predatoryfins.com/products/butterfly-hillstream-loach-beaufortia-leveretti
predatory-fins,Iridescent Lizard Loach (Homaloptera sp),,,,35,,USD,4 inches,4,in,false,2026-04-22T14:25:41-04:00,2026-08-28T05:03:39.423Z,https://www.predatoryfins.com/products/iridescent-lizard-loach-homaloptera-sp
predatory-fins,CW045 Colossus / False Armatus Corydoras Catfish (Hoplisoma colossus),,,Hoplisoma colossus,35,,USD,2.5 inches (Jumbo),2.5,in,false,2026-04-18T22:06:06-04:00,2026-08-28T05:03:39.423Z,https://www.predatoryfins.com/products/cw045-colossus-false-armatus-cory-catfish-hoplisoma-colossus
predatory-fins,Redtail Sand Loach (Kapuasia maculiceps),,,Kapuasia maculiceps,65,,USD,2.5 - 3 inches,2.75,in,false,2026-04-13T14:58:17-04:00,2026-08-28T05:03:39.423Z,https://www.predatoryfins.com/products/redtail-sand-loach-kapuasia-maculiceps
predatory-fins,Red Laser Tetra (Hemigrammus coeruleus),,,Hemigrammus coeruleus,12,,USD,1.25 - 1.5 inches,1.38,in,true,2026-04-13T14:51:58-04:00,2026-08-28T05:03:39.423Z,https://www.predatoryfins.com/products/red-laser-tetra-hemigrammus-coeruleus
predatory-fins,Flameback Bleeding Heart Tetra (Hyphessobrycon pyrrhonotus),,,Hyphessobrycon pyrrhonotus,10,12,USD,1.25 - 1.5 inches,1.38,in,true,2026-04-13T14:41:13-04:00,2026-08-28T05:03:39.423Z,https://www.predatoryfins.com/products/flameback-bleeding-heart-tetra-hyphessobrycon-pyrrhonotus
predatory-fins,Red Devil koi Angelfish (Pterophyllum scalare),,,Pterophyllum scalare,28,,USD,1.5 inches,1.5,in,true,2026-04-13T14:24:14-04:00,2026-08-28T05:03:39.423Z,https://www.predatoryfins.com/products/red-devil-angelfish-pterophyllum-scalare
predatory-fins,Red Devil koi Angelfish (Pterophyllum scalare),,,Pterophyllum scalare,55,,USD,3 - 3.5 inches,3.25,in,true,2026-04-13T14:24:14-04:00,2026-08-28T05:03:39.423Z,https://www.predatoryfins.com/products/red-devil-angelfish-pterophyllum-scalare
predatory-fins,Tuba Cichlid (Tomocichla tuba),,,Tomocichla tuba,18,,USD,1 inch,1,in,false,2026-04-13T13:57:42-04:00,2026-08-28T05:03:39.423Z,https://www.predatoryfins.com/products/tuba-cichlid-tomocichla-tuba
predatory-fins,Tricolor Pooh Borneo Crab (Lepidothelphusa sp),,,,18,,USD,.5 inch,,,false,2026-04-13T13:37:12-04:00,2026-08-28T05:03:39.423Z,https://www.predatoryfins.com/products/tricolor-pooh-borneo-crab-lepidothelphusa-sp
predatory-fins,Panda Borneo Crab (Lepidothelphusa cognetti),,,Lepidothelphusa cognetti,12,,USD,.5 inch,,,false,2026-04-13T13:16:50-04:00,2026-08-28T05:03:39.423Z,https://www.predatoryfins.com/products/panda-borneo-crab-lepidothelphusa-cognetti
predatory-fins,Golden Banana Crab (Geosesarma sp),,,,20,25,USD,3.5 inches,3.5,in,false,2026-04-13T13:09:28-04:00,2026-08-28T05:03:39.423Z,https://www.predatoryfins.com/products/golden-banana-crab-geosesarma-sp
predatory-fins,Abei Puffer (Pao abei),,,Pao abei,55,,USD,1.75 - 2 inches,1.88,in,false,2026-04-12T20:33:43-04:00,2026-08-28T05:03:39.423Z,https://www.predatoryfins.com/products/abei-puffer-pao-abei
predatory-fins,Abei Puffer (Pao abei),,,Pao abei,85,,USD,3-4 inches,3.5,in,false,2026-04-12T20:33:43-04:00,2026-08-28T05:03:39.423Z,https://www.predatoryfins.com/products/abei-puffer-pao-abei
predatory-fins,Apollo Shark (Luciosoma setigerum),,,Luciosoma setigerum,25,,USD,3 inches,3,in,false,2026-04-12T20:25:27-04:00,2026-08-28T05:03:39.423Z,https://www.predatoryfins.com/products/apollo-shark-luciosoma-setigerum
predatory-fins,L095 Orange Cheek Pinecone Pleco (Pseudorinelepis genibarbis),,,Pseudorinelepis genibarbis,400,,USD,7 - 8 inches,7.5,in,false,2026-03-25T21:30:14-04:00,2026-08-28T05:03:39.423Z,https://www.predatoryfins.com/products/l095-orange-cheek-pinecone-pleco-pseudorinelepis-genibarbis-1
predatory-fins,Brazilian Blue Retroculus Cichlid (Retroculus lapidifer),,,Retroculus lapidifer,45,,USD,2 - 3 inches,2.5,in,false,2026-03-24T22:37:06-04:00,2026-08-28T05:03:39.423Z,https://www.predatoryfins.com/products/brazilian-blue-retroculus-cichlid-retroculus-lapidifer
predatory-fins,Brazilian Blue Retroculus Cichlid (Retroculus lapidifer),,,Retroculus lapidifer,55,,USD,3.5 - 4 inches,3.75,in,false,2026-03-24T22:37:06-04:00,2026-08-28T05:03:39.423Z,https://www.predatoryfins.com/products/brazilian-blue-retroculus-cichlid-retroculus-lapidifer
predatory-fins,L004 Angelicus Pleco (Hypancistrus sp L004),,,,35,,USD,2 - 2.5 inches,2.25,in,false,2026-03-24T21:51:27-04:00,2026-08-28T05:03:39.423Z,https://www.predatoryfins.com/products/l004-angelicus-pleco-hypancistrus-sp-l004
predatory-fins,L004 Angelicus Pleco (Hypancistrus sp L004),,,,45,,USD,3 - 3.5 inches,3.25,in,false,2026-03-24T21:51:27-04:00,2026-08-28T05:03:39.423Z,https://www.predatoryfins.com/products/l004-angelicus-pleco-hypancistrus-sp-l004
predatory-fins,L183 Starlight Bristlenose Pleco (Ancistrus dolichopterus),,,Ancistrus dolichopterus,25,,USD,1.75 inches,1.75,in,false,2026-03-24T21:45:43-04:00,2026-08-28T05:03:39.423Z,https://www.predatoryfins.com/products/l183-starlight-bristlenose-pleco-ancistrus-dolichopterus
predatory-fins,L183 Starlight Bristlenose Pleco (Ancistrus dolichopterus),,,Ancistrus dolichopterus,35,,USD,2.75 - 3 inches,2.88,in,false,2026-03-24T21:45:43-04:00,2026-08-28T05:03:39.423Z,https://www.predatoryfins.com/products/l183-starlight-bristlenose-pleco-ancistrus-dolichopterus
predatory-fins,L183 Starlight Bristlenose Pleco (Ancistrus dolichopterus),,,Ancistrus dolichopterus,45,,USD,4 - 4.5 inches,4.25,in,false,2026-03-24T21:45:43-04:00,2026-08-28T05:03:39.423Z,https://www.predatoryfins.com/products/l183-starlight-bristlenose-pleco-ancistrus-dolichopterus
predatory-fins,Cherax Boesemani Tricolor Crayfish (Cherax Boesemani),,,,75,,USD,5 - 5.5 inches,5.25,in,false,2026-03-01T17:36:31-05:00,2026-08-28T05:03:39.423Z,https://www.predatoryfins.com/products/cherax-boesemani-tricolor-crayfish-cherax-boesemani
predatory-fins,Cherax Boesemani Tricolor Crayfish (Cherax Boesemani),,,,95,,USD,6 - 6.5 inches,6.25,in,false,2026-03-01T17:36:31-05:00,2026-08-28T05:03:39.423Z,https://www.predatoryfins.com/products/cherax-boesemani-tricolor-crayfish-cherax-boesemani
predatory-fins,Emperor Cichlid (Boulengerochromis microlepis),,,Boulengerochromis microlepis,45,,USD,2.5-3 inches,2.75,in,false,2026-02-05T19:30:25-05:00,2026-08-28T05:03:39.423Z,https://www.predatoryfins.com/products/emperor-cichlid-boulengerochromis-microlepis
predatory-fins,Alenquer Red Altifrons Eartheater Cichlid (Geophagus Altifrons),,,,115,175,USD,6 inches,6,in,false,2026-02-05T18:51:29-05:00,2026-08-28T05:03:39.423Z,https://www.predatoryfins.com/products/alenquer-red-altifrons-eartheater-cichlid-geophagus-altifrons
predatory-fins,Albino Blue Frontosa (Cyphotilapia frontosa),,,Cyphotilapia frontosa,325,,USD,2.5 - 3 inches (T- Albino - Lighter),2.75,in,false,2026-02-05T18:38:55-05:00,2026-08-28T05:03:39.423Z,https://www.predatoryfins.com/products/albino-blue-frontosa-cyphotilapia-frontosa
predatory-fins,Albino Blue Frontosa (Cyphotilapia frontosa),,,Cyphotilapia frontosa,395,,USD,3.5 - 4 inches (T- Albino - Lighter),3.75,in,false,2026-02-05T18:38:55-05:00,2026-08-28T05:03:39.423Z,https://www.predatoryfins.com/products/albino-blue-frontosa-cyphotilapia-frontosa
predatory-fins,Albino Blue Frontosa (Cyphotilapia frontosa),,,Cyphotilapia frontosa,85,225,USD,2.5 - 3 inches (T+ Albino - Darker),2.75,in,false,2026-02-05T18:38:55-05:00,2026-08-28T05:03:39.423Z,https://www.predatoryfins.com/products/albino-blue-frontosa-cyphotilapia-frontosa
predatory-fins,Albino Blue Frontosa (Cyphotilapia frontosa),,,Cyphotilapia frontosa,95,275,USD,3.5 - 4 inches (T+ Albino - Darker),3.75,in,false,2026-02-05T18:38:55-05:00,2026-08-28T05:03:39.423Z,https://www.predatoryfins.com/products/albino-blue-frontosa-cyphotilapia-frontosa
predatory-fins,CW217 Concolor Corydoras Rio Tomo (Hoplisoma concolor),,,Hoplisoma concolor,40,,USD,1 - 1.25 inches,1.13,in,false,2026-01-16T21:13:59-05:00,2026-08-28T05:03:39.423Z,https://www.predatoryfins.com/products/cw217-concolor-corydoras-rio-tomo-hoplisoma-concolor
predatory-fins,CW217 Concolor Corydoras Rio Tomo (Hoplisoma concolor),,,Hoplisoma concolor,65,,USD,2 inches,2,in,false,2026-01-16T21:13:59-05:00,2026-08-28T05:03:39.423Z,https://www.predatoryfins.com/products/cw217-concolor-corydoras-rio-tomo-hoplisoma-concolor
predatory-fins,Arapaima (Arapaima gigas),,,Arapaima gigas,68,,USD,3 inches,3,in,false,2026-01-12T12:32:22-05:00,2026-08-28T05:03:39.423Z,https://www.predatoryfins.com/products/arapaima-arapaima-gigas
predatory-fins,Arapaima (Arapaima gigas),,,Arapaima gigas,125,,USD,4.5 - 5 inches,4.75,in,false,2026-01-12T12:32:22-05:00,2026-08-28T05:03:39.423Z,https://www.predatoryfins.com/products/arapaima-arapaima-gigas
predatory-fins,Arapaima (Arapaima gigas),,,Arapaima gigas,165,,USD,6 inches,6,in,false,2026-01-12T12:32:22-05:00,2026-08-28T05:03:39.423Z,https://www.predatoryfins.com/products/arapaima-arapaima-gigas
predatory-fins,Arapaima (Arapaima gigas),,,Arapaima gigas,195,,USD,7 inches,7,in,false,2026-01-12T12:32:22-05:00,2026-08-28T05:03:39.423Z,https://www.predatoryfins.com/products/arapaima-arapaima-gigas
predatory-fins,Arapaima (Arapaima gigas),,,Arapaima gigas,950,,USD,14 - 15 inches,14.5,in,false,2026-01-12T12:32:22-05:00,2026-08-28T05:03:39.423Z,https://www.predatoryfins.com/products/arapaima-arapaima-gigas
predatory-fins,Assorted Premium Select Grade Koi Fish (Cyprinus carpio),,,Cyprinus carpio,12,18,USD,3.5 - 4 inches,3.75,in,false,2026-01-09T21:20:33-05:00,2026-08-28T05:03:39.423Z,https://www.predatoryfins.com/products/assorted-premium-select-grade-koi-fish-cyprinus-carpio
predatory-fins,Assorted Premium Select Grade Koi Fish (Cyprinus carpio),,,Cyprinus carpio,45,,USD,5 - 5.5 inches,5.25,in,false,2026-01-09T21:20:33-05:00,2026-08-28T05:03:39.423Z,https://www.predatoryfins.com/products/assorted-premium-select-grade-koi-fish-cyprinus-carpio
predatory-fins,Assorted Premium Select Grade Koi Fish (Cyprinus carpio),,,Cyprinus carpio,240,,USD,5 - 5.5 inches (Group of 6),5.25,in,false,2026-01-09T21:20:33-05:00,2026-08-28T05:03:39.423Z,https://www.predatoryfins.com/products/assorted-premium-select-grade-koi-fish-cyprinus-carpio
predatory-fins,Assorted Premium Select Grade Koi Fish (Cyprinus carpio),,,Cyprinus carpio,420,,USD,5 - 5.5 inches (Group of 12),5.25,in,false,2026-01-09T21:20:33-05:00,2026-08-28T05:03:39.423Z,https://www.predatoryfins.com/products/assorted-premium-select-grade-koi-fish-cyprinus-carpio
predatory-fins,Assorted Premium Select Grade Koi Fish (Cyprinus carpio),,,Cyprinus carpio,540,,USD,5 - 5.5 inches (Group of 18),5.25,in,false,2026-01-09T21:20:33-05:00,2026-08-28T05:03:39.423Z,https://www.predatoryfins.com/products/assorted-premium-select-grade-koi-fish-cyprinus-carpio
predatory-fins,Assorted Premium Select Grade Koi Fish (Cyprinus carpio),,,Cyprinus carpio,600,,USD,5 - 5.5 inches (Group of 24),5.25,in,false,2026-01-09T21:20:33-05:00,2026-08-28T05:03:39.423Z,https://www.predatoryfins.com/products/assorted-premium-select-grade-koi-fish-cyprinus-carpio
predatory-fins,Golden Arrow Mahseer (Neolissochilus benasi),,,Neolissochilus benasi,55,,USD,4 - 4.5 inches,4.25,in,false,2025-12-28T12:03:59-05:00,2026-08-28T05:03:39.423Z,https://www.predatoryfins.com/products/golden-arrow-mahseer-neolissochilus-benasi
predatory-fins,Albino Granulosus Catfish (Pterodoras granulosus),,,Pterodoras granulosus,3500,,USD,5 inches,5,in,false,2025-12-20T14:12:09-05:00,2026-08-28T05:03:39.423Z,https://www.predatoryfins.com/products/albino-granulosus-catfish-pterodoras-granulosus
predatory-fins,Convict Cichlid (Amatitlania nigrofasciata sp),,,Amatitlania nigrofasciata,15,,USD,1.5 inches,1.5,in,false,2025-12-19T21:33:32-05:00,2026-08-28T05:03:39.423Z,https://www.predatoryfins.com/products/convict-cichlid-amatitlania-nigrofasciata-sp
predatory-fins,Convict Cichlid (Amatitlania nigrofasciata sp),,,Amatitlania nigrofasciata,20,,USD,2 - 2.5 inches,2.25,in,false,2025-12-19T21:33:32-05:00,2026-08-28T05:03:39.423Z,https://www.predatoryfins.com/products/convict-cichlid-amatitlania-nigrofasciata-sp
predatory-fins,Convict Cichlid (Amatitlania nigrofasciata sp),,,Amatitlania nigrofasciata,28,,USD,3 - 3.5 inches,3.25,in,false,2025-12-19T21:33:32-05:00,2026-08-28T05:03:39.423Z,https://www.predatoryfins.com/products/convict-cichlid-amatitlania-nigrofasciata-sp
predatory-fins,Long Nose Elephantnose Fish (Campylomormyrus numenius),,,Campylomormyrus numenius,275,,USD,6 - 6.5 inches,6.25,in,false,2025-12-05T12:04:45-05:00,2026-08-28T05:03:39.423Z,https://www.predatoryfins.com/products/long-nose-elephantnose-fish-campylomormyrus-numenius
predatory-fins,Pre Order,,,,50,,USD,Default Title,,,true,2025-10-27T10:31:27-04:00,2026-08-28T05:03:39.423Z,https://www.predatoryfins.com/products/pre-order
predatory-fins,Moving Bed Internal Filter,,,,45,,USD,Default Title,,,false,2025-10-21T13:52:35-04:00,2026-08-28T05:03:39.423Z,https://www.predatoryfins.com/products/moving-bed-internal-filter
predatory-fins,Green Tiger / Zebra Silver Dollar (Metynnis sp),,,,98,,USD,3 inches,3,in,false,2025-10-12T14:51:52-04:00,2026-08-28T05:03:39.423Z,https://www.predatoryfins.com/products/green-tiger-zebra-silver-dollar-metynnis-sp
predatory-fins,Green Tiger / Zebra Silver Dollar (Metynnis sp),,,,125,,USD,4 inches,4,in,false,2025-10-12T14:51:52-04:00,2026-08-28T05:03:39.423Z,https://www.predatoryfins.com/products/green-tiger-zebra-silver-dollar-metynnis-sp
predatory-fins,Dark Purple Arm Thunderbolt Crayfish (Cherax pulcher),,,Cherax pulcher,75,,USD,5 - 5.5 inches,5.25,in,false,2025-09-28T18:10:42-04:00,2026-08-28T05:03:39.423Z,https://www.predatoryfins.com/products/dark-purple-arm-thunderbolt-crayfish-cherax-pulcher
predatory-fins,Albino Red Parrot Cichlid (Cichlasoma sp),,,,350,,USD,2.5 - 3 inches,2.75,in,false,2025-09-20T17:10:40-04:00,2026-08-28T05:03:39.423Z,https://www.predatoryfins.com/products/albino-red-parrot-cichlid-cichlasoma-sp
predatory-fins,Orange Striped Synodontis (Synodontis flavitaeniatus),,,Synodontis flavitaeniatus,35,,USD,1.25 - 1.5 inches,1.38,in,false,2025-09-19T20:55:03-04:00,2026-08-28T05:03:39.423Z,https://www.predatoryfins.com/products/orange-striped-synodontis-synodontis-flavitaeniatus
predatory-fins,Orange Striped Synodontis (Synodontis flavitaeniatus),,,Synodontis flavitaeniatus,45,,USD,2 inches,2,in,false,2025-09-19T20:55:03-04:00,2026-08-28T05:03:39.423Z,https://www.predatoryfins.com/products/orange-striped-synodontis-synodontis-flavitaeniatus
predatory-fins,Shortbody Chinese High Fin Loach (Myxocyprinus asiaticus),,,Myxocyprinus asiaticus,65,,USD,3 - 3.5 inches (Short Body),3.25,in,true,2025-09-12T15:04:43-04:00,2026-08-28T05:03:39.423Z,https://www.predatoryfins.com/products/shortbody-chinese-high-fin-loach-myxocyprinus-asiaticus
predatory-fins,L236 Super Yellow Pleco (Hypancistrus sp),,,,145,,USD,1.25 - 1.5 inches,1.38,in,false,2025-08-15T21:06:15-04:00,2026-08-28T05:03:39.423Z,https://www.predatoryfins.com/products/l236-super-yellow-pleco-hypancistrus-sp
predatory-fins,Red Diamond Phoenix Mammon Cichlid (Cichlasoma sp),,,,2800,,USD,RD1 (11 - 12  inches),,,false,2025-08-15T20:17:15-04:00,2026-08-28T05:03:39.423Z,https://www.predatoryfins.com/products/red-crystal-diamond-king-kong-mammon-cichlid-cichlasoma-sp
predatory-fins,Red Diamond Phoenix Mammon Cichlid (Cichlasoma sp),,,,2500,,USD,RD2 (11 - 12  inches),,,false,2025-08-15T20:17:15-04:00,2026-08-28T05:03:39.423Z,https://www.predatoryfins.com/products/red-crystal-diamond-king-kong-mammon-cichlid-cichlasoma-sp
predatory-fins,Red Diamond Phoenix Mammon Cichlid (Cichlasoma sp),,,,2500,,USD,RD3 (11 - 12  inches),,,false,2025-08-15T20:17:15-04:00,2026-08-28T05:03:39.423Z,https://www.predatoryfins.com/products/red-crystal-diamond-king-kong-mammon-cichlid-cichlasoma-sp
predatory-fins,Red Diamond Phoenix Mammon Cichlid (Cichlasoma sp),,,,2500,,USD,RD4 (11 - 12  inches),,,false,2025-08-15T20:17:15-04:00,2026-08-28T05:03:39.423Z,https://www.predatoryfins.com/products/red-crystal-diamond-king-kong-mammon-cichlid-cichlasoma-sp
predatory-fins,Red Diamond Phoenix Mammon Cichlid (Cichlasoma sp),,,,2000,,USD,RD5 (11 - 12  inches),,,false,2025-08-15T20:17:15-04:00,2026-08-28T05:03:39.423Z,https://www.predatoryfins.com/products/red-crystal-diamond-king-kong-mammon-cichlid-cichlasoma-sp
predatory-fins,Red Diamond Phoenix Mammon Cichlid (Cichlasoma sp),,,,2000,,USD,RD6 (11 - 12  inches),,,false,2025-08-15T20:17:15-04:00,2026-08-28T05:03:39.423Z,https://www.predatoryfins.com/products/red-crystal-diamond-king-kong-mammon-cichlid-cichlasoma-sp
predatory-fins,Red Diamond Phoenix Mammon Cichlid (Cichlasoma sp),,,,2000,,USD,RD7 (11 - 12  inches),,,false,2025-08-15T20:17:15-04:00,2026-08-28T05:03:39.423Z,https://www.predatoryfins.com/products/red-crystal-diamond-king-kong-mammon-cichlid-cichlasoma-sp
predatory-fins,Turkana Senegal Bichir (Polypterus senegalus),sp_senegal_bichir,scientific-name,Polypterus senegalus,165,,USD,4 - 4.5 inches,4.25,in,false,2025-07-09T18:36:34-04:00,2026-08-28T05:03:39.423Z,https://www.predatoryfins.com/products/turkana-senegal-bichir-polypterus-senegalus
predatory-fins,Turkana Senegal Bichir (Polypterus senegalus),sp_senegal_bichir,scientific-name,Polypterus senegalus,125,195,USD,6 inches,6,in,false,2025-07-09T18:36:34-04:00,2026-08-28T05:03:39.423Z,https://www.predatoryfins.com/products/turkana-senegal-bichir-polypterus-senegalus
predatory-fins,Trinity Spotted Gar (Lepisosteus oculatus),,,Lepisosteus oculatus,75,,USD,4 - 4.5 inches,4.25,in,false,2025-07-09T18:08:04-04:00,2026-08-28T05:03:39.423Z,https://www.predatoryfins.com/products/trinty-spotted-gar-lepisosteus-oculatus
predatory-fins,Henlei Stingray (Potamotrygon henlei),,,Potamotrygon henlei,650,,USD,5 - 5.5 inches,5.25,in,false,2025-07-03T21:35:36-04:00,2026-08-28T05:03:39.423Z,https://www.predatoryfins.com/products/henlei-stingray-potamotrygon-henlei
predatory-fins,Henlei Stingray (Potamotrygon henlei),,,Potamotrygon henlei,950,,USD,8 - 9 inches,8.5,in,false,2025-07-03T21:35:36-04:00,2026-08-28T05:03:39.423Z,https://www.predatoryfins.com/products/henlei-stingray-potamotrygon-henlei
predatory-fins,Henlei Stingray (Potamotrygon henlei),,,Potamotrygon henlei,950,,USD,B5 King Male (6 - 6.5 inches),,,false,2025-07-03T21:35:36-04:00,2026-08-28T05:03:39.423Z,https://www.predatoryfins.com/products/henlei-stingray-potamotrygon-henlei
predatory-fins,Rainbow Tetra (Hemigrammus skolioplatus),,,Hemigrammus skolioplatus,25,,USD,1 - 1.5 inches,1.25,in,false,2025-06-21T20:26:26-04:00,2026-08-28T05:03:39.423Z,https://www.predatoryfins.com/products/rainbow-tetra-hemigrammus-skolioplatus
predatory-fins,Tiger Firewood Catfish (Sorubimichthys planiceps sp),,,Sorubimichthys planiceps,50,,USD,7 - 8 inches (Duck Lip),7.5,in,false,2025-06-21T19:37:41-04:00,2026-08-28T05:03:39.423Z,https://www.predatoryfins.com/products/tiger-firewood-catfish-sorubimichthys-planiceps-sp
predatory-fins,Tiger Firewood Catfish (Sorubimichthys planiceps sp),,,Sorubimichthys planiceps,50,150,USD,7- 6.5 inches,6.75,in,false,2025-06-21T19:37:41-04:00,2026-08-28T05:03:39.423Z,https://www.predatoryfins.com/products/tiger-firewood-catfish-sorubimichthys-planiceps-sp
predatory-fins,Tiger Firewood Catfish (Sorubimichthys planiceps sp),,,Sorubimichthys planiceps,175,,USD,8 - 9 inches,8.5,in,false,2025-06-21T19:37:41-04:00,2026-08-28T05:03:39.423Z,https://www.predatoryfins.com/products/tiger-firewood-catfish-sorubimichthys-planiceps-sp
predatory-fins,Duboisi Puffer Fish (Tetraodon duboisi),,,Tetraodon duboisi,1250,,USD,6 - 6.5 inches xxl,6.25,in,false,2025-05-29T18:15:37-04:00,2026-08-28T05:03:39.423Z,https://www.predatoryfins.com/products/duboisi-puffer-fish-tetraodon-duboisi
predatory-fins,Decorus Angelicus Hybrid Synodontis Catfish (Synodontis decorus),,,Synodontis decorus,75,,USD,4.5 - 5 inches,4.75,in,false,2025-05-29T15:16:07-04:00,2026-08-28T05:03:39.423Z,https://www.predatoryfins.com/products/decorus-angelicus-hybrid-synodontis-catfish-synodontis-decorus
predatory-fins,Decorus Angelicus Hybrid Synodontis Catfish (Synodontis decorus),,,Synodontis decorus,98,,USD,6 - 6.5 inches,6.25,in,false,2025-05-29T15:16:07-04:00,2026-08-28T05:03:39.423Z,https://www.predatoryfins.com/products/decorus-angelicus-hybrid-synodontis-catfish-synodontis-decorus
predatory-fins,Nicaraguan Cichlid (Hypsophrys nicaraguense),,,Hypsophrys nicaraguense,45,,USD,6 inches,6,in,false,2025-05-29T14:50:28-04:00,2026-08-28T05:03:39.423Z,https://www.predatoryfins.com/products/nicaraguan-cichlid-hypsophrys-nicaraguense
predatory-fins,High Body Sveni Eartheater Cichlid Parana (Geophagus sveni),sp_geophagus_sveni,scientific-name,Geophagus sveni,110,,USD,4 - 4.5 inches,4.25,in,false,2025-05-29T14:31:19-04:00,2026-08-28T05:03:39.423Z,https://www.predatoryfins.com/products/high-body-sveni-eartheater-cichlid-parana-geophagus-sveni
predatory-fins,Kamalau Flowerhorn Cichlid (Cichlasoma sp),sp_flowerhorn,alias,,135,,USD,4 inches,4,in,false,2025-05-28T22:55:30-04:00,2026-08-28T05:03:39.423Z,https://www.predatoryfins.com/products/kamalau-flowerhorn-cichlid-cichlasoma-sp
predatory-fins,Polkadot Synodontis (Synodontis angelicus),,,Synodontis angelicus,75,,USD,4 - 4.5 inches,4.25,in,false,2025-05-14T20:37:32-04:00,2026-08-28T05:03:39.423Z,https://www.predatoryfins.com/products/polkadot-synodontis-synodontis-angelicus
predatory-fins,Polkadot Synodontis (Synodontis angelicus),,,Synodontis angelicus,85,,USD,5 - 5.5 inches,5.25,in,false,2025-05-14T20:37:32-04:00,2026-08-28T05:03:39.423Z,https://www.predatoryfins.com/products/polkadot-synodontis-synodontis-angelicus
predatory-fins,Cobra Snakeskin Peacock Bass (Cichla sp),,,,85,,USD,2 - 2.5 inches,2.25,in,false,2025-05-02T21:23:42-04:00,2026-08-28T05:03:39.423Z,https://www.predatoryfins.com/products/cobra-snakeskin-peacock-bass-cichla-sp
predatory-fins,Cobra Snakeskin Peacock Bass (Cichla sp),,,,115,,USD,3 - 3.5 inches,3.25,in,false,2025-05-02T21:23:42-04:00,2026-08-28T05:03:39.423Z,https://www.predatoryfins.com/products/cobra-snakeskin-peacock-bass-cichla-sp
predatory-fins,Cobra Snakeskin Peacock Bass (Cichla sp),,,,215,,USD,5 - 5.5 inches,5.25,in,false,2025-05-02T21:23:42-04:00,2026-08-28T05:03:39.423Z,https://www.predatoryfins.com/products/cobra-snakeskin-peacock-bass-cichla-sp
predatory-fins,Cobra Snakeskin Peacock Bass (Cichla sp),,,,95,,USD,5 inches (Short tail),5,in,false,2025-05-02T21:23:42-04:00,2026-08-28T05:03:39.423Z,https://www.predatoryfins.com/products/cobra-snakeskin-peacock-bass-cichla-sp
predatory-fins,King Kong Red and White Mammon Parrot Cichlid (Cichlasoma sp),,,,750,,USD,12 inches,12,in,false,2025-04-29T21:57:40-04:00,2026-08-28T05:03:39.423Z,https://www.predatoryfins.com/products/king-kong-red-and-white-mammon-parrot-cichlid-cichlasoma-sp
predatory-fins,Blue Topaz Coatza Cichlid (Vieja coatzacoalcos),,,Vieja coatzacoalcos,55,,USD,2.5 - 3 inches,2.75,in,false,2025-04-27T10:06:34-04:00,2026-08-28T05:03:39.423Z,https://www.predatoryfins.com/products/blue-topaz-coatza-cichlid-vieja-coatzacoalcos
predatory-fins,Blue Topaz Coatza Cichlid (Vieja coatzacoalcos),,,Vieja coatzacoalcos,175,,USD,8 inches,8,in,false,2025-04-27T10:06:34-04:00,2026-08-28T05:03:39.423Z,https://www.predatoryfins.com/products/blue-topaz-coatza-cichlid-vieja-coatzacoalcos
predatory-fins,Blue Topaz Coatza Cichlid (Vieja coatzacoalcos),,,Vieja coatzacoalcos,295,,USD,13 inches,13,in,false,2025-04-27T10:06:34-04:00,2026-08-28T05:03:39.423Z,https://www.predatoryfins.com/products/blue-topaz-coatza-cichlid-vieja-coatzacoalcos
predatory-fins,Red Spotted Calobrensis Cichlid (Darienheros calobrensis),,,Darienheros calobrensis,55,,USD,2.5 - 3 inches,2.75,in,false,2025-04-27T09:52:24-04:00,2026-08-28T05:03:39.423Z,https://www.predatoryfins.com/products/red-spotted-calobrensis-cichlid-darienheros-calobrensis
predatory-fins,Chinese Longnose / Sharpnose Shark Catfish (Leiocassis longirostris),,,Leiocassis longirostris,125,,USD,5 inches,5,in,false,2025-04-25T22:08:19-04:00,2026-08-28T05:03:39.423Z,https://www.predatoryfins.com/products/chinese-longnose-sharpnose-shark-catfish-leiocassis-longirostris
predatory-fins,Albino Golden Veiltail Angelfish (Pterophyllum scalare),,,Pterophyllum scalare,28,,USD,2.5 - 3 inches,2.75,in,false,2025-04-25T21:46:05-04:00,2026-08-28T05:03:39.423Z,https://www.predatoryfins.com/products/albino-golden-veiltail-angelfish-pterophyllum-scalare
predatory-fins,Albino Featherfin Synodontis Catfish (Synodontis eupterus),,,Synodontis eupterus,75,95,USD,3 inches,3,in,false,2025-04-25T21:19:11-04:00,2026-08-28T05:03:39.423Z,https://www.predatoryfins.com/products/albino-featherfin-synodontis-catfish-synodontis-eupterus
predatory-fins,Red Tiger Motaguensis Cichlid (Parachromis motaguensis),,,Parachromis motaguensis,28,,USD,.75 - 1 inch,,,false,2025-04-22T13:45:42-04:00,2026-08-28T05:03:39.423Z,https://www.predatoryfins.com/products/red-tiger-motaguensis-cichlid-parachromis-motaguensis
predatory-fins,Red Tiger Motaguensis Cichlid (Parachromis motaguensis),,,Parachromis motaguensis,45,,USD,4 inches,4,in,false,2025-04-22T13:45:42-04:00,2026-08-28T05:03:39.423Z,https://www.predatoryfins.com/products/red-tiger-motaguensis-cichlid-parachromis-motaguensis
predatory-fins,Red Fin Needle Pike Phago (Belonophago tinanti),,,Belonophago tinanti,35,,USD,3 inches,3,in,false,2025-04-06T14:20:22-04:00,2026-08-28T05:03:39.423Z,https://www.predatoryfins.com/products/red-fin-needle-pike-phago-belonophago-tinanti
predatory-fins,Xingu Blue Lip Eartheater Cichlid (Geophagus argyrostictus),,,Geophagus argyrostictus,28,,USD,1.5 - 2 inches,1.75,in,false,2025-04-06T13:57:09-04:00,2026-08-28T05:03:39.423Z,https://www.predatoryfins.com/products/xingu-blue-lip-eartheater-cichlid-geophagus-argyrostictus
predatory-fins,Xingu Blue Lip Eartheater Cichlid (Geophagus argyrostictus),,,Geophagus argyrostictus,38,,USD,2.5 - 3 inches (wild),2.75,in,false,2025-04-06T13:57:09-04:00,2026-08-28T05:03:39.423Z,https://www.predatoryfins.com/products/xingu-blue-lip-eartheater-cichlid-geophagus-argyrostictus
predatory-fins,Line Pearl Leucistic Key Freshwater Stingray (Potamotrygon jabuti),,,Potamotrygon jabuti,1250,,USD,5.5 - 6 inches,5.75,in,false,2025-03-30T20:38:06-04:00,2026-08-28T05:03:39.423Z,https://www.predatoryfins.com/products/line-pearl-leucistic-key-freshwater-stingray-potamotrygon-jabuti
predatory-fins,Line Pearl Leucistic Key Freshwater Stingray (Potamotrygon jabuti),,,Potamotrygon jabuti,1350,,USD,PL1 (Male  7 - 7.5 inches),,,true,2025-03-30T20:38:06-04:00,2026-08-28T05:03:39.423Z,https://www.predatoryfins.com/products/line-pearl-leucistic-key-freshwater-stingray-potamotrygon-jabuti
predatory-fins,Line Pearl Leucistic Key Freshwater Stingray (Potamotrygon jabuti),,,Potamotrygon jabuti,1250,,USD,PL2 (Female  5.5 inches),,,false,2025-03-30T20:38:06-04:00,2026-08-28T05:03:39.423Z,https://www.predatoryfins.com/products/line-pearl-leucistic-key-freshwater-stingray-potamotrygon-jabuti
predatory-fins,Line Pearl Leucistic Key Freshwater Stingray (Potamotrygon jabuti),,,Potamotrygon jabuti,1250,,USD,PL4 (Male  6 - 6.5 inches),,,true,2025-03-30T20:38:06-04:00,2026-08-28T05:03:39.423Z,https://www.predatoryfins.com/products/line-pearl-leucistic-key-freshwater-stingray-potamotrygon-jabuti
predatory-fins,Redtail Ripsaw Catfish (Oxydoras niger),,,Oxydoras niger,275,,USD,6 inches,6,in,false,2025-03-20T15:33:15-04:00,2026-08-28T05:03:39.423Z,https://www.predatoryfins.com/products/redtail-ripsaw-catfish-oxydoras-niger
predatory-fins,Sakura Mosaic Leopard Discus (Symphysodon aequifasciatus),,,Symphysodon aequifasciatus,95,,USD,4.5 inches,4.5,in,false,2025-03-19T16:15:00-04:00,2026-08-28T05:03:39.423Z,https://www.predatoryfins.com/products/sakura-mosaic-leopard-discus-symphysodon-aequifasciatus
predatory-fins,Albino Dantum Angelfish (Pterophyllum altum sp),,,Pterophyllum altum,35,,USD,1.75 inches,1.75,in,false,2025-03-17T23:31:22-04:00,2026-08-28T05:03:39.423Z,https://www.predatoryfins.com/products/albino-dantum-angelfish-pterophyllum-altum-sp
predatory-fins,Albino Dantum Angelfish (Pterophyllum altum sp),,,Pterophyllum altum,45,,USD,2 - 2.25 inches,2.13,in,false,2025-03-17T23:31:22-04:00,2026-08-28T05:03:39.423Z,https://www.predatoryfins.com/products/albino-dantum-angelfish-pterophyllum-altum-sp
predatory-fins,Albino Dantum Angelfish (Pterophyllum altum sp),,,Pterophyllum altum,75,,USD,4 inches,4,in,false,2025-03-17T23:31:22-04:00,2026-08-28T05:03:39.423Z,https://www.predatoryfins.com/products/albino-dantum-angelfish-pterophyllum-altum-sp
predatory-fins,African Knifefish (Xenomystus nigri),,,Xenomystus nigri,35,,USD,4 - 4.5 inches,4.25,in,false,2025-03-13T20:13:58-04:00,2026-08-28T05:03:39.423Z,https://www.predatoryfins.com/products/african-knifefish-xenomystus-nigri
predatory-fins,African Knifefish (Xenomystus nigri),,,Xenomystus nigri,45,,USD,6 inches,6,in,false,2025-03-13T20:13:58-04:00,2026-08-28T05:03:39.423Z,https://www.predatoryfins.com/products/african-knifefish-xenomystus-nigri
predatory-fins,African Knifefish (Xenomystus nigri),,,Xenomystus nigri,60,,USD,7 inches,7,in,false,2025-03-13T20:13:58-04:00,2026-08-28T05:03:39.423Z,https://www.predatoryfins.com/products/african-knifefish-xenomystus-nigri
predatory-fins,Emerald cichlid (Hypselecara temporalis),,,Hypselecara temporalis,28,,USD,2 inches,2,in,false,2025-03-10T14:39:27-04:00,2026-08-28T05:03:39.423Z,https://www.predatoryfins.com/products/emerald-cichlid-hypselecara-temporalis
predatory-fins,Albino Mekong Arrowhead Puffer (Pao suvattii),,,Pao suvattii,450,,USD,2 - 2.5 inches,2.25,in,false,2025-02-28T05:19:08-05:00,2026-08-28T05:03:39.423Z,https://www.predatoryfins.com/products/albino-mekong-arrowhead-puffer-pao-suvattii
predatory-fins,Albino Mekong Arrowhead Puffer (Pao suvattii),,,Pao suvattii,450,595,USD,4.5 - 5 inches,4.75,in,true,2025-02-28T05:19:08-05:00,2026-08-28T05:03:39.423Z,https://www.predatoryfins.com/products/albino-mekong-arrowhead-puffer-pao-suvattii
predatory-fins,L452 Mustang Cactus Pleco (Pseudcanthicus sp.),,,,165,,USD,4.5  inches,4.5,in,false,2025-02-03T11:57:31-05:00,2026-08-28T05:03:39.423Z,https://www.predatoryfins.com/products/l452-mustang-cactus-pleco-pseudcanthicus-sp
predatory-fins,L452 Mustang Cactus Pleco (Pseudcanthicus sp.),,,,190,,USD,5.5 - 6 inches,5.75,in,false,2025-02-03T11:57:31-05:00,2026-08-28T05:03:39.423Z,https://www.predatoryfins.com/products/l452-mustang-cactus-pleco-pseudcanthicus-sp
predatory-fins,Australis Wolf Fish (Hoplias australis),,,Hoplias australis,135,225,USD,6 - 6.5 inches,6.25,in,false,2025-01-14T14:49:08-05:00,2026-08-28T05:03:39.423Z,https://www.predatoryfins.com/products/australis-wolf-fish-hoplias-australis
predatory-fins,Big Lip Pike Cichlid (Crenincichla tendybaguassu),,,Crenincichla tendybaguassu,68,110,USD,4 - 4.5 inches,4.25,in,false,2025-01-12T11:39:24-05:00,2026-08-28T05:03:39.423Z,https://www.predatoryfins.com/products/big-lip-pike-cichlid-crenincichla-tendybaguassu
predatory-fins,Yellow / Golden Fogo Peacock Bass (Cichla marinae),,,Cichla marinae,98,,USD,2.5 inches,2.5,in,false,2025-01-06T19:45:44-05:00,2026-08-28T05:03:39.423Z,https://www.predatoryfins.com/products/yellow-golden-fogo-peacock-bass-cichla-marinae
predatory-fins,Albino Lemon Tiger Oscar Cichlid (Astronotus ocellatus),,,Astronotus ocellatus,35,,USD,2 inches,2,in,false,2025-01-05T18:15:06-05:00,2026-08-28T05:03:39.423Z,https://www.predatoryfins.com/products/lemon-tiger-oscar-cichlid-astronotus-ocellatus
predatory-fins,Blue Diamond Pinoy Angelfish (Pterophyllum scalare sp),,,Pterophyllum scalare,16,,USD,1.5 inches,1.5,in,false,2025-01-05T18:09:22-05:00,2026-08-28T05:03:39.423Z,https://www.predatoryfins.com/products/blue-diamond-angelfish-pterophyllum-scalare-sp
predatory-fins,Blue Diamond Pinoy Angelfish (Pterophyllum scalare sp),,,Pterophyllum scalare,29,,USD,2 - 2.5 inches,2.25,in,false,2025-01-05T18:09:22-05:00,2026-08-28T05:03:39.423Z,https://www.predatoryfins.com/products/blue-diamond-angelfish-pterophyllum-scalare-sp
predatory-fins,Blue Diamond Pinoy Angelfish (Pterophyllum scalare sp),,,Pterophyllum scalare,35,,USD,3 - 3.5 inches,3.25,in,false,2025-01-05T18:09:22-05:00,2026-08-28T05:03:39.423Z,https://www.predatoryfins.com/products/blue-diamond-angelfish-pterophyllum-scalare-sp
predatory-fins,Blue Diamond Pinoy Angelfish (Pterophyllum scalare sp),,,Pterophyllum scalare,45,,USD,4 - 4.5 inches,4.25,in,false,2025-01-05T18:09:22-05:00,2026-08-28T05:03:39.423Z,https://www.predatoryfins.com/products/blue-diamond-angelfish-pterophyllum-scalare-sp
predatory-fins,Smokey Marble Clown Angelfish (Pterophyllum scalare sp),,,Pterophyllum scalare,18,,USD,1.5 - 1.75 inches,1.63,in,false,2025-01-05T18:04:14-05:00,2026-08-28T05:03:39.423Z,https://www.predatoryfins.com/products/smokey-marble-clown-angelfish-pterophyllum-scalare-sp
predatory-fins,Smokey Marble Clown Angelfish (Pterophyllum scalare sp),,,Pterophyllum scalare,29,,USD,2 - 2.5 inches,2.25,in,false,2025-01-05T18:04:14-05:00,2026-08-28T05:03:39.423Z,https://www.predatoryfins.com/products/smokey-marble-clown-angelfish-pterophyllum-scalare-sp
predatory-fins,Smokey Marble Clown Angelfish (Pterophyllum scalare sp),,,Pterophyllum scalare,35,,USD,3 - 3.5 inches,3.25,in,false,2025-01-05T18:04:14-05:00,2026-08-28T05:03:39.423Z,https://www.predatoryfins.com/products/smokey-marble-clown-angelfish-pterophyllum-scalare-sp
predatory-fins,Smokey Marble Clown Angelfish (Pterophyllum scalare sp),,,Pterophyllum scalare,38,45,USD,4 - 4.5 inches,4.25,in,false,2025-01-05T18:04:14-05:00,2026-08-28T05:03:39.423Z,https://www.predatoryfins.com/products/smokey-marble-clown-angelfish-pterophyllum-scalare-sp
predatory-fins,Giant Golden Ruby Red Gourami (Osphronemus septemfasciatus sp),,,Osphronemus septemfasciatus,375,,USD,4.5 - 5 inches,4.75,in,false,2025-01-04T13:17:28-05:00,2026-08-28T05:03:39.423Z,https://www.predatoryfins.com/products/giant-golden-ruby-red-gourami-osphronemus-septemfasciatus-sp
predatory-fins,Giant Ruby Red Gourami (Osphronemus septemfasciatus sp),,,Osphronemus septemfasciatus,595,,USD,4.5 - 5 inches,4.75,in,false,2025-01-04T12:43:47-05:00,2026-08-28T05:03:39.423Z,https://www.predatoryfins.com/products/giant-ruby-red-gourami-osphronemus-septemfasciatus-sp
predatory-fins,Giant Ruby Red Gourami (Osphronemus septemfasciatus sp),,,Osphronemus septemfasciatus,695,,USD,6 inches,6,in,false,2025-01-04T12:43:47-05:00,2026-08-28T05:03:39.423Z,https://www.predatoryfins.com/products/giant-ruby-red-gourami-osphronemus-septemfasciatus-sp
predatory-fins,Slate Pleco (Pseudancistrus genisetiger),,,Pseudancistrus genisetiger,58,,USD,2.5 - 3 inches,2.75,in,false,2024-12-30T11:21:59-05:00,2026-08-28T05:03:39.423Z,https://www.predatoryfins.com/products/slate-pleco-pseudancistrus-genisetiger
predatory-fins,Giant Red Kaloi Gourami (Osphronemus septemfasciatus),,,Osphronemus septemfasciatus,175,,USD,1.5 inches,1.5,in,true,2024-12-29T21:30:09-05:00,2026-08-28T05:03:39.423Z,https://www.predatoryfins.com/products/giant-red-kaloi-gourami-osphronemus-septemfasciatus
predatory-fins,Giant Red Kaloi Gourami (Osphronemus septemfasciatus),,,Osphronemus septemfasciatus,225,,USD,2 - 2.5 inches,2.25,in,true,2024-12-29T21:30:09-05:00,2026-08-28T05:03:39.423Z,https://www.predatoryfins.com/products/giant-red-kaloi-gourami-osphronemus-septemfasciatus
predatory-fins,Giant Red Kaloi Gourami (Osphronemus septemfasciatus),,,Osphronemus septemfasciatus,295,,USD,3 - 3.5 inches,3.25,in,true,2024-12-29T21:30:09-05:00,2026-08-28T05:03:39.423Z,https://www.predatoryfins.com/products/giant-red-kaloi-gourami-osphronemus-septemfasciatus
predatory-fins,Giant Red Kaloi Gourami (Osphronemus septemfasciatus),,,Osphronemus septemfasciatus,375,,USD,4 - 4.5 inches,4.25,in,true,2024-12-29T21:30:09-05:00,2026-08-28T05:03:39.423Z,https://www.predatoryfins.com/products/giant-red-kaloi-gourami-osphronemus-septemfasciatus
predatory-fins,Giant Red Kaloi Gourami (Osphronemus septemfasciatus),,,Osphronemus septemfasciatus,625,,USD,5 - 5.5 inches,5.25,in,false,2024-12-29T21:30:09-05:00,2026-08-28T05:03:39.423Z,https://www.predatoryfins.com/products/giant-red-kaloi-gourami-osphronemus-septemfasciatus
predatory-fins,Giant Red Kaloi Gourami (Osphronemus septemfasciatus),,,Osphronemus septemfasciatus,695,,USD,6 - 6.5 inches,6.25,in,false,2024-12-29T21:30:09-05:00,2026-08-28T05:03:39.423Z,https://www.predatoryfins.com/products/giant-red-kaloi-gourami-osphronemus-septemfasciatus
predatory-fins,Giant Red Kaloi Gourami (Osphronemus septemfasciatus),,,Osphronemus septemfasciatus,750,,USD,7 - 7.5 inches,7.25,in,false,2024-12-29T21:30:09-05:00,2026-08-28T05:03:39.423Z,https://www.predatoryfins.com/products/giant-red-kaloi-gourami-osphronemus-septemfasciatus
predatory-fins,L046 Zebra Pleco (Hypancistrus zebra),,,Hypancistrus zebra,125,,USD,1.25 - 1.5 inches,1.38,in,false,2024-12-29T20:21:18-05:00,2026-08-28T05:03:39.423Z,https://www.predatoryfins.com/products/l046-zebra-pleco-hypancistrus-zebra
predatory-fins,L046 Zebra Pleco (Hypancistrus zebra),,,Hypancistrus zebra,175,,USD,1.75 - 2 inches,1.88,in,true,2024-12-29T20:21:18-05:00,2026-08-28T05:03:39.423Z,https://www.predatoryfins.com/products/l046-zebra-pleco-hypancistrus-zebra
predatory-fins,L046 Zebra Pleco (Hypancistrus zebra),,,Hypancistrus zebra,175,,USD,2.25 - 2.5 inches,2.38,in,false,2024-12-29T20:21:18-05:00,2026-08-28T05:03:39.423Z,https://www.predatoryfins.com/products/l046-zebra-pleco-hypancistrus-zebra
predatory-fins,L046 Zebra Pleco (Hypancistrus zebra),,,Hypancistrus zebra,210,,USD,2.75 - 3 inches,2.88,in,false,2024-12-29T20:21:18-05:00,2026-08-28T05:03:39.423Z,https://www.predatoryfins.com/products/l046-zebra-pleco-hypancistrus-zebra
predatory-fins,Albino Golden Arrowhead Catfish (Pseudobagrus sp),,,,950,,USD,5 inches,5,in,false,2024-12-13T23:44:46-05:00,2026-08-28T05:03:39.423Z,https://www.predatoryfins.com/products/golden-arrowhead-catfish-pseudobagrus-sp
predatory-fins,Albino Golden Arrowhead Catfish (Pseudobagrus sp),,,,1150,,USD,6.5 inches,6.5,in,false,2024-12-13T23:44:46-05:00,2026-08-28T05:03:39.423Z,https://www.predatoryfins.com/products/golden-arrowhead-catfish-pseudobagrus-sp
predatory-fins,Red-tailed Golden Mahseer (Tor yingjiangensis),,,Tor yingjiangensis,28,,USD,2 - 2.5 inches,2.25,in,false,2024-12-13T23:31:00-05:00,2026-08-28T05:03:39.423Z,https://www.predatoryfins.com/products/red-tailed-golden-mahseer-tor-yingjiangensis
predatory-fins,Red-tailed Golden Mahseer (Tor yingjiangensis),,,Tor yingjiangensis,35,,USD,3 inches,3,in,false,2024-12-13T23:31:00-05:00,2026-08-28T05:03:39.423Z,https://www.predatoryfins.com/products/red-tailed-golden-mahseer-tor-yingjiangensis
predatory-fins,Amur Pike (Esox reichertii),,,Esox reichertii,495,750,USD,5.5 - 6 inches,5.75,in,false,2024-12-13T23:04:30-05:00,2026-08-28T05:03:39.423Z,https://www.predatoryfins.com/products/amur-pike-esox-reichertii
predatory-fins,Amur Pike (Esox reichertii),,,Esox reichertii,595,850,USD,8.5 - 9 inches,8.75,in,false,2024-12-13T23:04:30-05:00,2026-08-28T05:03:39.423Z,https://www.predatoryfins.com/products/amur-pike-esox-reichertii
predatory-fins,Amur Pike (Esox reichertii),,,Esox reichertii,695,950,USD,12 - 13 inches,12.5,in,false,2024-12-13T23:04:30-05:00,2026-08-28T05:03:39.423Z,https://www.predatoryfins.com/products/amur-pike-esox-reichertii
predatory-fins,Predatory Carp (Chanodichthys erythropterus),,,Chanodichthys erythropterus,210,,USD,3 - 3.5 inches,3.25,in,false,2024-12-13T22:54:12-05:00,2026-08-28T05:03:39.423Z,https://www.predatoryfins.com/products/redfin-culter-chanodichthys-erythropterus
predatory-fins,Predatory Carp (Chanodichthys erythropterus),,,Chanodichthys erythropterus,250,,USD,4 - 4.5 inches,4.25,in,false,2024-12-13T22:54:12-05:00,2026-08-28T05:03:39.423Z,https://www.predatoryfins.com/products/redfin-culter-chanodichthys-erythropterus
predatory-fins,Pacman Catfish (Lophiosilurus alexandri),,,Lophiosilurus alexandri,325,,USD,6 - 6.5 inches,6.25,in,true,2024-12-13T22:41:27-05:00,2026-08-28T05:03:39.423Z,https://www.predatoryfins.com/products/pacman-catfish-lophiosilurus-alexandri
predatory-fins,Marbled Luecistic Japanese Eel (Anguilla japonica),,,Anguilla japonica,1600,,USD,13 - 14 inches (White Marbled),13.5,in,false,2024-12-13T22:32:50-05:00,2026-08-28T05:03:39.423Z,https://www.predatoryfins.com/products/marbled-luecistic-japanese-eel-anguilla-japonica
predatory-fins,Marbled Luecistic Japanese Eel (Anguilla japonica),,,Anguilla japonica,1600,,USD,13 - 14 inched (Yellow Marbled),13.5,in,false,2024-12-13T22:32:50-05:00,2026-08-28T05:03:39.423Z,https://www.predatoryfins.com/products/marbled-luecistic-japanese-eel-anguilla-japonica
predatory-fins,Marbled Luecistic Japanese Eel (Anguilla japonica),,,Anguilla japonica,2800,,USD,20 - 24 inches (White Marbled),22,in,false,2024-12-13T22:32:50-05:00,2026-08-28T05:03:39.423Z,https://www.predatoryfins.com/products/marbled-luecistic-japanese-eel-anguilla-japonica
predatory-fins,Blue Turquoise Severum (Heros severus),sp_green_severum,scientific-name,Heros severus,28,,USD,1 - 1.25 inches,1.13,in,false,2024-12-09T00:35:09-05:00,2026-08-28T05:03:39.423Z,https://www.predatoryfins.com/products/blue-turquoise-severum-heros-severus
predatory-fins,Blue Turquoise Severum (Heros severus),sp_green_severum,scientific-name,Heros severus,45,,USD,3 - 3.5 inches,3.25,in,false,2024-12-09T00:35:09-05:00,2026-08-28T05:03:39.423Z,https://www.predatoryfins.com/products/blue-turquoise-severum-heros-severus
predatory-fins,Blue Turquoise Severum (Heros severus),sp_green_severum,scientific-name,Heros severus,35,,USD,2 - 2.5 inches,2.25,in,false,2024-12-09T00:35:09-05:00,2026-08-28T05:03:39.423Z,https://www.predatoryfins.com/products/blue-turquoise-severum-heros-severus
predatory-fins,Burbot (Lota lota),,,Lota lota,150,,USD,7 - 8 inches,7.5,in,false,2024-11-23T17:44:52-05:00,2026-08-28T05:03:39.423Z,https://www.predatoryfins.com/products/burbot-lota-lota
predatory-fins,Eruption Leopard Snakeskin Discus (Symphysodon aequifaciatus),,,Symphysodon aequifaciatus,95,,USD,4 - 4.5 inches,4.25,in,false,2024-11-19T21:46:58-05:00,2026-08-28T05:03:39.423Z,https://www.predatoryfins.com/products/eruption-leopard-snakeskin-discus-symphysodon-aequifaciatus
predatory-fins,Red Spotted Leopard Discus (Symphysodon aequifaciatus),,,Symphysodon aequifaciatus,75,,USD,4 - 4.5 inches,4.25,in,false,2024-11-19T21:44:42-05:00,2026-08-28T05:03:39.423Z,https://www.predatoryfins.com/products/red-spotted-leopard-discus-symphysodon-aequifaciatus
predatory-fins,Golden / Yellow Checkerboard Pigeon Discus (Symphysodon aequifasciatus),,,Symphysodon aequifasciatus,85,,USD,4.5 inches,4.5,in,false,2024-11-19T21:32:19-05:00,2026-08-28T05:03:39.423Z,https://www.predatoryfins.com/products/golden-yellow-checkerboard-pigeon-discus-symphysodon-aequifasciatus
predatory-fins,3 Bar Indo Datnoid Tiger Fish (Datnioides microlepis),,,Datnioides microlepis,275,,USD,1.5 inch,1.5,in,false,2024-11-15T21:06:30-05:00,2026-08-28T05:03:39.423Z,https://www.predatoryfins.com/products/3-bar-indo-datnoid-tiger-fish-datnioides-microlepis
predatory-fins,3 Bar Indo Datnoid Tiger Fish (Datnioides microlepis),,,Datnioides microlepis,195,,USD,2 - 2.25 inches,2.13,in,false,2024-11-15T21:06:30-05:00,2026-08-28T05:03:39.423Z,https://www.predatoryfins.com/products/3-bar-indo-datnoid-tiger-fish-datnioides-microlepis
predatory-fins,3 Bar Indo Datnoid Tiger Fish (Datnioides microlepis),,,Datnioides microlepis,325,,USD,2.75 - 3 inches,2.88,in,false,2024-11-15T21:06:30-05:00,2026-08-28T05:03:39.423Z,https://www.predatoryfins.com/products/3-bar-indo-datnoid-tiger-fish-datnioides-microlepis
predatory-fins,3 Bar Indo Datnoid Tiger Fish (Datnioides microlepis),,,Datnioides microlepis,375,,USD,A - 1.5 inch,,,false,2024-11-15T21:06:30-05:00,2026-08-28T05:03:39.423Z,https://www.predatoryfins.com/products/3-bar-indo-datnoid-tiger-fish-datnioides-microlepis
predatory-fins,3 Bar Indo Datnoid Tiger Fish (Datnioides microlepis),,,Datnioides microlepis,375,,USD,B - 1.5 inch,,,false,2024-11-15T21:06:30-05:00,2026-08-28T05:03:39.423Z,https://www.predatoryfins.com/products/3-bar-indo-datnoid-tiger-fish-datnioides-microlepis
predatory-fins,3 Bar Indo Datnoid Tiger Fish (Datnioides microlepis),,,Datnioides microlepis,325,,USD,D - 1.5 inch,,,false,2024-11-15T21:06:30-05:00,2026-08-28T05:03:39.423Z,https://www.predatoryfins.com/products/3-bar-indo-datnoid-tiger-fish-datnioides-microlepis
predatory-fins,3 Bar Indo Datnoid Tiger Fish (Datnioides microlepis),,,Datnioides microlepis,275,,USD,F - 1.5 inch,,,false,2024-11-15T21:06:30-05:00,2026-08-28T05:03:39.423Z,https://www.predatoryfins.com/products/3-bar-indo-datnoid-tiger-fish-datnioides-microlepis
predatory-fins,3 Bar Indo Datnoid Tiger Fish (Datnioides microlepis),,,Datnioides microlepis,395,,USD,G - 1.5 inch,,,false,2024-11-15T21:06:30-05:00,2026-08-28T05:03:39.423Z,https://www.predatoryfins.com/products/3-bar-indo-datnoid-tiger-fish-datnioides-microlepis
predatory-fins,3 Bar Indo Datnoid Tiger Fish (Datnioides microlepis),,,Datnioides microlepis,395,,USD,H - 1.5 inch,,,false,2024-11-15T21:06:30-05:00,2026-08-28T05:03:39.423Z,https://www.predatoryfins.com/products/3-bar-indo-datnoid-tiger-fish-datnioides-microlepis
predatory-fins,3 Bar Indo Datnoid Tiger Fish (Datnioides microlepis),,,Datnioides microlepis,395,,USD,J - 1.5 inch,,,false,2024-11-15T21:06:30-05:00,2026-08-28T05:03:39.423Z,https://www.predatoryfins.com/products/3-bar-indo-datnoid-tiger-fish-datnioides-microlepis
predatory-fins,Purple Cobra Candiru (Cetopsis candiru),,,Cetopsis candiru,45,,USD,3 - 3.5 inches,3.25,in,false,2024-11-04T08:02:42-05:00,2026-08-28T05:03:39.423Z,https://www.predatoryfins.com/products/purple-cobra-candiru-cetopsis-candiru
predatory-fins,Purple Cobra Candiru (Cetopsis candiru),,,Cetopsis candiru,55,,USD,4 - 4.5 inches,4.25,in,false,2024-11-04T08:02:42-05:00,2026-08-28T05:03:39.423Z,https://www.predatoryfins.com/products/purple-cobra-candiru-cetopsis-candiru
predatory-fins,Albino Chocolate Crossbelly Silver Arowana (Osteoglossum bicirrhosum),,,Osteoglossum bicirrhosum,3800,,USD,19 - 20 inches,19.5,in,false,2024-10-23T12:39:40-04:00,2026-08-28T05:03:39.423Z,https://www.predatoryfins.com/products/albino-chocolate-crossbelly-silver-arowana-osteoglossum-bicirrhosum
predatory-fins,Golden Red Flame Pike Cichlid (Crenicichla sp),,,,178,295,USD,4 - 4.5 inches,4.25,in,false,2024-10-20T20:03:28-04:00,2026-08-28T05:03:39.423Z,https://www.predatoryfins.com/products/golden-red-flame-pike-cichlid-crenicichla-sp
predatory-fins,Golden Red Flame Pike Cichlid (Crenicichla sp),,,,350,,USD,5 - 5.5 inches,5.25,in,false,2024-10-20T20:03:28-04:00,2026-08-28T05:03:39.423Z,https://www.predatoryfins.com/products/golden-red-flame-pike-cichlid-crenicichla-sp
predatory-fins,Jewel Spotted Catfish (Wertheimeria maculata),,,Wertheimeria maculata,120,,USD,2.5 - 3 inches,2.75,in,false,2024-10-20T18:33:02-04:00,2026-08-28T05:03:39.423Z,https://www.predatoryfins.com/products/jewel-spotted-catfish-wertheimeria-maculata
predatory-fins,Jewel Spotted Catfish (Wertheimeria maculata),,,Wertheimeria maculata,125,650,USD,9 - 10 inches,9.5,in,false,2024-10-20T18:33:02-04:00,2026-08-28T05:03:39.423Z,https://www.predatoryfins.com/products/jewel-spotted-catfish-wertheimeria-maculata
predatory-fins,Jewel Spotted Catfish (Wertheimeria maculata),,,Wertheimeria maculata,45,,USD,1 inch,1,in,true,2024-10-20T18:33:02-04:00,2026-08-28T05:03:39.423Z,https://www.predatoryfins.com/products/jewel-spotted-catfish-wertheimeria-maculata
predatory-fins,Sailfin Red Hook Silver Dollar (Myleus setiger),,,Myleus setiger,85,,USD,2.5 - 3 inches,2.75,in,false,2024-10-20T15:19:47-04:00,2026-08-28T05:03:39.423Z,https://www.predatoryfins.com/products/sailfin-red-hook-silver-dollar-myleus-setiger
predatory-fins,Sailfin Red Hook Silver Dollar (Myleus setiger),,,Myleus setiger,110,,USD,4 - 4.5 inches,4.25,in,false,2024-10-20T15:19:47-04:00,2026-08-28T05:03:39.423Z,https://www.predatoryfins.com/products/sailfin-red-hook-silver-dollar-myleus-setiger
predatory-fins,Sailfin Red Hook Silver Dollar (Myleus setiger),,,Myleus setiger,150,,USD,5 - 5.5 inches,5.25,in,false,2024-10-20T15:19:47-04:00,2026-08-28T05:03:39.423Z,https://www.predatoryfins.com/products/sailfin-red-hook-silver-dollar-myleus-setiger
predatory-fins,Cobra Pike Cichlid (Crenicichla sp),,,,135,,USD,4.5 - 5 inches,4.75,in,false,2024-10-20T14:21:19-04:00,2026-08-28T05:03:39.423Z,https://www.predatoryfins.com/products/cobra-pike-cichlid-crenicichla-sp
predatory-fins,Cobra Pike Cichlid (Crenicichla sp),,,,175,,USD,6 - 6.5 inches,6.25,in,false,2024-10-20T14:21:19-04:00,2026-08-28T05:03:39.423Z,https://www.predatoryfins.com/products/cobra-pike-cichlid-crenicichla-sp
predatory-fins,Short Body Sveni Eartheater Cichlid Parana (Geophagus sveni),sp_geophagus_sveni,scientific-name,Geophagus sveni,150,,USD,3 - 3.5 inches,3.25,in,false,2024-10-20T13:55:30-04:00,2026-08-28T05:03:39.423Z,https://www.predatoryfins.com/products/short-body-sveni-eartheater-cichlid-parana-geophagus-sveni
predatory-fins,Short Body Sveni Eartheater Cichlid Parana (Geophagus sveni),sp_geophagus_sveni,scientific-name,Geophagus sveni,165,,USD,4 - 4.5 inches,4.25,in,false,2024-10-20T13:55:30-04:00,2026-08-28T05:03:39.423Z,https://www.predatoryfins.com/products/short-body-sveni-eartheater-cichlid-parana-geophagus-sveni
predatory-fins,Short Body Sveni Eartheater Cichlid Parana (Geophagus sveni),sp_geophagus_sveni,scientific-name,Geophagus sveni,195,,USD,5 - 5.5 inches,5.25,in,true,2024-10-20T13:55:30-04:00,2026-08-28T05:03:39.423Z,https://www.predatoryfins.com/products/short-body-sveni-eartheater-cichlid-parana-geophagus-sveni
predatory-fins,Argentine Rainbow Humphead Geophagus Cichlid (Gymnogeophagus lipokarenos),,,Gymnogeophagus lipokarenos,75,,USD,3 - 3.5 inches,3.25,in,false,2024-10-20T12:42:22-04:00,2026-08-28T05:03:39.423Z,https://www.predatoryfins.com/products/argentine-rainbow-humphead-geophagus-cichlid-gymnogeophagus-lipokarenos
predatory-fins,Argentine Rainbow Humphead Geophagus Cichlid (Gymnogeophagus lipokarenos),,,Gymnogeophagus lipokarenos,95,,USD,4 - 4.5 inches,4.25,in,false,2024-10-20T12:42:22-04:00,2026-08-28T05:03:39.423Z,https://www.predatoryfins.com/products/argentine-rainbow-humphead-geophagus-cichlid-gymnogeophagus-lipokarenos
predatory-fins,Red Checkerboard Pigeon Discus (Symphysodon aequifasciatus),,,Symphysodon aequifasciatus,85,,USD,4.5 inches,4.5,in,false,2024-10-18T12:58:31-04:00,2026-08-28T05:03:39.423Z,https://www.predatoryfins.com/products/checkerboard-pigeon-discus-symphysodon-aequifasciatus
predatory-fins,Red Checkerboard Pigeon Discus (Symphysodon aequifasciatus),,,Symphysodon aequifasciatus,325,,USD,6 - 6.5 inches (Select Grade),6.25,in,true,2024-10-18T12:58:31-04:00,2026-08-28T05:03:39.423Z,https://www.predatoryfins.com/products/checkerboard-pigeon-discus-symphysodon-aequifasciatus
predatory-fins,Blue Diamond Discus (Symphysodon aequifaciatus),,,Symphysodon aequifaciatus,75,,USD,4.5 inches,4.5,in,false,2024-10-18T12:54:47-04:00,2026-08-28T05:03:39.423Z,https://www.predatoryfins.com/products/blue-diamond-discus-symphysodon-aequifaciatus
predatory-fins,Blue Diamond Discus (Symphysodon aequifaciatus),,,Symphysodon aequifaciatus,110,,USD,5 - 5.5 inches,5.25,in,false,2024-10-18T12:54:47-04:00,2026-08-28T05:03:39.423Z,https://www.predatoryfins.com/products/blue-diamond-discus-symphysodon-aequifaciatus
predatory-fins,Short Body Albino Red Belly Pacu (Piaractus brachypomum),,,Piaractus brachypomum,75,,USD,3 inches,3,in,false,2024-10-18T12:37:10-04:00,2026-08-28T05:03:39.423Z,https://www.predatoryfins.com/products/short-body-albino-red-belly-pacu-piaractus-brachypomum
predatory-fins,Short Body Albino Red Belly Pacu (Piaractus brachypomum),,,Piaractus brachypomum,110,,USD,3.5 - 4 inches,3.75,in,false,2024-10-18T12:37:10-04:00,2026-08-28T05:03:39.423Z,https://www.predatoryfins.com/products/short-body-albino-red-belly-pacu-piaractus-brachypomum
predatory-fins,Short Body Albino Red Belly Pacu (Piaractus brachypomum),,,Piaractus brachypomum,250,,USD,6.5 - 7 inches (Select Grade),6.75,in,false,2024-10-18T12:37:10-04:00,2026-08-28T05:03:39.423Z,https://www.predatoryfins.com/products/short-body-albino-red-belly-pacu-piaractus-brachypomum
predatory-fins,Short Body Albino Red Belly Pacu (Piaractus brachypomum),,,Piaractus brachypomum,350,,USD,9 - 10 inches (Select Grade),9.5,in,false,2024-10-18T12:37:10-04:00,2026-08-28T05:03:39.423Z,https://www.predatoryfins.com/products/short-body-albino-red-belly-pacu-piaractus-brachypomum
predatory-fins,Blue Zebra Snakeskin Angelfish (Pterophyllum scalare sp),,,Pterophyllum scalare,25,,USD,2 inches,2,in,false,2024-10-18T12:30:52-04:00,2026-08-28T05:03:39.423Z,https://www.predatoryfins.com/products/copy-blue-zebra-snakeskin-angelfish-pterophyllum-scalare-sp
predatory-fins,Blue Zebra Snakeskin Angelfish (Pterophyllum scalare sp),,,Pterophyllum scalare,38,,USD,2.5 - 3 inches,2.75,in,false,2024-10-18T12:30:52-04:00,2026-08-28T05:03:39.423Z,https://www.predatoryfins.com/products/copy-blue-zebra-snakeskin-angelfish-pterophyllum-scalare-sp
predatory-fins,Blue Zebra Snakeskin Angelfish (Pterophyllum scalare sp),,,Pterophyllum scalare,65,,USD,4 inches,4,in,false,2024-10-18T12:30:52-04:00,2026-08-28T05:03:39.423Z,https://www.predatoryfins.com/products/copy-blue-zebra-snakeskin-angelfish-pterophyllum-scalare-sp
predatory-fins,Blue Leopard Snakeskin Angelfish (Pterophyllum scalare sp),,,Pterophyllum scalare,38,,USD,2 - 2.25 inches,2.13,in,false,2024-10-18T12:24:40-04:00,2026-08-28T05:03:39.423Z,https://www.predatoryfins.com/products/blue-leopard-angelfish-pterophyllum-scalare-sp
predatory-fins,Blue Leopard Snakeskin Angelfish (Pterophyllum scalare sp),,,Pterophyllum scalare,48,,USD,3 inches,3,in,false,2024-10-18T12:24:40-04:00,2026-08-28T05:03:39.423Z,https://www.predatoryfins.com/products/blue-leopard-angelfish-pterophyllum-scalare-sp
predatory-fins,Blue Leopard Snakeskin Angelfish (Pterophyllum scalare sp),,,Pterophyllum scalare,58,,USD,4 inches (Veiltail),4,in,false,2024-10-18T12:24:40-04:00,2026-08-28T05:03:39.423Z,https://www.predatoryfins.com/products/blue-leopard-angelfish-pterophyllum-scalare-sp
predatory-fins,Whiteheadi Chinese Perch (Siniperca whiteheadi),,,Siniperca whiteheadi,145,,USD,3 - 3.5 inches,3.25,in,false,2024-10-17T13:49:04-04:00,2026-08-28T05:03:39.423Z,https://www.predatoryfins.com/products/whiteheadi-chinese-perch-siniperca-whiteheadi
predatory-fins,Whiteheadi Chinese Perch (Siniperca whiteheadi),,,Siniperca whiteheadi,165,,USD,4 - 4.5 inches,4.25,in,false,2024-10-17T13:49:04-04:00,2026-08-28T05:03:39.423Z,https://www.predatoryfins.com/products/whiteheadi-chinese-perch-siniperca-whiteheadi
predatory-fins,Whiteheadi Chinese Perch (Siniperca whiteheadi),,,Siniperca whiteheadi,185,,USD,5 - 5.5 inches,5.25,in,false,2024-10-17T13:49:04-04:00,2026-08-28T05:03:39.423Z,https://www.predatoryfins.com/products/whiteheadi-chinese-perch-siniperca-whiteheadi
predatory-fins,African Crimson Sky Mahseer (Labeobarbus malagarisi),,,Labeobarbus malagarisi,150,,USD,4  inches (Select Grade),4,in,false,2024-10-10T12:15:12-04:00,2026-08-28T05:03:39.423Z,https://www.predatoryfins.com/products/african-crimson-sky-mahseer-labeobarbus-malagarisi
predatory-fins,African Crimson Sky Mahseer (Labeobarbus malagarisi),,,Labeobarbus malagarisi,215,,USD,5 inches (Select Grade),5,in,true,2024-10-10T12:15:12-04:00,2026-08-28T05:03:39.423Z,https://www.predatoryfins.com/products/african-crimson-sky-mahseer-labeobarbus-malagarisi
predatory-fins,African Crimson Sky Mahseer (Labeobarbus malagarisi),,,Labeobarbus malagarisi,265,,USD,6 - 6.5 inches (Select Grade),6.25,in,true,2024-10-10T12:15:12-04:00,2026-08-28T05:03:39.423Z,https://www.predatoryfins.com/products/african-crimson-sky-mahseer-labeobarbus-malagarisi
predatory-fins,African Crimson Sky Mahseer (Labeobarbus malagarisi),,,Labeobarbus malagarisi,295,,USD,7 - 7.5 inches (Select Grade),7.25,in,false,2024-10-10T12:15:12-04:00,2026-08-28T05:03:39.423Z,https://www.predatoryfins.com/products/african-crimson-sky-mahseer-labeobarbus-malagarisi
predatory-fins,African Crimson Sky Mahseer (Labeobarbus malagarisi),,,Labeobarbus malagarisi,395,,USD,9.5 - 10 inches (Select Grade),9.75,in,false,2024-10-10T12:15:12-04:00,2026-08-28T05:03:39.423Z,https://www.predatoryfins.com/products/african-crimson-sky-mahseer-labeobarbus-malagarisi
predatory-fins,Albino Golden Marble Florida Gar (Lepisosteus platyrhincus),,,Lepisosteus platyrhincus,350,,USD,2.75 - 3 inches,2.88,in,true,2024-10-03T13:25:57-04:00,2026-08-28T05:03:39.423Z,https://www.predatoryfins.com/products/albino-golden-marble-florida-gar-lepisosteus-platyrhincus-1
predatory-fins,Albino Golden Marble Florida Gar (Lepisosteus platyrhincus),,,Lepisosteus platyrhincus,450,,USD,6.5 - 7 inches,6.75,in,false,2024-10-03T13:25:57-04:00,2026-08-28T05:03:39.423Z,https://www.predatoryfins.com/products/albino-golden-marble-florida-gar-lepisosteus-platyrhincus-1
predatory-fins,Albino Golden Marble Florida Gar (Lepisosteus platyrhincus),,,Lepisosteus platyrhincus,550,,USD,8 - 9 inches,8.5,in,false,2024-10-03T13:25:57-04:00,2026-08-28T05:03:39.423Z,https://www.predatoryfins.com/products/albino-golden-marble-florida-gar-lepisosteus-platyrhincus-1
predatory-fins,"Red Irian Rainbow
(Glossolepis incisis)",,,Glossolepis incisis,35,,USD,3 inches,3,in,false,2024-10-02T22:39:45-04:00,2026-08-28T05:03:39.423Z,https://www.predatoryfins.com/products/red-irian-rainbow-glossolepis-incisis
predatory-fins,"Red Irian Rainbow
(Glossolepis incisis)",,,Glossolepis incisis,45,,USD,4 inches,4,in,false,2024-10-02T22:39:45-04:00,2026-08-28T05:03:39.423Z,https://www.predatoryfins.com/products/red-irian-rainbow-glossolepis-incisis
predatory-fins,Blue Turquoise Rainbow (Melanotaenia lacustris),,,Melanotaenia lacustris,28,,USD,2.5 inches,2.5,in,false,2024-10-02T22:33:33-04:00,2026-08-28T05:03:39.423Z,https://www.predatoryfins.com/products/blue-turquoise-rainbow-melanotaenia-lacustris
predatory-fins,Turquoise Yellow American Bullfrog (Lithobates catesbeiana),,,Lithobates catesbeiana,450,,USD,4 - 4.5 inches,4.25,in,false,2024-10-01T14:52:59-04:00,2026-08-28T05:03:39.423Z,https://www.predatoryfins.com/products/turquoise-yellow-american-bullfrog-lithobates-catesbeiana
predatory-fins,Turquoise Yellow American Bullfrog (Lithobates catesbeiana),,,Lithobates catesbeiana,450,,USD,TY1 (4 - 4.5 inches),,,false,2024-10-01T14:52:59-04:00,2026-08-28T05:03:39.423Z,https://www.predatoryfins.com/products/turquoise-yellow-american-bullfrog-lithobates-catesbeiana
predatory-fins,Turquoise Yellow American Bullfrog (Lithobates catesbeiana),,,Lithobates catesbeiana,450,,USD,TY2 (4.5 - 5 inches),,,false,2024-10-01T14:52:59-04:00,2026-08-28T05:03:39.423Z,https://www.predatoryfins.com/products/turquoise-yellow-american-bullfrog-lithobates-catesbeiana
predatory-fins,Blue American Bullfrog (Lithobates catesbeiana),,,Lithobates catesbeiana,750,,USD,5 - 6 inches,5.5,in,false,2024-10-01T14:07:55-04:00,2026-08-28T05:03:39.423Z,https://www.predatoryfins.com/products/blue-american-bullfrog-lithobates-catesbeiana
predatory-fins,Leucistic Panda Tiger Shovelnose Catfish (Pseudoplatystoma tigrinum),,,Pseudoplatystoma tigrinum,3850,,USD,6 - 6.5 inches,6.25,in,false,2024-09-29T19:47:35-04:00,2026-08-28T05:03:39.423Z,https://www.predatoryfins.com/products/leucistic-panda-tiger-shovelnose-catfish-pseudoplatystoma-tigrinum
predatory-fins,Golden Tiger Shovelnose Redtail Catfish Hybrid,,,,1200,,USD,7.5 inches,7.5,in,false,2024-09-29T19:42:49-04:00,2026-08-28T05:03:39.423Z,https://www.predatoryfins.com/products/golden-tiger-shovelnose-redtail-catfish-hybrid
predatory-fins,Golden Tiger Shovelnose Redtail Catfish Hybrid,,,,1950,,USD,11 inches,11,in,false,2024-09-29T19:42:49-04:00,2026-08-28T05:03:39.423Z,https://www.predatoryfins.com/products/golden-tiger-shovelnose-redtail-catfish-hybrid
predatory-fins,Blue Ghost Angelfish (Pterophyllum scalare sp),,,Pterophyllum scalare,25,,USD,1.5 - 1.75 inches,1.63,in,false,2024-09-19T08:07:08-04:00,2026-08-28T05:03:39.423Z,https://www.predatoryfins.com/products/blue-ghost-angelfish-pterophyllum-scalare-sp
predatory-fins,Blue Ghost Angelfish (Pterophyllum scalare sp),,,Pterophyllum scalare,29,,USD,2 - 2.5 inches,2.25,in,false,2024-09-19T08:07:08-04:00,2026-08-28T05:03:39.423Z,https://www.predatoryfins.com/products/blue-ghost-angelfish-pterophyllum-scalare-sp
predatory-fins,Blue Ghost Angelfish (Pterophyllum scalare sp),,,Pterophyllum scalare,38,,USD,3 - 3.5 inches,3.25,in,false,2024-09-19T08:07:08-04:00,2026-08-28T05:03:39.423Z,https://www.predatoryfins.com/products/blue-ghost-angelfish-pterophyllum-scalare-sp
predatory-fins,Blue Ghost Angelfish (Pterophyllum scalare sp),,,Pterophyllum scalare,38,45,USD,4 - 4.5 inches,4.25,in,false,2024-09-19T08:07:08-04:00,2026-08-28T05:03:39.423Z,https://www.predatoryfins.com/products/blue-ghost-angelfish-pterophyllum-scalare-sp
predatory-fins,Leucistic American Bullfrog (Lithobates catesbeiana),,,Lithobates catesbeiana,450,,USD,5 - 6 inches,5.5,in,false,2024-09-14T00:41:06-04:00,2026-08-28T05:03:39.423Z,https://www.predatoryfins.com/products/leucistic-american-bullfrog-lithobates-catesbeiana
predatory-fins,Leucistic American Bullfrog (Lithobates catesbeiana),,,Lithobates catesbeiana,850,,USD,A1 Male (5 - 6 inches),,,false,2024-09-14T00:41:06-04:00,2026-08-28T05:03:39.423Z,https://www.predatoryfins.com/products/leucistic-american-bullfrog-lithobates-catesbeiana
predatory-fins,Leucistic American Bullfrog (Lithobates catesbeiana),,,Lithobates catesbeiana,850,,USD,A2 Male (5 - 6 inches),,,false,2024-09-14T00:41:06-04:00,2026-08-28T05:03:39.423Z,https://www.predatoryfins.com/products/leucistic-american-bullfrog-lithobates-catesbeiana
predatory-fins,Leucistic American Bullfrog (Lithobates catesbeiana),,,Lithobates catesbeiana,850,,USD,A3 Female (5 - 6 inches),,,false,2024-09-14T00:41:06-04:00,2026-08-28T05:03:39.423Z,https://www.predatoryfins.com/products/leucistic-american-bullfrog-lithobates-catesbeiana
predatory-fins,Leucistic American Bullfrog (Lithobates catesbeiana),,,Lithobates catesbeiana,350,,USD,A4 Male (5 - 6 inches),,,false,2024-09-14T00:41:06-04:00,2026-08-28T05:03:39.423Z,https://www.predatoryfins.com/products/leucistic-american-bullfrog-lithobates-catesbeiana
predatory-fins,Leucistic American Bullfrog (Lithobates catesbeiana),,,Lithobates catesbeiana,850,,USD,A5 Male (5 - 6 inches),,,false,2024-09-14T00:41:06-04:00,2026-08-28T05:03:39.423Z,https://www.predatoryfins.com/products/leucistic-american-bullfrog-lithobates-catesbeiana
predatory-fins,Leucistic American Bullfrog (Lithobates catesbeiana),,,Lithobates catesbeiana,850,,USD,A6 Male (5 - 6 inches),,,false,2024-09-14T00:41:06-04:00,2026-08-28T05:03:39.423Z,https://www.predatoryfins.com/products/leucistic-american-bullfrog-lithobates-catesbeiana
predatory-fins,Leucistic American Bullfrog (Lithobates catesbeiana),,,Lithobates catesbeiana,850,,USD,A7 Male (5 - 6 inches),,,false,2024-09-14T00:41:06-04:00,2026-08-28T05:03:39.423Z,https://www.predatoryfins.com/products/leucistic-american-bullfrog-lithobates-catesbeiana
predatory-fins,Leucistic American Bullfrog (Lithobates catesbeiana),,,Lithobates catesbeiana,350,,USD,A8 Male (5 - 6 inches),,,false,2024-09-14T00:41:06-04:00,2026-08-28T05:03:39.423Z,https://www.predatoryfins.com/products/leucistic-american-bullfrog-lithobates-catesbeiana
predatory-fins,Leucistic American Bullfrog (Lithobates catesbeiana),,,Lithobates catesbeiana,850,,USD,A9 Male (5 - 6 inches),,,false,2024-09-14T00:41:06-04:00,2026-08-28T05:03:39.423Z,https://www.predatoryfins.com/products/leucistic-american-bullfrog-lithobates-catesbeiana
predatory-fins,Leucistic American Bullfrog (Lithobates catesbeiana),,,Lithobates catesbeiana,350,,USD,A10 Female (5 - 6 inches),,,false,2024-09-14T00:41:06-04:00,2026-08-28T05:03:39.423Z,https://www.predatoryfins.com/products/leucistic-american-bullfrog-lithobates-catesbeiana
predatory-fins,Leucistic American Bullfrog (Lithobates catesbeiana),,,Lithobates catesbeiana,750,,USD,BL1 (4 - 4.5 inches) Blue Lucy,,,false,2024-09-14T00:41:06-04:00,2026-08-28T05:03:39.423Z,https://www.predatoryfins.com/products/leucistic-american-bullfrog-lithobates-catesbeiana
predatory-fins,Leucistic American Bullfrog (Lithobates catesbeiana),,,Lithobates catesbeiana,850,,USD,BL2 (4 - 4.5 inches) Blue Lucy,,,false,2024-09-14T00:41:06-04:00,2026-08-28T05:03:39.423Z,https://www.predatoryfins.com/products/leucistic-american-bullfrog-lithobates-catesbeiana
predatory-fins,Leucistic American Bullfrog (Lithobates catesbeiana),,,Lithobates catesbeiana,450,,USD,PL1 (4 - 4.5 inches) Pied Lucy,,,false,2024-09-14T00:41:06-04:00,2026-08-28T05:03:39.423Z,https://www.predatoryfins.com/products/leucistic-american-bullfrog-lithobates-catesbeiana
predatory-fins,Golden Marble Alligator Gar (Atractosteus spatula),,,Atractosteus spatula,320,,USD,3 - 4 inches,3.5,in,true,2024-08-23T16:17:45-04:00,2026-08-28T05:03:39.423Z,https://www.predatoryfins.com/products/golden-marble-alligator-gar-atractosteus-spatula
predatory-fins,Zebra Shark (Stegostoma fasciatum),,,Stegostoma fasciatum,6000,,USD,13 - 15 inches,14,in,false,2024-08-12T23:47:23-04:00,2026-08-28T05:03:39.423Z,https://www.predatoryfins.com/products/zebra-shark-stegostoma-fasciatum
predatory-fins,Zebra Shark (Stegostoma fasciatum),,,Stegostoma fasciatum,6950,,USD,24 - 28 inches,26,in,false,2024-08-12T23:47:23-04:00,2026-08-28T05:03:39.423Z,https://www.predatoryfins.com/products/zebra-shark-stegostoma-fasciatum
predatory-fins,Blacktip Reef Shark (Carcharhinus melanopterus),,,Carcharhinus melanopterus,4800,,USD,14 - 15 inches,14.5,in,true,2024-08-12T23:35:59-04:00,2026-08-28T05:03:39.423Z,https://www.predatoryfins.com/products/untitled-aug12_23-19
predatory-fins,Blacktip Reef Shark (Carcharhinus melanopterus),,,Carcharhinus melanopterus,5800,,USD,20 - 24 inches,22,in,true,2024-08-12T23:35:59-04:00,2026-08-28T05:03:39.423Z,https://www.predatoryfins.com/products/untitled-aug12_23-19
predatory-fins,"Asian Bumblebee Catfish
(Pseudomystus siamensis)",,,Pseudomystus siamensis,18,,USD,2 - 2.5 inches,2.25,in,false,2024-08-11T19:04:40-04:00,2026-08-28T05:03:39.423Z,https://www.predatoryfins.com/products/asian-bumblebee-catfish-pseudomystus-siamensis
predatory-fins,"Asian Bumblebee Catfish
(Pseudomystus siamensis)",,,Pseudomystus siamensis,55,,USD,5 inches,5,in,false,2024-08-11T19:04:40-04:00,2026-08-28T05:03:39.423Z,https://www.predatoryfins.com/products/asian-bumblebee-catfish-pseudomystus-siamensis
predatory-fins,Altifrons Eartheater Cichlid (Geophagus Altifrons),,,,16,,USD,1 inch,1,in,false,2024-08-11T18:52:41-04:00,2026-08-28T05:03:39.423Z,https://www.predatoryfins.com/products/altifrons-eartheater-cichlid-geophagus-altifrons
predatory-fins,Altifrons Eartheater Cichlid (Geophagus Altifrons),,,,28,,USD,2 - 2.5 inches,2.25,in,false,2024-08-11T18:52:41-04:00,2026-08-28T05:03:39.423Z,https://www.predatoryfins.com/products/altifrons-eartheater-cichlid-geophagus-altifrons
predatory-fins,Altifrons Eartheater Cichlid (Geophagus Altifrons),,,,55,,USD,3 - 3.5 inches (wild),3.25,in,false,2024-08-11T18:52:41-04:00,2026-08-28T05:03:39.423Z,https://www.predatoryfins.com/products/altifrons-eartheater-cichlid-geophagus-altifrons
predatory-fins,Altifrons Eartheater Cichlid (Geophagus Altifrons),,,,65,,USD,4 - 4.5 inches (wild),4.25,in,false,2024-08-11T18:52:41-04:00,2026-08-28T05:03:39.423Z,https://www.predatoryfins.com/products/altifrons-eartheater-cichlid-geophagus-altifrons
predatory-fins,Altifrons Eartheater Cichlid (Geophagus Altifrons),,,,125,,USD,5 - 5.5 inches,5.25,in,false,2024-08-11T18:52:41-04:00,2026-08-28T05:03:39.423Z,https://www.predatoryfins.com/products/altifrons-eartheater-cichlid-geophagus-altifrons
predatory-fins,Altifrons Eartheater Cichlid (Geophagus Altifrons),,,,175,,USD,6.5 - 7 inches,6.75,in,false,2024-08-11T18:52:41-04:00,2026-08-28T05:03:39.423Z,https://www.predatoryfins.com/products/altifrons-eartheater-cichlid-geophagus-altifrons
predatory-fins,Giant Featherback Knifefish (Chitala lopis),,,Chitala lopis,200,295,USD,6 - 7 inches,6.5,in,true,2024-07-26T23:18:04-04:00,2026-08-28T05:03:39.423Z,https://www.predatoryfins.com/products/giant-featherback-knifefish-chitala-lopis
predatory-fins,Giant Featherback Knifefish (Chitala lopis),,,Chitala lopis,325,,USD,8 - 9 inches,8.5,in,false,2024-07-26T23:18:04-04:00,2026-08-28T05:03:39.423Z,https://www.predatoryfins.com/products/giant-featherback-knifefish-chitala-lopis
predatory-fins,Giant Featherback Knifefish (Chitala lopis),,,Chitala lopis,450,,USD,11 - 12 inches,11.5,in,false,2024-07-26T23:18:04-04:00,2026-08-28T05:03:39.423Z,https://www.predatoryfins.com/products/giant-featherback-knifefish-chitala-lopis
predatory-fins,Giant Featherback Knifefish (Chitala lopis),,,Chitala lopis,650,,USD,13 - 14 inches,13.5,in,false,2024-07-26T23:18:04-04:00,2026-08-28T05:03:39.423Z,https://www.predatoryfins.com/products/giant-featherback-knifefish-chitala-lopis
predatory-fins,Giant Featherback Knifefish (Chitala lopis),,,Chitala lopis,950,,USD,16 - 17 inches,16.5,in,false,2024-07-26T23:18:04-04:00,2026-08-28T05:03:39.423Z,https://www.predatoryfins.com/products/giant-featherback-knifefish-chitala-lopis
predatory-fins,Sicklefin Barb (Puntioplites falcifer),,,Puntioplites falcifer,110,,USD,5.5 - 6 inches,5.75,in,false,2024-07-26T23:06:12-04:00,2026-08-28T05:03:39.423Z,https://www.predatoryfins.com/products/sicklefin-barb-puntioplites-falcifer
predatory-fins,Albino Black Diamond Stingray (Potamotrygon leopoldi),,,Potamotrygon leopoldi,1650,,USD,6 - 6.5 inches,6.25,in,false,2024-07-22T19:59:37-04:00,2026-08-28T05:03:39.423Z,https://www.predatoryfins.com/products/albino-black-diamond-stingray-potamotrygon-leopoldi
predatory-fins,Albino Black Diamond Stingray (Potamotrygon leopoldi),,,Potamotrygon leopoldi,1650,,USD,AB1 Female (5.5 - 6 inches),,,true,2024-07-22T19:59:37-04:00,2026-08-28T05:03:39.423Z,https://www.predatoryfins.com/products/albino-black-diamond-stingray-potamotrygon-leopoldi
predatory-fins,Albino Black Diamond Stingray (Potamotrygon leopoldi),,,Potamotrygon leopoldi,1650,,USD,AB2 Male (6 - 6.5 inches),,,true,2024-07-22T19:59:37-04:00,2026-08-28T05:03:39.423Z,https://www.predatoryfins.com/products/albino-black-diamond-stingray-potamotrygon-leopoldi
predatory-fins,Albino Black Diamond Stingray (Potamotrygon leopoldi),,,Potamotrygon leopoldi,1650,,USD,AB4 Female (5.5 - 6 inches),,,false,2024-07-22T19:59:37-04:00,2026-08-28T05:03:39.423Z,https://www.predatoryfins.com/products/albino-black-diamond-stingray-potamotrygon-leopoldi
predatory-fins,Albino Black Diamond Stingray (Potamotrygon leopoldi),,,Potamotrygon leopoldi,1650,,USD,AB5 Male (6 - 6.5 inches),,,true,2024-07-22T19:59:37-04:00,2026-08-28T05:03:39.423Z,https://www.predatoryfins.com/products/albino-black-diamond-stingray-potamotrygon-leopoldi
predatory-fins,Albino Black Diamond Stingray (Potamotrygon leopoldi),,,Potamotrygon leopoldi,1650,,USD,AB6 Male (7.5 inches),,,false,2024-07-22T19:59:37-04:00,2026-08-28T05:03:39.423Z,https://www.predatoryfins.com/products/albino-black-diamond-stingray-potamotrygon-leopoldi
predatory-fins,Albino Black Diamond Stingray (Potamotrygon leopoldi),,,Potamotrygon leopoldi,1650,,USD,AB7 Female (7.5 inches),,,true,2024-07-22T19:59:37-04:00,2026-08-28T05:03:39.423Z,https://www.predatoryfins.com/products/albino-black-diamond-stingray-potamotrygon-leopoldi
predatory-fins,Albino Black Diamond Stingray (Potamotrygon leopoldi),,,Potamotrygon leopoldi,2500,,USD,AB8 Female (11 - 12 inches),,,false,2024-07-22T19:59:37-04:00,2026-08-28T05:03:39.423Z,https://www.predatoryfins.com/products/albino-black-diamond-stingray-potamotrygon-leopoldi
predatory-fins,Albino Tangerine Pearl Stingray (Potamotrygon jabuti),,,Potamotrygon jabuti,1150,1650,USD,T2 (5.5 - 6 inches - male),,,false,2024-07-11T12:47:24-04:00,2026-08-28T05:03:39.423Z,https://www.predatoryfins.com/products/albino-tangerine-pearl-stingray-potamotrygon-jabuti
predatory-fins,Albino Tangerine Pearl Stingray (Potamotrygon jabuti),,,Potamotrygon jabuti,1150,1650,USD,T3 (5.5 - 6 inches - female),,,false,2024-07-11T12:47:24-04:00,2026-08-28T05:03:39.423Z,https://www.predatoryfins.com/products/albino-tangerine-pearl-stingray-potamotrygon-jabuti
predatory-fins,Albino Tangerine Pearl Stingray (Potamotrygon jabuti),,,Potamotrygon jabuti,1150,1650,USD,T4 (5.5 - 6 inches - female),,,false,2024-07-11T12:47:24-04:00,2026-08-28T05:03:39.423Z,https://www.predatoryfins.com/products/albino-tangerine-pearl-stingray-potamotrygon-jabuti
predatory-fins,Royal Clown Loach (Leptobotia pellegrini),,,Leptobotia pellegrini,160,,USD,3 - 4 inches,3.5,in,true,2024-07-04T21:44:55-04:00,2026-08-28T05:03:39.423Z,https://www.predatoryfins.com/products/royal-clown-loach-leptobotia-pellegrini
predatory-fins,Royal Clown Loach (Leptobotia pellegrini),,,Leptobotia pellegrini,125,,USD,6 - 6.5 inches,6.25,in,false,2024-07-04T21:44:55-04:00,2026-08-28T05:03:39.423Z,https://www.predatoryfins.com/products/royal-clown-loach-leptobotia-pellegrini
predatory-fins,Royal Clown Loach (Leptobotia pellegrini),,,Leptobotia pellegrini,155,,USD,7 - 7.5 inches,7.25,in,false,2024-07-04T21:44:55-04:00,2026-08-28T05:03:39.423Z,https://www.predatoryfins.com/products/royal-clown-loach-leptobotia-pellegrini
predatory-fins,Fenestratus Cichlid (Vieja fenestratus),,,Vieja fenestratus,100,135,USD,6.5 inches,6.5,in,false,2024-07-03T09:25:05-04:00,2026-08-28T05:03:39.423Z,https://www.predatoryfins.com/products/fenestratus-cichlid-vieja-fenestratus
predatory-fins,Green Face Pinoy Angelfish (Pterophyllum scalare),,,Pterophyllum scalare,38,,USD,3 - 3.5 inches,3.25,in,false,2024-07-01T12:11:16-04:00,2026-08-28T05:03:39.423Z,https://www.predatoryfins.com/products/green-face-pinoy-angelfish-pterophyllum-scalare
predatory-fins,Green Face Pinoy Angelfish (Pterophyllum scalare),,,Pterophyllum scalare,38,45,USD,4 - 4.5 inches,4.25,in,false,2024-07-01T12:11:16-04:00,2026-08-28T05:03:39.423Z,https://www.predatoryfins.com/products/green-face-pinoy-angelfish-pterophyllum-scalare
predatory-fins,Blue Koi Paraiba Angelfish (Pterophyllum scalare),,,Pterophyllum scalare,25,45,USD,4 - 4.5 inches (Damaged fins),4.25,in,false,2024-07-01T12:08:45-04:00,2026-08-28T05:03:39.423Z,https://www.predatoryfins.com/products/blue-koi-paraiba-angelfish-pterophyllum-scalare
predatory-fins,Red Mahseer (Tor sinensis),,,Tor sinensis,45,35,USD,2-3 inches,2.5,in,false,2024-06-30T14:04:34-04:00,2026-08-28T05:03:39.423Z,https://www.predatoryfins.com/products/red-mahseet-tor-sinensis
predatory-fins,Red Mahseer (Tor sinensis),,,Tor sinensis,495,,USD,10 - 10.5 inches,10.25,in,false,2024-06-30T14:04:34-04:00,2026-08-28T05:03:39.423Z,https://www.predatoryfins.com/products/red-mahseet-tor-sinensis
predatory-fins,Red Fin Torpedo Barb (Acrossocheilus fasciatus),,,Acrossocheilus fasciatus,35,,USD,3 - 3.5 inches,3.25,in,false,2024-06-23T10:19:56-04:00,2026-08-28T05:03:39.423Z,https://www.predatoryfins.com/products/red-fin-torpedo-barb-acrossocheilus-fasciatus
predatory-fins,Red Fin Torpedo Barb (Acrossocheilus fasciatus),,,Acrossocheilus fasciatus,45,,USD,4 - 4.5 inches,4.25,in,false,2024-06-23T10:19:56-04:00,2026-08-28T05:03:39.423Z,https://www.predatoryfins.com/products/red-fin-torpedo-barb-acrossocheilus-fasciatus
predatory-fins,Red Fin Torpedo Barb (Acrossocheilus fasciatus),,,Acrossocheilus fasciatus,55,,USD,5 - 5.5 inches,5.25,in,false,2024-06-23T10:19:56-04:00,2026-08-28T05:03:39.423Z,https://www.predatoryfins.com/products/red-fin-torpedo-barb-acrossocheilus-fasciatus
predatory-fins,Red Fin Torpedo Barb (Acrossocheilus fasciatus),,,Acrossocheilus fasciatus,75,,USD,6 - 6.5 inches,6.25,in,false,2024-06-23T10:19:56-04:00,2026-08-28T05:03:39.423Z,https://www.predatoryfins.com/products/red-fin-torpedo-barb-acrossocheilus-fasciatus
predatory-fins,Roseline Shark (Sahyadria denisonii),,,Sahyadria denisonii,25,,USD,2 inches,2,in,false,2024-06-21T15:21:56-04:00,2026-08-28T05:03:39.423Z,https://www.predatoryfins.com/products/roseline-shark-sahyadria-denisonii
predatory-fins,Roseline Shark (Sahyadria denisonii),,,Sahyadria denisonii,35,,USD,3.5 inches,3.5,in,false,2024-06-21T15:21:56-04:00,2026-08-28T05:03:39.423Z,https://www.predatoryfins.com/products/roseline-shark-sahyadria-denisonii
predatory-fins,Roseline Shark (Sahyadria denisonii),,,Sahyadria denisonii,45,,USD,4 - 4.5 inches,4.25,in,false,2024-06-21T15:21:56-04:00,2026-08-28T05:03:39.423Z,https://www.predatoryfins.com/products/roseline-shark-sahyadria-denisonii
predatory-fins,Roseline Shark (Sahyadria denisonii),,,Sahyadria denisonii,60,,USD,5 - 5.25 inches,5.13,in,false,2024-06-21T15:21:56-04:00,2026-08-28T05:03:39.423Z,https://www.predatoryfins.com/products/roseline-shark-sahyadria-denisonii
predatory-fins,King Kong Golden / Yellow Mammon Parrot Cichlid (Cichlasoma sp),,,,125,325,USD,8 - 8.5 inches (Parrot body),8.25,in,false,2024-06-20T14:03:40-04:00,2026-08-28T05:03:39.423Z,https://www.predatoryfins.com/products/king-kong-golden-yellow-mammon-parrot-cichlid-cichlasoma-sp
predatory-fins,King Kong Golden / Yellow Mammon Parrot Cichlid (Cichlasoma sp),,,,650,,USD,10 - 11 inches (Parrot body),10.5,in,false,2024-06-20T14:03:40-04:00,2026-08-28T05:03:39.423Z,https://www.predatoryfins.com/products/king-kong-golden-yellow-mammon-parrot-cichlid-cichlasoma-sp
predatory-fins,King Kong Golden / Yellow Mammon Parrot Cichlid (Cichlasoma sp),,,,495,,USD,11 inches,11,in,false,2024-06-20T14:03:40-04:00,2026-08-28T05:03:39.423Z,https://www.predatoryfins.com/products/king-kong-golden-yellow-mammon-parrot-cichlid-cichlasoma-sp
predatory-fins,Asian Swamp Eel (Monopterus albus),,,Monopterus albus,99,195,USD,10 - 14 inches (sale - Golden),12,in,false,2024-06-01T13:54:43-04:00,2026-08-28T05:03:39.423Z,https://www.predatoryfins.com/products/asian-swamp-eel-monopterus-albus
predatory-fins,Asian Swamp Eel (Monopterus albus),,,Monopterus albus,550,,USD,10 - 14 inches (albino),12,in,false,2024-06-01T13:54:43-04:00,2026-08-28T05:03:39.423Z,https://www.predatoryfins.com/products/asian-swamp-eel-monopterus-albus
predatory-fins,Asian Swamp Eel (Monopterus albus),,,Monopterus albus,250,195,USD,15 inches luecistic,15,in,false,2024-06-01T13:54:43-04:00,2026-08-28T05:03:39.423Z,https://www.predatoryfins.com/products/asian-swamp-eel-monopterus-albus
predatory-fins,Albino Mascara Barb (Dawkinsia assimilis),,,Dawkinsia assimilis,150,,USD,2.5 - 3 inches,2.75,in,false,2024-06-01T13:32:01-04:00,2026-08-28T05:03:39.423Z,https://www.predatoryfins.com/products/albino-mascara-barb-dawkinsia-assimilis
predatory-fins,Mbu Fahaka Hybrid Puffer Fish (Tetraodon mbu sp),,,Tetraodon mbu,850,,USD,3.5 - 4 inches,3.75,in,false,2024-06-01T13:16:43-04:00,2026-08-28T05:03:39.423Z,https://www.predatoryfins.com/products/mbu-fahaka-hybrid-puffer-fish-tetraodon-mbu-sp
predatory-fins,Flowerhorn Cichlid (Vieja sp),sp_flowerhorn,alias,,120,,USD,F1 (3 inches),,,false,2024-05-28T21:04:04-04:00,2026-08-28T05:03:39.423Z,https://www.predatoryfins.com/products/red-monkey-kamfa-flowerhorn-cichlid-vieja-sp
predatory-fins,Flowerhorn Cichlid (Vieja sp),sp_flowerhorn,alias,,175,,USD,F2 (3 inches),,,false,2024-05-28T21:04:04-04:00,2026-08-28T05:03:39.423Z,https://www.predatoryfins.com/products/red-monkey-kamfa-flowerhorn-cichlid-vieja-sp
predatory-fins,Flowerhorn Cichlid (Vieja sp),sp_flowerhorn,alias,,175,,USD,F3 (3 inches),,,false,2024-05-28T21:04:04-04:00,2026-08-28T05:03:39.423Z,https://www.predatoryfins.com/products/red-monkey-kamfa-flowerhorn-cichlid-vieja-sp
predatory-fins,Flowerhorn Cichlid (Vieja sp),sp_flowerhorn,alias,,135,,USD,F4 (3 inches),,,false,2024-05-28T21:04:04-04:00,2026-08-28T05:03:39.423Z,https://www.predatoryfins.com/products/red-monkey-kamfa-flowerhorn-cichlid-vieja-sp
predatory-fins,Flowerhorn Cichlid (Vieja sp),sp_flowerhorn,alias,,100,,USD,F5 (3 inches),,,false,2024-05-28T21:04:04-04:00,2026-08-28T05:03:39.423Z,https://www.predatoryfins.com/products/red-monkey-kamfa-flowerhorn-cichlid-vieja-sp
predatory-fins,Flowerhorn Cichlid (Vieja sp),sp_flowerhorn,alias,,135,,USD,F6 (3 inches),,,false,2024-05-28T21:04:04-04:00,2026-08-28T05:03:39.423Z,https://www.predatoryfins.com/products/red-monkey-kamfa-flowerhorn-cichlid-vieja-sp
predatory-fins,Flowerhorn Cichlid (Vieja sp),sp_flowerhorn,alias,,120,,USD,F7 (3 inches),,,false,2024-05-28T21:04:04-04:00,2026-08-28T05:03:39.423Z,https://www.predatoryfins.com/products/red-monkey-kamfa-flowerhorn-cichlid-vieja-sp
predatory-fins,Marble Whiptail Stingray (Fluvitrygon oxyrhynchus),,,Fluvitrygon oxyrhynchus,2500,,USD,5 - 6 inches,5.5,in,false,2024-05-17T11:01:22-04:00,2026-08-28T05:03:39.423Z,https://www.predatoryfins.com/products/marble-whiptail-stingray-fluvitrygon-oxyrhynchus
predatory-fins,Point Face Golden Loach (Parabotia kiangsiensis),,,Parabotia kiangsiensis,59,,USD,4.5 - 5 inches,4.75,in,false,2024-05-11T17:44:45-04:00,2026-08-28T05:03:39.423Z,https://www.predatoryfins.com/products/point-face-golden-loach-parabotia-kiangsiensis
predatory-fins,Goyder River Banded Jewel Rainbowfish (Melanotaenia trifasciata),,,Melanotaenia trifasciata,38,,USD,2.75 - 3 inches,2.88,in,false,2024-05-05T17:00:04-04:00,2026-08-28T05:03:39.423Z,https://www.predatoryfins.com/products/goyder-river-banded-jewel-rainbowfish-melanotaenia-trifasciata
predatory-fins,Checkered Ornate Rainbowfish (Melanotaenia splendida inornata),,,Melanotaenia splendida inornata,75,,USD,4.5 - 5 inches,4.75,in,false,2024-05-04T21:32:30-04:00,2026-08-28T05:03:39.423Z,https://www.predatoryfins.com/products/checkered-orante-rainbowfish-melanotaenia-splendida-inornata
predatory-fins,Redtail Black Ear Hybrid Catfish (Phractocephalus hemioliopterus sp),,,Phractocephalus hemioliopterus,35,,USD,2 - 2.5 inches,2.25,in,false,2024-05-03T21:02:50-04:00,2026-08-28T05:03:39.423Z,https://www.predatoryfins.com/products/redtail-black-ear-hybrid-catfish-phractocephalus-hemioliopterus-sp
predatory-fins,Redtail Black Ear Hybrid Catfish (Phractocephalus hemioliopterus sp),,,Phractocephalus hemioliopterus,45,,USD,3 - 3.5 inches,3.25,in,false,2024-05-03T21:02:50-04:00,2026-08-28T05:03:39.423Z,https://www.predatoryfins.com/products/redtail-black-ear-hybrid-catfish-phractocephalus-hemioliopterus-sp
predatory-fins,Redtail Black Ear Hybrid Catfish (Phractocephalus hemioliopterus sp),,,Phractocephalus hemioliopterus,65,,USD,4 - 4.5 inches,4.25,in,false,2024-05-03T21:02:50-04:00,2026-08-28T05:03:39.423Z,https://www.predatoryfins.com/products/redtail-black-ear-hybrid-catfish-phractocephalus-hemioliopterus-sp
predatory-fins,Redtail Black Ear Hybrid Catfish (Phractocephalus hemioliopterus sp),,,Phractocephalus hemioliopterus,85,,USD,5 - 5.5 inches,5.25,in,false,2024-05-03T21:02:50-04:00,2026-08-28T05:03:39.423Z,https://www.predatoryfins.com/products/redtail-black-ear-hybrid-catfish-phractocephalus-hemioliopterus-sp
predatory-fins,Paradox Albino Marbled Featherfin Catfish (Synodontis eupterus),,,Synodontis eupterus,95,155,USD,2 - 2.5 inches,2.25,in,false,2024-04-26T15:31:41-04:00,2026-08-28T05:03:39.423Z,https://www.predatoryfins.com/products/paradox-albino-marbled-featherfin-catfish-synodontis-eupterus
predatory-fins,Paradox Albino Marbled Featherfin Catfish (Synodontis eupterus),,,Synodontis eupterus,115,,USD,3 - 3.5 inches,3.25,in,false,2024-04-26T15:31:41-04:00,2026-08-28T05:03:39.423Z,https://www.predatoryfins.com/products/paradox-albino-marbled-featherfin-catfish-synodontis-eupterus
predatory-fins,Red Texas Cichlid (Herichthys cyanoguttatus sp),,,Herichthys cyanoguttatus,50,155,USD,4 - 4.5 inches (Short Body),4.25,in,false,2024-04-26T15:03:42-04:00,2026-08-28T05:03:39.423Z,https://www.predatoryfins.com/products/red-texas-cichlid-herichthys-cyanoguttatus-sp
predatory-fins,Red Texas Cichlid (Herichthys cyanoguttatus sp),,,Herichthys cyanoguttatus,95,175,USD,5.5 - 6 inches (Short Body),5.75,in,false,2024-04-26T15:03:42-04:00,2026-08-28T05:03:39.423Z,https://www.predatoryfins.com/products/red-texas-cichlid-herichthys-cyanoguttatus-sp
predatory-fins,Red Texas Cichlid (Herichthys cyanoguttatus sp),,,Herichthys cyanoguttatus,120,195,USD,6 - 6.5 inches,6.25,in,false,2024-04-26T15:03:42-04:00,2026-08-28T05:03:39.423Z,https://www.predatoryfins.com/products/red-texas-cichlid-herichthys-cyanoguttatus-sp
predatory-fins,Red Texas Cichlid (Herichthys cyanoguttatus sp),,,Herichthys cyanoguttatus,50,200,USD,6 - 6.5 inches (Short Body),6.25,in,false,2024-04-26T15:03:42-04:00,2026-08-28T05:03:39.423Z,https://www.predatoryfins.com/products/red-texas-cichlid-herichthys-cyanoguttatus-sp
predatory-fins,Red Texas Cichlid (Herichthys cyanoguttatus sp),,,Herichthys cyanoguttatus,145,250,USD,7 - 7.5 inches,7.25,in,false,2024-04-26T15:03:42-04:00,2026-08-28T05:03:39.423Z,https://www.predatoryfins.com/products/red-texas-cichlid-herichthys-cyanoguttatus-sp
predatory-fins,Widebar Peacock Bass Hybrid (Cichla melaniae sp),,,Cichla melaniae,95,,USD,2.5 - 3 inches,2.75,in,false,2024-04-23T12:50:03-04:00,2026-08-28T05:03:39.423Z,https://www.predatoryfins.com/products/widebar-peacock-bass-hybrid-cichla-melaniae-sp
predatory-fins,Platinum Lapis Tetra (Hyphessobrycon cyanotaenia),,,Hyphessobrycon cyanotaenia,20,,USD,1 - 1.5 inches,1.25,in,false,2024-04-19T10:31:52-04:00,2026-08-28T05:03:39.423Z,https://www.predatoryfins.com/products/platinum-lapis-tetra-hyphessobrycon-cyanotaenia
predatory-fins,Lake Kurumoi Rainbowfish (Melanotaenia parva),,,Melanotaenia parva,25,,USD,2 - 2.5 inches,2.25,in,false,2024-04-17T17:26:01-04:00,2026-08-28T05:03:39.423Z,https://www.predatoryfins.com/products/lake-kurumoi-rainbowfish-melanotaenia-parva
predatory-fins,Lake Kurumoi Rainbowfish (Melanotaenia parva),,,Melanotaenia parva,180,,USD,2 - 2.5 inches 10 pack ($18 each),2.25,in,false,2024-04-17T17:26:01-04:00,2026-08-28T05:03:39.423Z,https://www.predatoryfins.com/products/lake-kurumoi-rainbowfish-melanotaenia-parva
predatory-fins,Lake Kurumoi Rainbowfish (Melanotaenia parva),,,Melanotaenia parva,100,,USD,2 - 2.5 inches 5 pack ($20 each),2.25,in,false,2024-04-17T17:26:01-04:00,2026-08-28T05:03:39.423Z,https://www.predatoryfins.com/products/lake-kurumoi-rainbowfish-melanotaenia-parva
predatory-fins,Notabilis Barbel (Semilabeo notabilis),,,Semilabeo notabilis,90,,USD,5 - 6 inches,5.5,in,false,2024-04-10T15:49:19-04:00,2026-08-28T05:03:39.423Z,https://www.predatoryfins.com/products/notabilis-barbel-semilabeo-notabilis
predatory-fins,Notabilis Barbel (Semilabeo notabilis),,,Semilabeo notabilis,135,,USD,7 - 8 inches,7.5,in,false,2024-04-10T15:49:19-04:00,2026-08-28T05:03:39.423Z,https://www.predatoryfins.com/products/notabilis-barbel-semilabeo-notabilis
predatory-fins,Notabilis Barbel (Semilabeo notabilis),,,Semilabeo notabilis,195,,USD,10 - 11 inches,10.5,in,false,2024-04-10T15:49:19-04:00,2026-08-28T05:03:39.423Z,https://www.predatoryfins.com/products/notabilis-barbel-semilabeo-notabilis
predatory-fins,Leopard Synodontis (Synodontis pardalis),,,Synodontis pardalis,165,,USD,4.5 inches,4.5,in,false,2024-03-22T07:51:23-04:00,2026-08-28T05:03:39.423Z,https://www.predatoryfins.com/products/leopard-synodontis-synodontis-pardalis
predatory-fins,Leopard Synodontis (Synodontis pardalis),,,Synodontis pardalis,225,,USD,6 - 6.5 inches,6.25,in,false,2024-03-22T07:51:23-04:00,2026-08-28T05:03:39.423Z,https://www.predatoryfins.com/products/leopard-synodontis-synodontis-pardalis
predatory-fins,Sterbai Cory Catfish (Corydoras sterbai),,,Corydoras sterbai,8.99,,USD,1 inch,1,in,false,2024-03-12T16:58:00-04:00,2026-08-28T05:03:39.423Z,https://www.predatoryfins.com/products/sterbail-cory-catfish-corydoras-sterbai
predatory-fins,Redhump Eartheater (Geophagus steindachneri),,,Geophagus steindachneri,55,,USD,4 inches,4,in,false,2024-03-09T09:17:42-05:00,2026-08-28T05:03:39.423Z,https://www.predatoryfins.com/products/redhump-eartheater-geophagus-steindachneri
predatory-fins,Redhump Eartheater (Geophagus steindachneri),,,Geophagus steindachneri,85,,USD,5 inches,5,in,false,2024-03-09T09:17:42-05:00,2026-08-28T05:03:39.423Z,https://www.predatoryfins.com/products/redhump-eartheater-geophagus-steindachneri
predatory-fins,Redhump Eartheater (Geophagus steindachneri),,,Geophagus steindachneri,150,,USD,6 - 6.5 inches,6.25,in,false,2024-03-09T09:17:42-05:00,2026-08-28T05:03:39.423Z,https://www.predatoryfins.com/products/redhump-eartheater-geophagus-steindachneri
predatory-fins,Cornish Jack (Mormyrops anguilloides),,,Mormyrops anguilloides,65,,USD,5 inches,5,in,false,2024-03-06T22:03:57-05:00,2026-08-28T05:03:39.423Z,https://www.predatoryfins.com/products/cornish-jack-mormyrops-anguilloides
predatory-fins,Cornish Jack (Mormyrops anguilloides),,,Mormyrops anguilloides,150,,USD,6.5 - 7 inches,6.75,in,false,2024-03-06T22:03:57-05:00,2026-08-28T05:03:39.423Z,https://www.predatoryfins.com/products/cornish-jack-mormyrops-anguilloides
predatory-fins,Cornish Jack (Mormyrops anguilloides),,,Mormyrops anguilloides,850,,USD,25 - 26 inches,25.5,in,false,2024-03-06T22:03:57-05:00,2026-08-28T05:03:39.423Z,https://www.predatoryfins.com/products/cornish-jack-mormyrops-anguilloides
predatory-fins,Albino Red Lucy Pearl Hybrid Stingray (Potamotrygon jabuti sp),,,Potamotrygon jabuti,550,,USD,5 inches,5,in,false,2024-02-25T19:41:30-05:00,2026-08-28T05:03:39.423Z,https://www.predatoryfins.com/products/albino-cinnamon-red-designer-hybrid-stingray-potamotrygon-sp
predatory-fins,Albino Red Lucy Pearl Hybrid Stingray (Potamotrygon jabuti sp),,,Potamotrygon jabuti,795,,USD,6.5 - 7 inches,6.75,in,false,2024-02-25T19:41:30-05:00,2026-08-28T05:03:39.423Z,https://www.predatoryfins.com/products/albino-cinnamon-red-designer-hybrid-stingray-potamotrygon-sp
predatory-fins,Albino Red Lucy Pearl Hybrid Stingray (Potamotrygon jabuti sp),,,Potamotrygon jabuti,595,,USD,RL3 (6 - 6.5 inches Male),,,false,2024-02-25T19:41:30-05:00,2026-08-28T05:03:39.423Z,https://www.predatoryfins.com/products/albino-cinnamon-red-designer-hybrid-stingray-potamotrygon-sp
predatory-fins,Albino Red Lucy Pearl Hybrid Stingray (Potamotrygon jabuti sp),,,Potamotrygon jabuti,595,,USD,RL8 (6.5 inches Male),,,false,2024-02-25T19:41:30-05:00,2026-08-28T05:03:39.423Z,https://www.predatoryfins.com/products/albino-cinnamon-red-designer-hybrid-stingray-potamotrygon-sp
predatory-fins,Albino Red Lucy Pearl Hybrid Stingray (Potamotrygon jabuti sp),,,Potamotrygon jabuti,795,,USD,RL10 (6.5 - 7 inches Female),,,false,2024-02-25T19:41:30-05:00,2026-08-28T05:03:39.423Z,https://www.predatoryfins.com/products/albino-cinnamon-red-designer-hybrid-stingray-potamotrygon-sp
predatory-fins,Albino Red Lucy Pearl Hybrid Stingray (Potamotrygon jabuti sp),,,Potamotrygon jabuti,795,,USD,RL11 (6.5 - 7 inches Male),,,false,2024-02-25T19:41:30-05:00,2026-08-28T05:03:39.423Z,https://www.predatoryfins.com/products/albino-cinnamon-red-designer-hybrid-stingray-potamotrygon-sp
predatory-fins,Albino Red Lucy Pearl Hybrid Stingray (Potamotrygon jabuti sp),,,Potamotrygon jabuti,650,,USD,RL12 (6.5 - 7 inches Female),,,false,2024-02-25T19:41:30-05:00,2026-08-28T05:03:39.423Z,https://www.predatoryfins.com/products/albino-cinnamon-red-designer-hybrid-stingray-potamotrygon-sp
predatory-fins,Albino Red Lucy Pearl Hybrid Stingray (Potamotrygon jabuti sp),,,Potamotrygon jabuti,1200,,USD,RL13 (6.5 - 7 inches Female),,,false,2024-02-25T19:41:30-05:00,2026-08-28T05:03:39.423Z,https://www.predatoryfins.com/products/albino-cinnamon-red-designer-hybrid-stingray-potamotrygon-sp
predatory-fins,Albino Red Lucy Pearl Hybrid Stingray (Potamotrygon jabuti sp),,,Potamotrygon jabuti,795,,USD,RL14 (6.5 - 7 inches Male),,,false,2024-02-25T19:41:30-05:00,2026-08-28T05:03:39.423Z,https://www.predatoryfins.com/products/albino-cinnamon-red-designer-hybrid-stingray-potamotrygon-sp
predatory-fins,Albino Red Lucy Pearl Hybrid Stingray (Potamotrygon jabuti sp),,,Potamotrygon jabuti,650,,USD,RL15 (6 inches Male),,,false,2024-02-25T19:41:30-05:00,2026-08-28T05:03:39.423Z,https://www.predatoryfins.com/products/albino-cinnamon-red-designer-hybrid-stingray-potamotrygon-sp
predatory-fins,Albino Red Lucy Pearl Hybrid Stingray (Potamotrygon jabuti sp),,,Potamotrygon jabuti,1200,,USD,RL16 (6.5 - 7 inches Female),,,false,2024-02-25T19:41:30-05:00,2026-08-28T05:03:39.423Z,https://www.predatoryfins.com/products/albino-cinnamon-red-designer-hybrid-stingray-potamotrygon-sp
predatory-fins,Albino Tangerine Designer Hybrid Stingray (Potamotrygon sp),,,,1650,,USD,M2 (6.5 inches - male),,,false,2024-02-25T19:19:01-05:00,2026-08-28T05:03:39.423Z,https://www.predatoryfins.com/products/albino-golden-red-designer-hybrid-stingray-potamotrygon-sp
predatory-fins,Albino Tangerine Designer Hybrid Stingray (Potamotrygon sp),,,,2250,,USD,M5 (6.5 inches - male),,,false,2024-02-25T19:19:01-05:00,2026-08-28T05:03:39.423Z,https://www.predatoryfins.com/products/albino-golden-red-designer-hybrid-stingray-potamotrygon-sp
predatory-fins,Albino Tangerine Designer Hybrid Stingray (Potamotrygon sp),,,,1150,,USD,M7 (6.5 inches - male),,,false,2024-02-25T19:19:01-05:00,2026-08-28T05:03:39.423Z,https://www.predatoryfins.com/products/albino-golden-red-designer-hybrid-stingray-potamotrygon-sp
predatory-fins,Adolfoi Cory Catfish (Corydoras adolfoi),,,Corydoras adolfoi,18,,USD,.75 inches,,,false,2024-02-24T00:38:03-05:00,2026-08-28T05:03:39.423Z,https://www.predatoryfins.com/products/adolfoi-cory-catfish-corydoras-adolfoi
predatory-fins,Adolfoi Cory Catfish (Corydoras adolfoi),,,Corydoras adolfoi,26,,USD,1.25 inches,1.25,in,false,2024-02-24T00:38:03-05:00,2026-08-28T05:03:39.423Z,https://www.predatoryfins.com/products/adolfoi-cory-catfish-corydoras-adolfoi
predatory-fins,Gold Wolf Fish (Hopletyrhrinus Unitaeniatus),sp_wolf_fish,common-name,,45,,USD,3 - 3.5 inches,3.25,in,false,2024-02-24T00:21:41-05:00,2026-08-28T05:03:39.423Z,https://www.predatoryfins.com/products/gold-wolf-fish-hopletyrhrinus-unitaeniatus
predatory-fins,Gold Wolf Fish (Hopletyrhrinus Unitaeniatus),sp_wolf_fish,common-name,,55,,USD,4 - 4.5 inches,4.25,in,false,2024-02-24T00:21:41-05:00,2026-08-28T05:03:39.423Z,https://www.predatoryfins.com/products/gold-wolf-fish-hopletyrhrinus-unitaeniatus
predatory-fins,Gold Wolf Fish (Hopletyrhrinus Unitaeniatus),sp_wolf_fish,common-name,,65,,USD,5 - 5.5 inches,5.25,in,false,2024-02-24T00:21:41-05:00,2026-08-28T05:03:39.423Z,https://www.predatoryfins.com/products/gold-wolf-fish-hopletyrhrinus-unitaeniatus
predatory-fins,Gold Wolf Fish (Hopletyrhrinus Unitaeniatus),sp_wolf_fish,common-name,,75,,USD,6 - 6.5 inches,6.25,in,false,2024-02-24T00:21:41-05:00,2026-08-28T05:03:39.423Z,https://www.predatoryfins.com/products/gold-wolf-fish-hopletyrhrinus-unitaeniatus
predatory-fins,Red Banded Leporinus (Synaptolaemus latofasciatus),,,Synaptolaemus latofasciatus,68,,USD,3.5 - 4 inches,3.75,in,false,2024-02-23T18:17:31-05:00,2026-08-28T05:03:39.423Z,https://www.predatoryfins.com/products/red-banded-leporinus-synaptolaemus-latofasciatus
predatory-fins,Striped Woodcat (Trachelyopterichtys taeniatus),,,Trachelyopterichtys taeniatus,45,,USD,5 - 5.5 inches,5.25,in,true,2024-02-23T18:10:08-05:00,2026-08-28T05:03:39.423Z,https://www.predatoryfins.com/products/striped-woodcat-trachelyopterichtys-taeniatus
predatory-fins,Dusky Barbel (Semilabeo obscurus),,,Semilabeo obscurus,90,,USD,5 - 6 inches,5.5,in,false,2024-01-27T21:11:49-05:00,2026-08-28T05:03:39.423Z,https://www.predatoryfins.com/products/dusky-barbel-semilabeo-obscurus
predatory-fins,Dusky Barbel (Semilabeo obscurus),,,Semilabeo obscurus,135,,USD,7 - 8 inches,7.5,in,false,2024-01-27T21:11:49-05:00,2026-08-28T05:03:39.423Z,https://www.predatoryfins.com/products/dusky-barbel-semilabeo-obscurus
predatory-fins,Dusky Barbel (Semilabeo obscurus),,,Semilabeo obscurus,195,,USD,10 - 11 inches,10.5,in,false,2024-01-27T21:11:49-05:00,2026-08-28T05:03:39.423Z,https://www.predatoryfins.com/products/dusky-barbel-semilabeo-obscurus
predatory-fins,L233 / LDA009 Golden Maculatus Pleco (Hypostomus fuscomaculatus),,,Hypostomus fuscomaculatus,210,,USD,4 - 4.5 inches,4.25,in,false,2024-01-14T13:49:24-05:00,2026-08-28T05:03:39.423Z,https://www.predatoryfins.com/products/l233-lda009-golden-maculatus-pleco-hypostomus-fuscomaculatus
predatory-fins,L233 / LDA009 Golden Maculatus Pleco (Hypostomus fuscomaculatus),,,Hypostomus fuscomaculatus,265,,USD,6 - 6.5 inches,6.25,in,false,2024-01-14T13:49:24-05:00,2026-08-28T05:03:39.423Z,https://www.predatoryfins.com/products/l233-lda009-golden-maculatus-pleco-hypostomus-fuscomaculatus
predatory-fins,L233 / LDA009 Golden Maculatus Pleco (Hypostomus fuscomaculatus),,,Hypostomus fuscomaculatus,325,,USD,7.5 - 8 inches,7.75,in,false,2024-01-14T13:49:24-05:00,2026-08-28T05:03:39.423Z,https://www.predatoryfins.com/products/l233-lda009-golden-maculatus-pleco-hypostomus-fuscomaculatus
predatory-fins,Scobina Stingray (Potamotrygon scobina),,,Potamotrygon scobina,495,,USD,4.5 inches,4.5,in,false,2024-01-04T20:42:00-05:00,2026-08-28T05:03:39.423Z,https://www.predatoryfins.com/products/scobina-stingray-potamotrygon-scobina
predatory-fins,Scobina Stingray (Potamotrygon scobina),,,Potamotrygon scobina,595,,USD,5 - 5.5 inches,5.25,in,false,2024-01-04T20:42:00-05:00,2026-08-28T05:03:39.423Z,https://www.predatoryfins.com/products/scobina-stingray-potamotrygon-scobina
predatory-fins,Scobina Stingray (Potamotrygon scobina),,,Potamotrygon scobina,650,,USD,6 - 6.5 inches,6.25,in,false,2024-01-04T20:42:00-05:00,2026-08-28T05:03:39.423Z,https://www.predatoryfins.com/products/scobina-stingray-potamotrygon-scobina
predatory-fins,C005 Pantanel Cory Catfish (Corydoras pantanalensis),,,Corydoras pantanalensis,48,,USD,1 - 1.5 inches,1.25,in,true,2024-01-01T14:56:08-05:00,2026-08-28T05:03:39.423Z,https://www.predatoryfins.com/products/cw005-pantanel-cory-catfish-corydoras-pantanalensis
predatory-fins,C005 Pantanel Cory Catfish (Corydoras pantanalensis),,,Corydoras pantanalensis,58,,USD,2 - 2.5 inches (Jumbo),2.25,in,false,2024-01-01T14:56:08-05:00,2026-08-28T05:03:39.423Z,https://www.predatoryfins.com/products/cw005-pantanel-cory-catfish-corydoras-pantanalensis
predatory-fins,Eclipse Black Diamond Stingray (Potamotrygon leopoldi),,,Potamotrygon leopoldi,675,,USD,5 - 6 inches,5.5,in,false,2024-01-01T13:11:04-05:00,2026-08-28T05:03:39.423Z,https://www.predatoryfins.com/products/eclipse-black-diamond-stingray-potamotrygon-leopoldi
predatory-fins,Eclipse Black Diamond Stingray (Potamotrygon leopoldi),,,Potamotrygon leopoldi,1500,,USD,5.5 - 6 inches (Select Grade),5.75,in,true,2024-01-01T13:11:04-05:00,2026-08-28T05:03:39.423Z,https://www.predatoryfins.com/products/eclipse-black-diamond-stingray-potamotrygon-leopoldi
predatory-fins,Jaguar Eel (Mastacembelus sp),,,,65,,USD,5 - 6 inches,5.5,in,false,2024-01-01T10:20:59-05:00,2026-08-28T05:03:39.423Z,https://www.predatoryfins.com/products/jaguar-eel-mastacembelus-sp
predatory-fins,Diamond Scale Koi Fish (Cyprinus carpio),,,Cyprinus carpio,30,,USD,3 - 3.5 inches,3.25,in,false,2024-01-01T09:21:05-05:00,2026-08-28T05:03:39.423Z,https://www.predatoryfins.com/products/diamond-scale-koi-fish-cyprinus-carpio
predatory-fins,Diamond Scale Koi Fish (Cyprinus carpio),,,Cyprinus carpio,35,,USD,4 - 4.5 inches,4.25,in,false,2024-01-01T09:21:05-05:00,2026-08-28T05:03:39.423Z,https://www.predatoryfins.com/products/diamond-scale-koi-fish-cyprinus-carpio
predatory-fins,Thousand Island Black Diamond Stingray (Potamotrygon leopoldi),,,Potamotrygon leopoldi,695,,USD,5 - 5.5 inches,5.25,in,false,2023-12-27T10:01:45-05:00,2026-08-28T05:03:39.423Z,https://www.predatoryfins.com/products/thousand-island-black-diamond-stingray-potamotrygon-leopoldi
predatory-fins,Thousand Island Black Diamond Stingray (Potamotrygon leopoldi),,,Potamotrygon leopoldi,950,,USD,B9 Male (8.5 inches),,,false,2023-12-27T10:01:45-05:00,2026-08-28T05:03:39.423Z,https://www.predatoryfins.com/products/thousand-island-black-diamond-stingray-potamotrygon-leopoldi
predatory-fins,Thousand Island Black Diamond Stingray (Potamotrygon leopoldi),,,Potamotrygon leopoldi,1200,,USD,B21 Female (8.5 inches),,,false,2023-12-27T10:01:45-05:00,2026-08-28T05:03:39.423Z,https://www.predatoryfins.com/products/thousand-island-black-diamond-stingray-potamotrygon-leopoldi
predatory-fins,Golden Goonch Catfish (Bagarius yarrelli),,,Bagarius yarrelli,2250,,USD,6 - 6.5 inches,6.25,in,false,2023-12-22T09:50:59-05:00,2026-08-28T05:03:39.423Z,https://www.predatoryfins.com/products/golden-goonch-catfish-bagarius-yarrelli
predatory-fins,Golden Goonch Catfish (Bagarius yarrelli),,,Bagarius yarrelli,3600,,USD,14 - 15 inches,14.5,in,true,2023-12-22T09:50:59-05:00,2026-08-28T05:03:39.423Z,https://www.predatoryfins.com/products/golden-goonch-catfish-bagarius-yarrelli
predatory-fins,Moor Butterfly Telescope Goldfish (Carassius auratus),,,Carassius auratus,12,,USD,2 - 2.5 inches,2.25,in,false,2023-12-19T20:33:47-05:00,2026-08-28T05:03:39.423Z,https://www.predatoryfins.com/products/moor-butterfly-telescope-goldfish-carassius-auratus
predatory-fins,Moor Butterfly Telescope Goldfish (Carassius auratus),,,Carassius auratus,12,,USD,2 - 2.5 inches,2.25,in,false,2023-12-19T20:33:47-05:00,2026-08-28T05:03:39.423Z,https://www.predatoryfins.com/products/moor-butterfly-telescope-goldfish-carassius-auratus
predatory-fins,Moor Butterfly Telescope Goldfish (Carassius auratus),,,Carassius auratus,12,,USD,3 inches,3,in,false,2023-12-19T20:33:47-05:00,2026-08-28T05:03:39.423Z,https://www.predatoryfins.com/products/moor-butterfly-telescope-goldfish-carassius-auratus
predatory-fins,Moor Butterfly Telescope Goldfish (Carassius auratus),,,Carassius auratus,12,,USD,3 inches,3,in,false,2023-12-19T20:33:47-05:00,2026-08-28T05:03:39.423Z,https://www.predatoryfins.com/products/moor-butterfly-telescope-goldfish-carassius-auratus
predatory-fins,Broadtail Ryukin Goldfish (Carassius auratus),,,Carassius auratus,12,,USD,3 inches,3,in,false,2023-12-19T20:26:31-05:00,2026-08-28T05:03:39.423Z,https://www.predatoryfins.com/products/broadtail-ryukin-goldfish-carassius-auratus
predatory-fins,Broadtail Ryukin Goldfish (Carassius auratus),,,Carassius auratus,12,,USD,3 inches,3,in,false,2023-12-19T20:26:31-05:00,2026-08-28T05:03:39.423Z,https://www.predatoryfins.com/products/broadtail-ryukin-goldfish-carassius-auratus
predatory-fins,Broadtail Ryukin Goldfish (Carassius auratus),,,Carassius auratus,12,,USD,3 inches,3,in,false,2023-12-19T20:26:31-05:00,2026-08-28T05:03:39.423Z,https://www.predatoryfins.com/products/broadtail-ryukin-goldfish-carassius-auratus
predatory-fins,Panda Oranda Goldfish (Carassius auratus),,,Carassius auratus,95,,USD,5 - 5.5 inches,5.25,in,false,2023-12-19T20:23:48-05:00,2026-08-28T05:03:39.423Z,https://www.predatoryfins.com/products/panda-oranda-goldfish-carassius-auratus
predatory-fins,Panda Oranda Goldfish (Carassius auratus),,,Carassius auratus,125,,USD,6 - 6.5 inches,6.25,in,false,2023-12-19T20:23:48-05:00,2026-08-28T05:03:39.423Z,https://www.predatoryfins.com/products/panda-oranda-goldfish-carassius-auratus
predatory-fins,Tri Color Oranda Goldfish (Carassius auratus),,,Carassius auratus,95,,USD,5 - 5.5 inches,5.25,in,false,2023-12-19T20:19:05-05:00,2026-08-28T05:03:39.423Z,https://www.predatoryfins.com/products/tri-color-oranda-goldfish-carassius-auratus
predatory-fins,Tri Color Oranda Goldfish (Carassius auratus),,,Carassius auratus,125,,USD,6 - 6.5 inches,6.25,in,false,2023-12-19T20:19:05-05:00,2026-08-28T05:03:39.423Z,https://www.predatoryfins.com/products/tri-color-oranda-goldfish-carassius-auratus
predatory-fins,Marble Angelfish (Pterophyllum scalare),,,Pterophyllum scalare,10,,USD,1.5 - 2 inches,1.75,in,false,2023-12-17T22:26:27-05:00,2026-08-28T05:03:39.423Z,https://www.predatoryfins.com/products/marble-angelfish-pterophyllum-scalare
predatory-fins,Marble Angelfish (Pterophyllum scalare),,,Pterophyllum scalare,85,,USD,4.5 - 5 inches (adult),4.75,in,false,2023-12-17T22:26:27-05:00,2026-08-28T05:03:39.423Z,https://www.predatoryfins.com/products/marble-angelfish-pterophyllum-scalare
predatory-fins,Golden Angelfish (Pterophyllum scalare),,,Pterophyllum scalare,85,,USD,4.5 - 5 inches (adult),4.75,in,false,2023-12-17T22:19:46-05:00,2026-08-28T05:03:39.423Z,https://www.predatoryfins.com/products/golden-angelfish-pterophyllum-scalare
predatory-fins,African Rainbow Land Crab (Cardisoma armatum),,,Cardisoma armatum,25,,USD,3 - 3.5 inches,3.25,in,false,2023-12-14T15:24:06-05:00,2026-08-28T05:03:39.423Z,https://www.predatoryfins.com/products/african-rainbow-land-crab-cardisoma-armatum
predatory-fins,African Rainbow Land Crab (Cardisoma armatum),,,Cardisoma armatum,30,,USD,4.5 - 5 inches,4.75,in,false,2023-12-14T15:24:06-05:00,2026-08-28T05:03:39.423Z,https://www.predatoryfins.com/products/african-rainbow-land-crab-cardisoma-armatum
predatory-fins,African Rainbow Land Crab (Cardisoma armatum),,,Cardisoma armatum,35,,USD,5 - 5.5 inches,5.25,in,false,2023-12-14T15:24:06-05:00,2026-08-28T05:03:39.423Z,https://www.predatoryfins.com/products/african-rainbow-land-crab-cardisoma-armatum
predatory-fins,Vampire Shrimp (Atya gabonensis),sp_vampire_shrimp,scientific-name,Atya gabonensis,28,,USD,3 - 3.5 inches,3.25,in,false,2023-12-14T15:09:12-05:00,2026-08-28T05:03:39.423Z,https://www.predatoryfins.com/products/vampire-shrimp-atya-gabonensis
predatory-fins,Vampire Shrimp (Atya gabonensis),sp_vampire_shrimp,scientific-name,Atya gabonensis,35,,USD,4 - 4.5 inches,4.25,in,false,2023-12-14T15:09:12-05:00,2026-08-28T05:03:39.423Z,https://www.predatoryfins.com/products/vampire-shrimp-atya-gabonensis
predatory-fins,Vampire Shrimp (Atya gabonensis),sp_vampire_shrimp,scientific-name,Atya gabonensis,55,,USD,5 - 5.5 inches,5.25,in,false,2023-12-14T15:09:12-05:00,2026-08-28T05:03:39.423Z,https://www.predatoryfins.com/products/vampire-shrimp-atya-gabonensis
predatory-fins,Zebra Otocinclus Catfish (Otocinclus cocama),,,Otocinclus cocama,12,,USD,1 inches,1,in,false,2023-12-05T20:08:08-05:00,2026-08-28T05:03:39.423Z,https://www.predatoryfins.com/products/zebra-otocinclus-catfish-otocinclus-cocama
predatory-fins,Zebra Otocinclus Catfish (Otocinclus cocama),,,Otocinclus cocama,15,,USD,1.5 inches (Large),1.5,in,false,2023-12-05T20:08:08-05:00,2026-08-28T05:03:39.423Z,https://www.predatoryfins.com/products/zebra-otocinclus-catfish-otocinclus-cocama
predatory-fins,Chameleon Loricaria (Pseudohemiodon apithanos),,,Pseudohemiodon apithanos,100,,USD,2.5 inches,2.5,in,false,2023-12-05T19:58:29-05:00,2026-08-28T05:03:39.423Z,https://www.predatoryfins.com/products/chameleon-loricaria-pseudohemiodon-apithanos
predatory-fins,Chameleon Loricaria (Pseudohemiodon apithanos),,,Pseudohemiodon apithanos,115,,USD,3 - 3.5 inches,3.25,in,false,2023-12-05T19:58:29-05:00,2026-08-28T05:03:39.423Z,https://www.predatoryfins.com/products/chameleon-loricaria-pseudohemiodon-apithanos
predatory-fins,Chameleon Loricaria (Pseudohemiodon apithanos),,,Pseudohemiodon apithanos,135,,USD,4 - 4.5 inches,4.25,in,false,2023-12-05T19:58:29-05:00,2026-08-28T05:03:39.423Z,https://www.predatoryfins.com/products/chameleon-loricaria-pseudohemiodon-apithanos
predatory-fins,Chameleon Loricaria (Pseudohemiodon apithanos),,,Pseudohemiodon apithanos,155,,USD,6 - 6.5 inches,6.25,in,false,2023-12-05T19:58:29-05:00,2026-08-28T05:03:39.423Z,https://www.predatoryfins.com/products/chameleon-loricaria-pseudohemiodon-apithanos
predatory-fins,Chameleon Loricaria (Pseudohemiodon apithanos),,,Pseudohemiodon apithanos,145,,USD,5-5.5 inches,5.25,in,false,2023-12-05T19:58:29-05:00,2026-08-28T05:03:39.423Z,https://www.predatoryfins.com/products/chameleon-loricaria-pseudohemiodon-apithanos
predatory-fins,Blue Moscow Guppy (Poecilia reticulata),sp_guppy,scientific-name,Poecilia reticulata,35,,USD,1.5 to 2 inches (Breeding Pair),1.75,in,false,2023-11-30T20:19:17-05:00,2026-08-28T05:03:39.423Z,https://www.predatoryfins.com/products/blue-moscow-guppy-poecilia-reticulata
predatory-fins,Albino Yellow Cobra Guppy (Poecilia reticulata),sp_guppy,scientific-name,Poecilia reticulata,45,,USD,1.5 to 2 inches (Breeding Pair),1.75,in,false,2023-11-29T11:24:01-05:00,2026-08-28T05:03:39.423Z,https://www.predatoryfins.com/products/albino-yellow-cobra-guppy-poecilia-reticulata
predatory-fins,Albino Yellow Cobra Guppy (Poecilia reticulata),sp_guppy,scientific-name,Poecilia reticulata,45,,USD,1.5 - 2 inches Male,1.75,in,false,2023-11-29T11:24:01-05:00,2026-08-28T05:03:39.423Z,https://www.predatoryfins.com/products/albino-yellow-cobra-guppy-poecilia-reticulata
predatory-fins,Albino Yellow Cobra Guppy (Poecilia reticulata),sp_guppy,scientific-name,Poecilia reticulata,45,,USD,1.5 - 2 inches Female,1.75,in,false,2023-11-29T11:24:01-05:00,2026-08-28T05:03:39.423Z,https://www.predatoryfins.com/products/albino-yellow-cobra-guppy-poecilia-reticulata
predatory-fins,Tuxedo Red Dragon Guppy (Poecilia reticulata),sp_guppy,scientific-name,Poecilia reticulata,25,,USD,1.5 to 2 inches (Breeding Pair),1.75,in,false,2023-11-29T11:16:11-05:00,2026-08-28T05:03:39.423Z,https://www.predatoryfins.com/products/tuxedo-red-dragon-guppy-poecilia-reticulata
predatory-fins,Platinum Dumbo Red Tail Guppy (Poecilia reticulata),sp_guppy,scientific-name,Poecilia reticulata,35,,USD,1.5 to 2 inches (Breeding Pair),1.75,in,false,2023-11-29T11:13:26-05:00,2026-08-28T05:03:39.423Z,https://www.predatoryfins.com/products/platinum-dumbo-red-tail-guppy-poecilia-reticulata
predatory-fins,Red Rose Guppy (Poecilia reticulata),sp_guppy,scientific-name,Poecilia reticulata,35,,USD,1.5 to 2 inches (Breeding Pair),1.75,in,false,2023-11-29T11:09:38-05:00,2026-08-28T05:03:39.423Z,https://www.predatoryfins.com/products/red-rose-guppy-poecilia-reticulata
predatory-fins,Platinum Red Tail Guppy (Poecilia reticulata),sp_guppy,scientific-name,Poecilia reticulata,35,,USD,1.5 to 2 inches (Breeding Pair),1.75,in,false,2023-11-29T10:56:25-05:00,2026-08-28T05:03:39.423Z,https://www.predatoryfins.com/products/platinum-red-tail-guppy-poecilia-reticulata
predatory-fins,Tuxedo Koi Guppy (Poecilia reticulata),sp_guppy,scientific-name,Poecilia reticulata,35,,USD,1.5 to 2 inches (Breeding Pair),1.75,in,false,2023-11-29T10:46:56-05:00,2026-08-28T05:03:39.423Z,https://www.predatoryfins.com/products/tuxedo-koi-guppy-poecilia-reticulata
predatory-fins,Albino Sky Blue Guppy (Poecilia reticulata),sp_guppy,scientific-name,Poecilia reticulata,35,,USD,1.5 to 2 inches (Breeding Pair),1.75,in,false,2023-11-29T10:39:23-05:00,2026-08-28T05:03:39.423Z,https://www.predatoryfins.com/products/albino-sky-blue-guppy-poecilia-reticulata
predatory-fins,Albino Full Red Guppy (Poecilia reticulata),sp_guppy,scientific-name,Poecilia reticulata,35,,USD,1.5 to 2 inches (Breeding Pair),1.75,in,false,2023-11-29T10:35:40-05:00,2026-08-28T05:03:39.423Z,https://www.predatoryfins.com/products/albino-full-red-guppy-poecilia-reticulata
predatory-fins,Albino Red Devil Lyretail Molly (Poecilia latipinna),,,Poecilia latipinna,18,,USD,2 inches,2,in,false,2023-11-28T14:17:24-05:00,2026-08-28T05:03:39.423Z,https://www.predatoryfins.com/products/albino-red-devil-lyretail-molly-poecilia-latipinna
predatory-fins,Albino Red Devil Lyretail Molly (Poecilia latipinna),,,Poecilia latipinna,38,,USD,4 - 4.5 inches,4.25,in,false,2023-11-28T14:17:24-05:00,2026-08-28T05:03:39.423Z,https://www.predatoryfins.com/products/albino-red-devil-lyretail-molly-poecilia-latipinna
predatory-fins,Yellow Lapis Tetra (Hyphessobrycon cyanotaenia),,,Hyphessobrycon cyanotaenia,18,,USD,1 - 1.5 inches,1.25,in,false,2023-11-28T13:57:31-05:00,2026-08-28T05:03:39.423Z,https://www.predatoryfins.com/products/yellow-lapis-tetra-hyphessobrycon-cyanotaenia
predatory-fins,Spotted Tiger Shovelnose x Achara Catfish (Pseudoplatystoma corruscans sp),,,Pseudoplatystoma corruscans,85,,USD,5 - 5.5 inches,5.25,in,false,2023-11-26T20:02:17-05:00,2026-08-28T05:03:39.423Z,https://www.predatoryfins.com/products/spotted-tiger-shovelnose-x-achara-catfish-pseudoplatystoma-corruscans-sp
predatory-fins,Spotted Tiger Shovelnose x Achara Catfish (Pseudoplatystoma corruscans sp),,,Pseudoplatystoma corruscans,125,,USD,6.5 - 7 inches,6.75,in,false,2023-11-26T20:02:17-05:00,2026-08-28T05:03:39.423Z,https://www.predatoryfins.com/products/spotted-tiger-shovelnose-x-achara-catfish-pseudoplatystoma-corruscans-sp
predatory-fins,Spotted Tiger Shovelnose x Achara Catfish (Pseudoplatystoma corruscans sp),,,Pseudoplatystoma corruscans,175,,USD,8 - 8.5 inches,8.25,in,false,2023-11-26T20:02:17-05:00,2026-08-28T05:03:39.423Z,https://www.predatoryfins.com/products/spotted-tiger-shovelnose-x-achara-catfish-pseudoplatystoma-corruscans-sp
predatory-fins,L082 Opal Spot Pleco (Scobinancistrus sp),,,,125,,USD,2 inches,2,in,false,2023-11-26T19:32:49-05:00,2026-08-28T05:03:39.423Z,https://www.predatoryfins.com/products/l082-opal-spot-pleco-scobinancistrus-sp
predatory-fins,L082 Opal Spot Pleco (Scobinancistrus sp),,,,225,,USD,6 inches,6,in,false,2023-11-26T19:32:49-05:00,2026-08-28T05:03:39.423Z,https://www.predatoryfins.com/products/l082-opal-spot-pleco-scobinancistrus-sp
predatory-fins,Golden Chinese Algae Eater (Gyrinocheilus aymonieri),,,Gyrinocheilus aymonieri,40,65,USD,6 - 6.5 inches (Jumbo),6.25,in,false,2023-11-24T19:37:35-05:00,2026-08-28T05:03:39.423Z,https://www.predatoryfins.com/products/golden-chinese-algae-eater-gyrinocheilus-aymonieri
predatory-fins,L144 Longfin Blue Eye Lemon Bristlenose Pleco (Ancistrus sp),sp_bristlenose_pleco,common-name,,25,,USD,1.75 inches,1.75,in,false,2023-11-24T19:25:59-05:00,2026-08-28T05:03:39.423Z,https://www.predatoryfins.com/products/l144-longfin-blue-eye-lemon-bristlenose-pleco-ancistrus-sp
predatory-fins,L144 Longfin Blue Eye Lemon Bristlenose Pleco (Ancistrus sp),sp_bristlenose_pleco,common-name,,45,,USD,2.5 - 3 inches,2.75,in,false,2023-11-24T19:25:59-05:00,2026-08-28T05:03:39.423Z,https://www.predatoryfins.com/products/l144-longfin-blue-eye-lemon-bristlenose-pleco-ancistrus-sp
predatory-fins,Brichardi Squeaker Catfish (Synodontis brichardi),,,Synodontis brichardi,48,,USD,3 - 3.5 inches,3.25,in,false,2023-11-22T21:02:21-05:00,2026-08-28T05:03:39.423Z,https://www.predatoryfins.com/products/brichardi-squeaker-catfish-synodontis-brichardi
predatory-fins,Brichardi Squeaker Catfish (Synodontis brichardi),,,Synodontis brichardi,75,,USD,5 - 5.5 inches,5.25,in,false,2023-11-22T21:02:21-05:00,2026-08-28T05:03:39.423Z,https://www.predatoryfins.com/products/brichardi-squeaker-catfish-synodontis-brichardi
predatory-fins,Fire Pike Cichlid (Crenicichla Atabapo I sp),,,,75,,USD,5 inches,5,in,false,2023-11-19T18:07:26-05:00,2026-08-28T05:03:39.423Z,https://www.predatoryfins.com/products/fire-pike-cichlid-crenicichla-atabapo-i-sp
predatory-fins,Fire Pike Cichlid (Crenicichla Atabapo I sp),,,,135,,USD,6.5 inches (Select Grade - Super Red),6.5,in,false,2023-11-19T18:07:26-05:00,2026-08-28T05:03:39.423Z,https://www.predatoryfins.com/products/fire-pike-cichlid-crenicichla-atabapo-i-sp
predatory-fins,Albino Golden Marble Tiger Shovelnose Catfish (Pseudoplatystoma fasciatum),,,Pseudoplatystoma fasciatum,250,,USD,3 inches,3,in,false,2023-11-17T12:37:07-05:00,2026-08-28T05:03:39.423Z,https://www.predatoryfins.com/products/albino-golden-marble-tiger-shovelnose-catfish-pseudoplatystoma-fasciatum
predatory-fins,Albino Golden Marble Tiger Shovelnose Catfish (Pseudoplatystoma fasciatum),,,Pseudoplatystoma fasciatum,325,,USD,5 inches,5,in,true,2023-11-17T12:37:07-05:00,2026-08-28T05:03:39.423Z,https://www.predatoryfins.com/products/albino-golden-marble-tiger-shovelnose-catfish-pseudoplatystoma-fasciatum
predatory-fins,Albino Golden Marble Tiger Shovelnose Catfish (Pseudoplatystoma fasciatum),,,Pseudoplatystoma fasciatum,400,,USD,7 inches,7,in,false,2023-11-17T12:37:07-05:00,2026-08-28T05:03:39.423Z,https://www.predatoryfins.com/products/albino-golden-marble-tiger-shovelnose-catfish-pseudoplatystoma-fasciatum
predatory-fins,Albino Golden Marble Tiger Shovelnose Catfish (Pseudoplatystoma fasciatum),,,Pseudoplatystoma fasciatum,495,,USD,8 inches,8,in,false,2023-11-17T12:37:07-05:00,2026-08-28T05:03:39.423Z,https://www.predatoryfins.com/products/albino-golden-marble-tiger-shovelnose-catfish-pseudoplatystoma-fasciatum
predatory-fins,Albino Golden Marble Tiger Shovelnose Catfish (Pseudoplatystoma fasciatum),,,Pseudoplatystoma fasciatum,525,,USD,9 - 10 inches,9.5,in,false,2023-11-17T12:37:07-05:00,2026-08-28T05:03:39.423Z,https://www.predatoryfins.com/products/albino-golden-marble-tiger-shovelnose-catfish-pseudoplatystoma-fasciatum
predatory-fins,Snow Leopard Stingray (Potamotrygon xingu sp),,,Potamotrygon xingu,1500,,USD,6 inches male,6,in,false,2023-11-05T19:00:58-05:00,2026-08-28T05:03:39.423Z,https://www.predatoryfins.com/products/snow-leopard-stingray-potamotrygon-xingu-sp
predatory-fins,Snow Leopard Stingray (Potamotrygon xingu sp),,,Potamotrygon xingu,1800,,USD,6 inches female,6,in,true,2023-11-05T19:00:58-05:00,2026-08-28T05:03:39.423Z,https://www.predatoryfins.com/products/snow-leopard-stingray-potamotrygon-xingu-sp
predatory-fins,Snow Leopard Stingray (Potamotrygon xingu sp),,,Potamotrygon xingu,1800,,USD,8 inches,8,in,false,2023-11-05T19:00:58-05:00,2026-08-28T05:03:39.423Z,https://www.predatoryfins.com/products/snow-leopard-stingray-potamotrygon-xingu-sp
predatory-fins,L418 Titan Royal Pleco (Panaque titan),,,Panaque titan,55,,USD,2 - 2.5 inches,2.25,in,false,2023-11-04T10:22:47-04:00,2026-08-28T05:03:39.423Z,https://www.predatoryfins.com/products/l418-titan-royal-pleco-panaque-titan
predatory-fins,L418 Titan Royal Pleco (Panaque titan),,,Panaque titan,65,,USD,3 inches,3,in,false,2023-11-04T10:22:47-04:00,2026-08-28T05:03:39.423Z,https://www.predatoryfins.com/products/l418-titan-royal-pleco-panaque-titan
predatory-fins,L418 Titan Royal Pleco (Panaque titan),,,Panaque titan,110,,USD,4 - 4.5 inches,4.25,in,false,2023-11-04T10:22:47-04:00,2026-08-28T05:03:39.423Z,https://www.predatoryfins.com/products/l418-titan-royal-pleco-panaque-titan
predatory-fins,L418 Titan Royal Pleco (Panaque titan),,,Panaque titan,250,,USD,5.5 - 6 inches,5.75,in,true,2023-11-04T10:22:47-04:00,2026-08-28T05:03:39.423Z,https://www.predatoryfins.com/products/l418-titan-royal-pleco-panaque-titan
predatory-fins,L418 Titan Royal Pleco (Panaque titan),,,Panaque titan,350,,USD,10 - 12 inches,11,in,false,2023-11-04T10:22:47-04:00,2026-08-28T05:03:39.423Z,https://www.predatoryfins.com/products/l418-titan-royal-pleco-panaque-titan
predatory-fins,L418 Titan Royal Pleco (Panaque titan),,,Panaque titan,450,,USD,13 - 14 inches,13.5,in,false,2023-11-04T10:22:47-04:00,2026-08-28T05:03:39.423Z,https://www.predatoryfins.com/products/l418-titan-royal-pleco-panaque-titan
predatory-fins,Spotted Silver Dollar (Metynnis maculatus),,,Metynnis maculatus,18,,USD,1.25 - 1.5 inches,1.38,in,false,2023-10-22T20:21:19-04:00,2026-08-28T05:03:39.423Z,https://www.predatoryfins.com/products/spotted-silver-dollar-metynnis-maculatus
predatory-fins,Spotted Silver Dollar (Metynnis maculatus),,,Metynnis maculatus,25,,USD,2 - 2.5 inches,2.25,in,false,2023-10-22T20:21:19-04:00,2026-08-28T05:03:39.423Z,https://www.predatoryfins.com/products/spotted-silver-dollar-metynnis-maculatus
predatory-fins,Albino Nemo Red Tiger Oscar Cichlid (Astronotus ocellatus),,,Astronotus ocellatus,65,,USD,3 - 3.5 inches,3.25,in,false,2023-10-22T19:55:50-04:00,2026-08-28T05:03:39.423Z,https://www.predatoryfins.com/products/albino-nemo-red-tiger-oscar-cichlid-astronotus-ocellatus
predatory-fins,Blue Pirate Crab (Vietorintalia rubrum),,,Vietorintalia rubrum,60,,USD,4.5 - 5 inches,4.75,in,false,2023-10-21T21:25:37-04:00,2026-08-28T05:03:39.423Z,https://www.predatoryfins.com/products/blue-pirate-crab-vietorintalia-rubrum
predatory-fins,Red Pirate Crab (Vietorintalia rubrum),,,Vietorintalia rubrum,60,,USD,4.5 - 5 inches,4.75,in,false,2023-10-21T21:10:34-04:00,2026-08-28T05:03:39.423Z,https://www.predatoryfins.com/products/red-pirate-crab-vietorintalia-rubrum
predatory-fins,Cuban Gar (Atractosteus tristoechus),,,Atractosteus tristoechus,115,,USD,5 - 5.5 inches,5.25,in,false,2023-10-06T15:01:59-04:00,2026-08-28T05:03:39.423Z,https://www.predatoryfins.com/products/cuban-gar-atractosteus-tristoechus
predatory-fins,Cuban Gar (Atractosteus tristoechus),,,Atractosteus tristoechus,75,175,USD,6 - 6.5 inches (one eye),6.25,in,false,2023-10-06T15:01:59-04:00,2026-08-28T05:03:39.423Z,https://www.predatoryfins.com/products/cuban-gar-atractosteus-tristoechus
predatory-fins,Cuban Gar (Atractosteus tristoechus),,,Atractosteus tristoechus,155,195,USD,7 - 7.5 inches,7.25,in,false,2023-10-06T15:01:59-04:00,2026-08-28T05:03:39.423Z,https://www.predatoryfins.com/products/cuban-gar-atractosteus-tristoechus
predatory-fins,Panda Pearlscale Giant Gourami (Osphronemus goramy),,,Osphronemus goramy,195,,USD,5 - 5.5 inches,5.25,in,false,2023-09-30T23:36:11-04:00,2026-08-28T05:03:39.423Z,https://www.predatoryfins.com/products/panda-pearlscale-giant-gourami-osphronemus-goramy
predatory-fins,Panda Pearlscale Giant Gourami (Osphronemus goramy),,,Osphronemus goramy,250,,USD,6 - 6.5 inches,6.25,in,false,2023-09-30T23:36:11-04:00,2026-08-28T05:03:39.423Z,https://www.predatoryfins.com/products/panda-pearlscale-giant-gourami-osphronemus-goramy
predatory-fins,Platinum Florida Gar (Lepisosteus platyrhincus),,,Lepisosteus platyrhincus,1650,,USD,5 inches,5,in,false,2023-09-30T23:07:57-04:00,2026-08-28T05:03:39.423Z,https://www.predatoryfins.com/products/platinum-florida-gar-lepisosteus-platyrhincus
predatory-fins,Platinum Florida Gar (Lepisosteus platyrhincus),,,Lepisosteus platyrhincus,1850,,USD,6 inches,6,in,false,2023-09-30T23:07:57-04:00,2026-08-28T05:03:39.423Z,https://www.predatoryfins.com/products/platinum-florida-gar-lepisosteus-platyrhincus
predatory-fins,Platinum Florida Gar (Lepisosteus platyrhincus),,,Lepisosteus platyrhincus,2300,,USD,9 - 9.5 inches,9.25,in,true,2023-09-30T23:07:57-04:00,2026-08-28T05:03:39.423Z,https://www.predatoryfins.com/products/platinum-florida-gar-lepisosteus-platyrhincus
predatory-fins,Albino Tiger Shovelnose Catfish (Pseudoplatystoma fasciatum),,,Pseudoplatystoma fasciatum,4500,,USD,6 - 6.5 inches,6.25,in,false,2023-09-30T23:02:15-04:00,2026-08-28T05:03:39.423Z,https://www.predatoryfins.com/products/albino-tiger-shovelnose-catfish-pseudoplatystoma-fasciatum
predatory-fins,Albino Tiger Shovelnose Catfish (Pseudoplatystoma fasciatum),,,Pseudoplatystoma fasciatum,5500,,USD,9 inches,9,in,false,2023-09-30T23:02:15-04:00,2026-08-28T05:03:39.423Z,https://www.predatoryfins.com/products/albino-tiger-shovelnose-catfish-pseudoplatystoma-fasciatum
predatory-fins,Albino Bagre Catfish (Rhamdia quelen),,,Rhamdia quelen,45,,USD,3 - 3.5 inches,3.25,in,false,2023-09-22T23:43:36-04:00,2026-08-28T05:03:39.423Z,https://www.predatoryfins.com/products/albino-bagre-catfish-rhamdia-quelen
predatory-fins,Albino Bagre Catfish (Rhamdia quelen),,,Rhamdia quelen,55,,USD,5 - 5.5 inches,5.25,in,false,2023-09-22T23:43:36-04:00,2026-08-28T05:03:39.423Z,https://www.predatoryfins.com/products/albino-bagre-catfish-rhamdia-quelen
predatory-fins,Albino Bagre Catfish (Rhamdia quelen),,,Rhamdia quelen,65,,USD,6 - 6.5 inches,6.25,in,false,2023-09-22T23:43:36-04:00,2026-08-28T05:03:39.423Z,https://www.predatoryfins.com/products/albino-bagre-catfish-rhamdia-quelen
predatory-fins,Albino Bagre Catfish (Rhamdia quelen),,,Rhamdia quelen,75,,USD,7 - 7.5 inches,7.25,in,false,2023-09-22T23:43:36-04:00,2026-08-28T05:03:39.423Z,https://www.predatoryfins.com/products/albino-bagre-catfish-rhamdia-quelen
predatory-fins,Forskahlii African Tiger Fish (Hydrocynus forskahlii),,,Hydrocynus forskahlii,95,,USD,3 - 3.5 inches,3.25,in,false,2023-09-22T23:20:25-04:00,2026-08-28T05:03:39.423Z,https://www.predatoryfins.com/products/forskahlii-african-tiger-fish-hydrocynus-forskahlii
predatory-fins,Forskahlii African Tiger Fish (Hydrocynus forskahlii),,,Hydrocynus forskahlii,110,,USD,4 - 4.5 inches,4.25,in,true,2023-09-22T23:20:25-04:00,2026-08-28T05:03:39.423Z,https://www.predatoryfins.com/products/forskahlii-african-tiger-fish-hydrocynus-forskahlii
predatory-fins,Forskahlii African Tiger Fish (Hydrocynus forskahlii),,,Hydrocynus forskahlii,130,,USD,5 - 5.5 inches,5.25,in,true,2023-09-22T23:20:25-04:00,2026-08-28T05:03:39.423Z,https://www.predatoryfins.com/products/forskahlii-african-tiger-fish-hydrocynus-forskahlii
predatory-fins,Forskahlii African Tiger Fish (Hydrocynus forskahlii),,,Hydrocynus forskahlii,160,,USD,6 - 6.5 inches,6.25,in,false,2023-09-22T23:20:25-04:00,2026-08-28T05:03:39.423Z,https://www.predatoryfins.com/products/forskahlii-african-tiger-fish-hydrocynus-forskahlii
predatory-fins,Tiger Largemouth Bass (Micropterus sp),sp_largemouth_bass,common-name,,38,,USD,4 - 4.5 inches,4.25,in,false,2023-09-02T22:00:50-04:00,2026-08-28T05:03:39.423Z,https://www.predatoryfins.com/products/tiger-largemouth-bass-micropterus-sp
predatory-fins,Tiger Largemouth Bass (Micropterus sp),sp_largemouth_bass,common-name,,48,,USD,5 - 5.5 inches,5.25,in,false,2023-09-02T22:00:50-04:00,2026-08-28T05:03:39.423Z,https://www.predatoryfins.com/products/tiger-largemouth-bass-micropterus-sp
predatory-fins,Tiger Largemouth Bass (Micropterus sp),sp_largemouth_bass,common-name,,58,,USD,6 - 6.5 inches,6.25,in,false,2023-09-02T22:00:50-04:00,2026-08-28T05:03:39.423Z,https://www.predatoryfins.com/products/tiger-largemouth-bass-micropterus-sp
predatory-fins,Tiger Largemouth Bass (Micropterus sp),sp_largemouth_bass,common-name,,25,,USD,2.5 - 3 inches,2.75,in,false,2023-09-02T22:00:50-04:00,2026-08-28T05:03:39.423Z,https://www.predatoryfins.com/products/tiger-largemouth-bass-micropterus-sp
predatory-fins,Albino Chinese Perch (Siniperca chuatsi),,,Siniperca chuatsi,135,,USD,1.75 - 2 inches,1.88,in,false,2023-08-20T16:41:55-04:00,2026-08-28T05:03:39.423Z,https://www.predatoryfins.com/products/albino-chinese-perch-siniperca-chuatsi
predatory-fins,Albino Chinese Perch (Siniperca chuatsi),,,Siniperca chuatsi,185,,USD,3.5 - 4 inches,3.75,in,false,2023-08-20T16:41:55-04:00,2026-08-28T05:03:39.423Z,https://www.predatoryfins.com/products/albino-chinese-perch-siniperca-chuatsi
predatory-fins,Albino Chinese Perch (Siniperca chuatsi),,,Siniperca chuatsi,250,,USD,6 - 6.5 inches,6.25,in,false,2023-08-20T16:41:55-04:00,2026-08-28T05:03:39.423Z,https://www.predatoryfins.com/products/albino-chinese-perch-siniperca-chuatsi
predatory-fins,Albino Chinese Perch (Siniperca chuatsi),,,Siniperca chuatsi,285,,USD,7 - 7.5 inches,7.25,in,true,2023-08-20T16:41:55-04:00,2026-08-28T05:03:39.423Z,https://www.predatoryfins.com/products/albino-chinese-perch-siniperca-chuatsi
predatory-fins,King Kong Yuan Bao Parrot Cichlid (Cichlasoma sp),,,,325,,USD,7.5 - 8 inches,7.75,in,false,2023-08-19T23:01:53-04:00,2026-08-28T05:03:39.423Z,https://www.predatoryfins.com/products/king-kong-red-ingot-parrot-cichlid-cichlasoma-sp-copy
predatory-fins,King Kong Yuan Bao Parrot Cichlid (Cichlasoma sp),,,,395,,USD,9.5 - 10 inches,9.75,in,false,2023-08-19T23:01:53-04:00,2026-08-28T05:03:39.423Z,https://www.predatoryfins.com/products/king-kong-red-ingot-parrot-cichlid-cichlasoma-sp-copy
predatory-fins,Hybrid Striped Bass (Morone saxatilis),,,Morone saxatilis,19,,USD,2 inches,2,in,false,2023-08-18T20:44:34-04:00,2026-08-28T05:03:39.423Z,https://www.predatoryfins.com/products/hybrid-stripe-bass-morone-saxatilis
predatory-fins,Pink Jack Dempsey Cichlid (Rocio octofasciata),sp_jack_dempsey,scientific-name,Rocio octofasciata,25,,USD,2 inches,2,in,false,2023-08-07T20:47:30-04:00,2026-08-28T05:03:39.423Z,https://www.predatoryfins.com/products/pink-jack-dempsey-cichlid-rocio-octofasciata
predatory-fins,Pink Jack Dempsey Cichlid (Rocio octofasciata),sp_jack_dempsey,scientific-name,Rocio octofasciata,45,,USD,4 inches,4,in,false,2023-08-07T20:47:30-04:00,2026-08-28T05:03:39.423Z,https://www.predatoryfins.com/products/pink-jack-dempsey-cichlid-rocio-octofasciata
predatory-fins,Pink Jack Dempsey Cichlid (Rocio octofasciata),sp_jack_dempsey,scientific-name,Rocio octofasciata,55,,USD,5 inches,5,in,false,2023-08-07T20:47:30-04:00,2026-08-28T05:03:39.423Z,https://www.predatoryfins.com/products/pink-jack-dempsey-cichlid-rocio-octofasciata
predatory-fins,Siberian sturgeon (Acipenser baerii),,,Acipenser baerii,120,,USD,7 - 8 inches,7.5,in,false,2023-08-05T18:43:53-04:00,2026-08-28T05:03:39.423Z,https://www.predatoryfins.com/products/siberian-sturgeon-acipenser-baerii
predatory-fins,Melanistic GFP Axolotl (Ambystoma mexicanum),,,Ambystoma mexicanum,125,,USD,3.5 - 4 inches,3.75,in,false,2023-07-26T15:11:17-04:00,2026-08-28T05:03:39.423Z,https://www.predatoryfins.com/products/melanistic-gfp-axolotl-ambystoma-mexicanum
predatory-fins,Wild Axolotl (Ambystoma mexicanum),,,Ambystoma mexicanum,70,,USD,2 - 3 inches,2.5,in,false,2023-07-26T14:56:40-04:00,2026-08-28T05:03:39.423Z,https://www.predatoryfins.com/products/wild-axolotl-ambystoma-mexicanum-1
predatory-fins,Wild Axolotl (Ambystoma mexicanum),,,Ambystoma mexicanum,90,,USD,3.5 - 4 inches,3.75,in,false,2023-07-26T14:56:40-04:00,2026-08-28T05:03:39.423Z,https://www.predatoryfins.com/products/wild-axolotl-ambystoma-mexicanum-1
predatory-fins,Albino GFP Axolotl (Ambystoma mexicanum),,,Ambystoma mexicanum,135,,USD,3.5 - 4 inches,3.75,in,false,2023-07-26T14:37:49-04:00,2026-08-28T05:03:39.423Z,https://www.predatoryfins.com/products/albino-gfp-axolotl-ambystoma-mexicanum
predatory-fins,Leucistic GFP Lucy Axolotl (Ambystoma mexicanum),,,Ambystoma mexicanum,140,,USD,4 - 4.5 inches,4.25,in,false,2023-07-26T14:29:23-04:00,2026-08-28T05:03:39.423Z,https://www.predatoryfins.com/products/leucistic-gfp-lucy-axolotl-ambystoma-mexicanum
predatory-fins,Candy Nemo Galaxy Koi Plakat Betta Fish (Betta splendens),sp_betta,scientific-name,Betta splendens,35,,USD,B4 (XL 3.5 inches),,,false,2023-07-21T23:27:11-04:00,2026-08-28T05:03:39.423Z,https://www.predatoryfins.com/products/candy-galaxy-koi-plakat-betta-fish-betta-splendens
predatory-fins,Candy Nemo Galaxy Koi Plakat Betta Fish (Betta splendens),sp_betta,scientific-name,Betta splendens,35,,USD,B5 (XL 3.5 inches),,,false,2023-07-21T23:27:11-04:00,2026-08-28T05:03:39.423Z,https://www.predatoryfins.com/products/candy-galaxy-koi-plakat-betta-fish-betta-splendens
predatory-fins,Candy Nemo Galaxy Koi Plakat Betta Fish (Betta splendens),sp_betta,scientific-name,Betta splendens,75,,USD,B6 (XL 3.5 inches),,,false,2023-07-21T23:27:11-04:00,2026-08-28T05:03:39.423Z,https://www.predatoryfins.com/products/candy-galaxy-koi-plakat-betta-fish-betta-splendens
predatory-fins,Candy Nemo Galaxy Koi Plakat Betta Fish (Betta splendens),sp_betta,scientific-name,Betta splendens,55,,USD,B7 (XL 3.5 inches),,,false,2023-07-21T23:27:11-04:00,2026-08-28T05:03:39.423Z,https://www.predatoryfins.com/products/candy-galaxy-koi-plakat-betta-fish-betta-splendens
predatory-fins,Candy Nemo Galaxy Koi Plakat Betta Fish (Betta splendens),sp_betta,scientific-name,Betta splendens,35,,USD,B8 (XL 3.5 inches),,,false,2023-07-21T23:27:11-04:00,2026-08-28T05:03:39.423Z,https://www.predatoryfins.com/products/candy-galaxy-koi-plakat-betta-fish-betta-splendens
predatory-fins,Candy Nemo Galaxy Koi Plakat Betta Fish (Betta splendens),sp_betta,scientific-name,Betta splendens,45,,USD,B9 (XL 3.5 inches),,,false,2023-07-21T23:27:11-04:00,2026-08-28T05:03:39.423Z,https://www.predatoryfins.com/products/candy-galaxy-koi-plakat-betta-fish-betta-splendens
predatory-fins,Candy Nemo Galaxy Koi Plakat Betta Fish (Betta splendens),sp_betta,scientific-name,Betta splendens,35,,USD,B10 (XL 3.5 inches),,,false,2023-07-21T23:27:11-04:00,2026-08-28T05:03:39.423Z,https://www.predatoryfins.com/products/candy-galaxy-koi-plakat-betta-fish-betta-splendens
predatory-fins,Candy Nemo Galaxy Koi Plakat Betta Fish (Betta splendens),sp_betta,scientific-name,Betta splendens,45,,USD,B11 (XL 3.5 inches),,,false,2023-07-21T23:27:11-04:00,2026-08-28T05:03:39.423Z,https://www.predatoryfins.com/products/candy-galaxy-koi-plakat-betta-fish-betta-splendens
predatory-fins,Candy Nemo Galaxy Koi Plakat Betta Fish (Betta splendens),sp_betta,scientific-name,Betta splendens,45,,USD,B12 (XL 3.5 inches),,,false,2023-07-21T23:27:11-04:00,2026-08-28T05:03:39.423Z,https://www.predatoryfins.com/products/candy-galaxy-koi-plakat-betta-fish-betta-splendens
predatory-fins,Candy Nemo Galaxy Koi Plakat Betta Fish (Betta splendens),sp_betta,scientific-name,Betta splendens,65,,USD,B13 (XL 3.5 inches),,,false,2023-07-21T23:27:11-04:00,2026-08-28T05:03:39.423Z,https://www.predatoryfins.com/products/candy-galaxy-koi-plakat-betta-fish-betta-splendens
predatory-fins,Candy Nemo Galaxy Koi Plakat Betta Fish (Betta splendens),sp_betta,scientific-name,Betta splendens,55,,USD,B14 (XL 3.5 inches),,,false,2023-07-21T23:27:11-04:00,2026-08-28T05:03:39.423Z,https://www.predatoryfins.com/products/candy-galaxy-koi-plakat-betta-fish-betta-splendens
predatory-fins,Candy Nemo Galaxy Koi Plakat Betta Fish (Betta splendens),sp_betta,scientific-name,Betta splendens,75,,USD,B15 (XL 3.5 inches),,,false,2023-07-21T23:27:11-04:00,2026-08-28T05:03:39.423Z,https://www.predatoryfins.com/products/candy-galaxy-koi-plakat-betta-fish-betta-splendens
predatory-fins,Candy Nemo Galaxy Koi Plakat Betta Fish (Betta splendens),sp_betta,scientific-name,Betta splendens,45,,USD,B16 (XL 3.5 inches),,,false,2023-07-21T23:27:11-04:00,2026-08-28T05:03:39.423Z,https://www.predatoryfins.com/products/candy-galaxy-koi-plakat-betta-fish-betta-splendens
predatory-fins,Candy Nemo Galaxy Koi Plakat Betta Fish (Betta splendens),sp_betta,scientific-name,Betta splendens,55,,USD,B17 (XL 3.5 inches),,,false,2023-07-21T23:27:11-04:00,2026-08-28T05:03:39.423Z,https://www.predatoryfins.com/products/candy-galaxy-koi-plakat-betta-fish-betta-splendens
predatory-fins,Candy Nemo Galaxy Koi Plakat Betta Fish (Betta splendens),sp_betta,scientific-name,Betta splendens,45,,USD,B18 (XL 3.5 inches),,,false,2023-07-21T23:27:11-04:00,2026-08-28T05:03:39.423Z,https://www.predatoryfins.com/products/candy-galaxy-koi-plakat-betta-fish-betta-splendens
predatory-fins,Candy Nemo Galaxy Koi Plakat Betta Fish (Betta splendens),sp_betta,scientific-name,Betta splendens,65,,USD,B19 (XL 3.5 inches),,,false,2023-07-21T23:27:11-04:00,2026-08-28T05:03:39.423Z,https://www.predatoryfins.com/products/candy-galaxy-koi-plakat-betta-fish-betta-splendens
predatory-fins,Stevensonii Mahseer (Neolissochilus stevensonii),,,Neolissochilus stevensonii,98,175,USD,5.5 - 6 inches,5.75,in,false,2023-07-17T22:02:15-04:00,2026-08-28T05:03:39.423Z,https://www.predatoryfins.com/products/stevensonii-mahseer-neolissochilus-stevensonii
predatory-fins,Albino Chinese Softshell Turtle (Pelodiscus sinensis),,,Pelodiscus sinensis,250,375,USD,4 - 4.5 inches (Ivory),4.25,in,false,2023-07-16T21:17:41-04:00,2026-08-28T05:03:39.423Z,https://www.predatoryfins.com/products/albino-chinese-softshell-turtle-pelodiscus-sinensis
predatory-fins,Albino Chinese Softshell Turtle (Pelodiscus sinensis),,,Pelodiscus sinensis,395,,USD,4 - 4.5 inches (Tangerine),4.25,in,false,2023-07-16T21:17:41-04:00,2026-08-28T05:03:39.423Z,https://www.predatoryfins.com/products/albino-chinese-softshell-turtle-pelodiscus-sinensis
predatory-fins,Albino Chinese Softshell Turtle (Pelodiscus sinensis),,,Pelodiscus sinensis,375,495,USD,6 - 7 inches (Breeding size),6.5,in,false,2023-07-16T21:17:41-04:00,2026-08-28T05:03:39.423Z,https://www.predatoryfins.com/products/albino-chinese-softshell-turtle-pelodiscus-sinensis
predatory-fins,Polka Dot Loach (Botia kubotai),,,Botia kubotai,28,,USD,3 - 3.5 inches,3.25,in,false,2023-07-14T23:40:45-04:00,2026-08-28T05:03:39.423Z,https://www.predatoryfins.com/products/polka-dot-loach-botia-kubotai
predatory-fins,Spotted Damba Cichlid (Paretroplus maculatus),,,Paretroplus maculatus,68,95,USD,4 - 4.5 inches,4.25,in,false,2023-07-14T23:15:13-04:00,2026-08-28T05:03:39.423Z,https://www.predatoryfins.com/products/spotted-damba-cichlid-paretroplus-maculatus
predatory-fins,Platinum Banded Archerfish (Toxotes jaculatrix),,,Toxotes jaculatrix,150,,USD,3 inches,3,in,false,2023-07-14T22:32:46-04:00,2026-08-28T05:03:39.423Z,https://www.predatoryfins.com/products/platinum-banded-archerfish-toxotes-jaculatrix
predatory-fins,Platinum Banded Archerfish (Toxotes jaculatrix),,,Toxotes jaculatrix,175,,USD,4 inches,4,in,true,2023-07-14T22:32:46-04:00,2026-08-28T05:03:39.423Z,https://www.predatoryfins.com/products/platinum-banded-archerfish-toxotes-jaculatrix
predatory-fins,Platinum Banded Archerfish (Toxotes jaculatrix),,,Toxotes jaculatrix,775,,USD,5 - 5.5 inches,5.25,in,false,2023-07-14T22:32:46-04:00,2026-08-28T05:03:39.423Z,https://www.predatoryfins.com/products/platinum-banded-archerfish-toxotes-jaculatrix
predatory-fins,Golden Base Albino Pearl Stingray (Potamotrygon jabuti),,,Potamotrygon jabuti,950,,USD,7 - 8 inches (male),7.5,in,false,2023-07-14T22:17:25-04:00,2026-08-28T05:03:39.423Z,https://www.predatoryfins.com/products/golden-base-albino-pearl-stingray-potamotrygon-jabuti
predatory-fins,Golden Base Albino Pearl Stingray (Potamotrygon jabuti),,,Potamotrygon jabuti,1150,,USD,7 - 8 inches (female),7.5,in,false,2023-07-14T22:17:25-04:00,2026-08-28T05:03:39.423Z,https://www.predatoryfins.com/products/golden-base-albino-pearl-stingray-potamotrygon-jabuti
predatory-fins,Golden Base Albino Pearl Stingray (Potamotrygon jabuti),,,Potamotrygon jabuti,1500,,USD,GAP7 male (10 - 11 inches),,,false,2023-07-14T22:17:25-04:00,2026-08-28T05:03:39.423Z,https://www.predatoryfins.com/products/golden-base-albino-pearl-stingray-potamotrygon-jabuti
predatory-fins,Golden Base Albino Pearl Stingray (Potamotrygon jabuti),,,Potamotrygon jabuti,650,,USD,10 - 11 inches (Hybrid Het Female),10.5,in,false,2023-07-14T22:17:25-04:00,2026-08-28T05:03:39.423Z,https://www.predatoryfins.com/products/golden-base-albino-pearl-stingray-potamotrygon-jabuti
predatory-fins,Golden Base Albino Pearl Stingray (Potamotrygon jabuti),,,Potamotrygon jabuti,650,,USD,10 - 11 inches (Hybrid Het Male),10.5,in,false,2023-07-14T22:17:25-04:00,2026-08-28T05:03:39.423Z,https://www.predatoryfins.com/products/golden-base-albino-pearl-stingray-potamotrygon-jabuti
predatory-fins,Platinum Roseline Shark (Sahyadria denisonii),,,Sahyadria denisonii,98,,USD,3 - 3.5 inches,3.25,in,false,2023-07-12T19:41:24-04:00,2026-08-28T05:03:39.423Z,https://www.predatoryfins.com/products/platinum-roseline-shark-sahyadria-denisonii
predatory-fins,Roseopunctatus Sailfin Pleco (Hypostomus roseopunctatus ),,,Hypostomus roseopunctatus,175,,USD,7 - 8 inches,7.5,in,false,2023-07-03T12:05:22-04:00,2026-08-28T05:03:39.423Z,https://www.predatoryfins.com/products/roseopunctatus-sailfin-plecohypostomus-roseopunctatus
predatory-fins,Roseopunctatus Sailfin Pleco (Hypostomus roseopunctatus ),,,Hypostomus roseopunctatus,250,,USD,10-11 inches,10.5,in,false,2023-07-03T12:05:22-04:00,2026-08-28T05:03:39.423Z,https://www.predatoryfins.com/products/roseopunctatus-sailfin-plecohypostomus-roseopunctatus
predatory-fins,Roseopunctatus Sailfin Pleco (Hypostomus roseopunctatus ),,,Hypostomus roseopunctatus,290,,USD,13 - 14 inch,13.5,in,false,2023-07-03T12:05:22-04:00,2026-08-28T05:03:39.423Z,https://www.predatoryfins.com/products/roseopunctatus-sailfin-plecohypostomus-roseopunctatus
predatory-fins,Albino Dragon Blood Peacock Cichlid (Aulonocara sp.),,,,45,,USD,3 inches,3,in,false,2023-06-20T22:40:12-04:00,2026-08-28T05:03:39.423Z,https://www.predatoryfins.com/products/albino-dragon-blood-peacock-cichlid-aulonocara-sp
predatory-fins,Blue Thai Silk Bonsai Parrot Cichlid (Cichlasoma sp),,,,110,,USD,3 - 3.5 inches,3.25,in,false,2023-05-26T21:43:49-04:00,2026-08-28T05:03:39.423Z,https://www.predatoryfins.com/products/blue-thai-silk-bonsai-parrot-cichlid-cichlasoma-sp
predatory-fins,Blue Thai Silk Bonsai Parrot Cichlid (Cichlasoma sp),,,,150,,USD,4.5 - 5 inches,4.75,in,false,2023-05-26T21:43:49-04:00,2026-08-28T05:03:39.423Z,https://www.predatoryfins.com/products/blue-thai-silk-bonsai-parrot-cichlid-cichlasoma-sp
predatory-fins,Golden Roseline Shark (Sahyadria denisonii),,,Sahyadria denisonii,45,,USD,2.5 inches,2.5,in,true,2023-05-24T18:59:21-04:00,2026-08-28T05:03:39.423Z,https://www.predatoryfins.com/products/golden-roseline-shark-sahyadria-denisonii
predatory-fins,Golden Roseline Shark (Sahyadria denisonii),,,Sahyadria denisonii,55,,USD,3 - 3.5 inches,3.25,in,true,2023-05-24T18:59:21-04:00,2026-08-28T05:03:39.423Z,https://www.predatoryfins.com/products/golden-roseline-shark-sahyadria-denisonii
predatory-fins,Golden Roseline Shark (Sahyadria denisonii),,,Sahyadria denisonii,135,,USD,4 - 4.25 inches,4.13,in,false,2023-05-24T18:59:21-04:00,2026-08-28T05:03:39.423Z,https://www.predatoryfins.com/products/golden-roseline-shark-sahyadria-denisonii
predatory-fins,Red Cheek Javaen Barb (Systomus orphoides),,,Systomus orphoides,35,,USD,4 - 4.5 inches,4.25,in,false,2023-05-07T20:54:26-04:00,2026-08-28T05:03:39.423Z,https://www.predatoryfins.com/products/red-cheek-javaen-barb-systomus-orphoides
predatory-fins,Thin Bar Silver Dollar (Myleus schomburgkii),,,Myleus schomburgkii,25,,USD,1 inch,1,in,false,2023-05-07T20:02:53-04:00,2026-08-28T05:03:39.423Z,https://www.predatoryfins.com/products/thin-bar-silver-dollar-myleus-schomburgkii
predatory-fins,Thin Bar Silver Dollar (Myleus schomburgkii),,,Myleus schomburgkii,38,,USD,2 - 2.5 inches,2.25,in,false,2023-05-07T20:02:53-04:00,2026-08-28T05:03:39.423Z,https://www.predatoryfins.com/products/thin-bar-silver-dollar-myleus-schomburgkii
predatory-fins,Thin Bar Silver Dollar (Myleus schomburgkii),,,Myleus schomburgkii,48,,USD,3 - 3.5 inches,3.25,in,false,2023-05-07T20:02:53-04:00,2026-08-28T05:03:39.423Z,https://www.predatoryfins.com/products/thin-bar-silver-dollar-myleus-schomburgkii
predatory-fins,African Leopard Leaf Fish (Ctenopoma acutirostre),,,Ctenopoma acutirostre,35,,USD,2 - 2.5 inches (wild),2.25,in,false,2023-05-02T15:26:13-04:00,2026-08-28T05:03:39.423Z,https://www.predatoryfins.com/products/african-leopard-leaf-fish-ctenopoma-acutirostre
predatory-fins,African Leopard Leaf Fish (Ctenopoma acutirostre),,,Ctenopoma acutirostre,45,,USD,3 - 3.5 inches (wild),3.25,in,false,2023-05-02T15:26:13-04:00,2026-08-28T05:03:39.423Z,https://www.predatoryfins.com/products/african-leopard-leaf-fish-ctenopoma-acutirostre
predatory-fins,Golden Ogon Japanese Koi Fish (Cyprinus carpio),,,Cyprinus carpio,30,,USD,3 - 3.5 inches,3.25,in,false,2023-05-01T19:42:18-04:00,2026-08-28T05:03:39.423Z,https://www.predatoryfins.com/products/golden-ogon-japanese-koi-fish-cyprinus-carpio
predatory-fins,Golden Ogon Japanese Koi Fish (Cyprinus carpio),,,Cyprinus carpio,35,,USD,4 - 4.5 inches,4.25,in,false,2023-05-01T19:42:18-04:00,2026-08-28T05:03:39.423Z,https://www.predatoryfins.com/products/golden-ogon-japanese-koi-fish-cyprinus-carpio
predatory-fins,Cherry Red Congo Tetra (Alestopetersius brichardi red / blue),,,,28,,USD,1.5 inches,1.5,in,false,2023-04-29T21:33:39-04:00,2026-08-28T05:03:39.423Z,https://www.predatoryfins.com/products/cherry-red-congo-tetra-alestopetersius-brichardi-red-blue
predatory-fins,Cherry Red Congo Tetra (Alestopetersius brichardi red / blue),,,,32,,USD,2 - 2.25 inches (Select Grade),2.13,in,false,2023-04-29T21:33:39-04:00,2026-08-28T05:03:39.423Z,https://www.predatoryfins.com/products/cherry-red-congo-tetra-alestopetersius-brichardi-red-blue
predatory-fins,Cherry Red Congo Tetra (Alestopetersius brichardi red / blue),,,,45,,USD,2.5 - 2.75 inches (Select Grade),2.63,in,true,2023-04-29T21:33:39-04:00,2026-08-28T05:03:39.423Z,https://www.predatoryfins.com/products/cherry-red-congo-tetra-alestopetersius-brichardi-red-blue
predatory-fins,Blue Eyed Golden Congo Tetra (Phenacogrammus aurantiacus),,,Phenacogrammus aurantiacus,24,,USD,1 inches,1,in,false,2023-04-29T21:15:19-04:00,2026-08-28T05:03:39.423Z,https://www.predatoryfins.com/products/blue-eyed-golden-congo-tetra-phenacogrammus-aurantiacus
predatory-fins,Blue Eyed Golden Congo Tetra (Phenacogrammus aurantiacus),,,Phenacogrammus aurantiacus,28,,USD,1.25 - 1.5 inches (Select Grade),1.38,in,false,2023-04-29T21:15:19-04:00,2026-08-28T05:03:39.423Z,https://www.predatoryfins.com/products/blue-eyed-golden-congo-tetra-phenacogrammus-aurantiacus
predatory-fins,Blue Eyed Golden Congo Tetra (Phenacogrammus aurantiacus),,,Phenacogrammus aurantiacus,36,,USD,1.75 - 2 inches (Select Grade),1.88,in,false,2023-04-29T21:15:19-04:00,2026-08-28T05:03:39.423Z,https://www.predatoryfins.com/products/blue-eyed-golden-congo-tetra-phenacogrammus-aurantiacus
predatory-fins,Roberts Squeaker Catfish (Synodontis robertsi),,,Synodontis robertsi,38,,USD,1.75 - 2 inches,1.88,in,false,2023-04-29T20:40:01-04:00,2026-08-28T05:03:39.423Z,https://www.predatoryfins.com/products/roberts-squeaker-catfish-synodontis-robertsi
predatory-fins,Roberts Squeaker Catfish (Synodontis robertsi),,,Synodontis robertsi,95,,USD,5.5 - 6 inches,5.75,in,false,2023-04-29T20:40:01-04:00,2026-08-28T05:03:39.423Z,https://www.predatoryfins.com/products/roberts-squeaker-catfish-synodontis-robertsi
predatory-fins,Clown Squeaker Catfish (Synodontis decorus),,,Synodontis decorus,25,,USD,1.5 inches (wild),1.5,in,false,2023-04-29T20:31:11-04:00,2026-08-28T05:03:39.423Z,https://www.predatoryfins.com/products/clown-squeaker-catfish-synodontis-decorus
predatory-fins,Clown Squeaker Catfish (Synodontis decorus),,,Synodontis decorus,35,,USD,2 - 2.5 inches (wild),2.25,in,false,2023-04-29T20:31:11-04:00,2026-08-28T05:03:39.423Z,https://www.predatoryfins.com/products/clown-squeaker-catfish-synodontis-decorus
predatory-fins,Clown Squeaker Catfish (Synodontis decorus),,,Synodontis decorus,45,,USD,3 - 3.5 inches (wild),3.25,in,false,2023-04-29T20:31:11-04:00,2026-08-28T05:03:39.423Z,https://www.predatoryfins.com/products/clown-squeaker-catfish-synodontis-decorus
predatory-fins,Clown Squeaker Catfish (Synodontis decorus),,,Synodontis decorus,40,65,USD,4 - 4.5 inches (wild),4.25,in,false,2023-04-29T20:31:11-04:00,2026-08-28T05:03:39.423Z,https://www.predatoryfins.com/products/clown-squeaker-catfish-synodontis-decorus
predatory-fins,Clown Squeaker Catfish (Synodontis decorus),,,Synodontis decorus,75,,USD,5 - 5.5 inches (wild),5.25,in,false,2023-04-29T20:31:11-04:00,2026-08-28T05:03:39.423Z,https://www.predatoryfins.com/products/clown-squeaker-catfish-synodontis-decorus
predatory-fins,Fly River Turtle (Carettochelys insculpta) *Pre-order,,,Carettochelys insculpta,950,,USD,4 - 5 inches,4.5,in,true,2023-04-12T10:51:32-04:00,2026-08-28T05:03:39.423Z,https://www.predatoryfins.com/products/fly-river-turtle-carettochelys-insculpta
predatory-fins,Fly River Turtle (Carettochelys insculpta) *Pre-order,,,Carettochelys insculpta,3500,,USD,12 - 13 inches,12.5,in,false,2023-04-12T10:51:32-04:00,2026-08-28T05:03:39.423Z,https://www.predatoryfins.com/products/fly-river-turtle-carettochelys-insculpta
predatory-fins,Blue / Green Wolf Fish (Hoplias lacerdae),,,Hoplias lacerdae,70,,USD,2 - 2.5 inches,2.25,in,false,2023-03-27T21:14:24-04:00,2026-08-28T05:03:39.423Z,https://www.predatoryfins.com/products/blue-green-wolf-fish-hoplias-lacerdae
predatory-fins,Blue / Green Wolf Fish (Hoplias lacerdae),,,Hoplias lacerdae,90,,USD,3 - 3.5 inches,3.25,in,false,2023-03-27T21:14:24-04:00,2026-08-28T05:03:39.423Z,https://www.predatoryfins.com/products/blue-green-wolf-fish-hoplias-lacerdae
predatory-fins,Blue / Green Wolf Fish (Hoplias lacerdae),,,Hoplias lacerdae,120,,USD,4.5 inches,4.5,in,false,2023-03-27T21:14:24-04:00,2026-08-28T05:03:39.423Z,https://www.predatoryfins.com/products/blue-green-wolf-fish-hoplias-lacerdae
predatory-fins,Blue / Green Wolf Fish (Hoplias lacerdae),,,Hoplias lacerdae,155,,USD,5 - 5.5 inches,5.25,in,false,2023-03-27T21:14:24-04:00,2026-08-28T05:03:39.423Z,https://www.predatoryfins.com/products/blue-green-wolf-fish-hoplias-lacerdae
predatory-fins,Blue / Green Wolf Fish (Hoplias lacerdae),,,Hoplias lacerdae,195,,USD,6 - 6.5 inches,6.25,in,false,2023-03-27T21:14:24-04:00,2026-08-28T05:03:39.423Z,https://www.predatoryfins.com/products/blue-green-wolf-fish-hoplias-lacerdae
predatory-fins,Leopard Jau Hybrid Catfish (Zungaro zungaro sp),,,Zungaro zungaro,135,,USD,3 - 3.5 inches,3.25,in,false,2023-03-27T20:59:42-04:00,2026-08-28T05:03:39.423Z,https://www.predatoryfins.com/products/leopard-jau-hybrid-catfish-zungaro-zungaro-sp
predatory-fins,Giant Spotted Tiger Shovelnose Catfish (Pseudoplatystoma corruscans sp),,,Pseudoplatystoma corruscans,550,725,USD,10 - 11 inches,10.5,in,false,2023-03-27T20:44:24-04:00,2026-08-28T05:03:39.423Z,https://www.predatoryfins.com/products/giant-spotted-shovelnose-catfish-pseudoplatystoma-corruscans
predatory-fins,Giant Spotted Tiger Shovelnose Catfish (Pseudoplatystoma corruscans sp),,,Pseudoplatystoma corruscans,550,795,USD,12 - 13 inches,12.5,in,false,2023-03-27T20:44:24-04:00,2026-08-28T05:03:39.423Z,https://www.predatoryfins.com/products/giant-spotted-shovelnose-catfish-pseudoplatystoma-corruscans
predatory-fins,Blue Face Heckel Discus (Symphysodon aequifaciatus),,,Symphysodon aequifaciatus,95,,USD,4 - 4.5 inches,4.25,in,false,2023-03-24T14:16:12-04:00,2026-08-28T05:03:39.423Z,https://www.predatoryfins.com/products/blue-face-heckel-discus-symphysodon-aequifaciatus
predatory-fins,Blue Face Heckel Discus (Symphysodon aequifaciatus),,,Symphysodon aequifaciatus,135,,USD,5 - 5.5 inches,5.25,in,false,2023-03-24T14:16:12-04:00,2026-08-28T05:03:39.423Z,https://www.predatoryfins.com/products/blue-face-heckel-discus-symphysodon-aequifaciatus
predatory-fins,Blue Thai Silk Flowerhorn Cichlid (Cichlasoma sp),sp_flowerhorn,alias,,98,,USD,2 - 2.5 inches,2.25,in,false,2023-03-09T23:46:02-05:00,2026-08-28T05:03:39.423Z,https://www.predatoryfins.com/products/blue-thai-silk-flowerhorn-cichlid-cichlasoma-sp
predatory-fins,Blue Thai Silk Flowerhorn Cichlid (Cichlasoma sp),sp_flowerhorn,alias,,120,,USD,3 - 3.5 inches,3.25,in,false,2023-03-09T23:46:02-05:00,2026-08-28T05:03:39.423Z,https://www.predatoryfins.com/products/blue-thai-silk-flowerhorn-cichlid-cichlasoma-sp
predatory-fins,Blue Thai Silk Flowerhorn Cichlid (Cichlasoma sp),sp_flowerhorn,alias,,450,,USD,B1 - 7 inches (Select Grade),,,false,2023-03-09T23:46:02-05:00,2026-08-28T05:03:39.423Z,https://www.predatoryfins.com/products/blue-thai-silk-flowerhorn-cichlid-cichlasoma-sp
predatory-fins,Mono Argentus (Monodactylus argenteus),,,Monodactylus argenteus,19.99,,USD,1.5 inches,1.5,in,false,2023-03-09T21:00:33-05:00,2026-08-28T05:03:39.423Z,https://www.predatoryfins.com/products/mono-argentus-monodactylus-argenteus
predatory-fins,Sheep Head Pacu (Acnodon normani),,,Acnodon normani,75,,USD,2.5 - 3 inches,2.75,in,false,2023-02-17T23:22:25-05:00,2026-08-28T05:03:39.423Z,https://www.predatoryfins.com/products/sheep-head-pacu-acnodon-normani
predatory-fins,Sheep Head Pacu (Acnodon normani),,,Acnodon normani,95,,USD,4 inches,4,in,false,2023-02-17T23:22:25-05:00,2026-08-28T05:03:39.423Z,https://www.predatoryfins.com/products/sheep-head-pacu-acnodon-normani
predatory-fins,Parnaibae Sailfin Pleco (Pterygoplichthys parnaibae),,,Pterygoplichthys parnaibae,25,,USD,1.5 - 2 inches,1.75,in,false,2023-02-16T23:27:46-05:00,2026-08-28T05:03:39.423Z,https://www.predatoryfins.com/products/parnaibae-sailfin-pleco-pterygoplichthys-parnaibae
predatory-fins,Parnaibae Sailfin Pleco (Pterygoplichthys parnaibae),,,Pterygoplichthys parnaibae,250,,USD,10 inches,10,in,false,2023-02-16T23:27:46-05:00,2026-08-28T05:03:39.423Z,https://www.predatoryfins.com/products/parnaibae-sailfin-pleco-pterygoplichthys-parnaibae
predatory-fins,Sertanejo Sailfin Pleco (Hypostomus sertanejo),,,Hypostomus sertanejo,35,,USD,2 inches,2,in,false,2023-02-16T23:13:56-05:00,2026-08-28T05:03:39.423Z,https://www.predatoryfins.com/products/sertanejo-pleco-hypostomus-sertanejo
predatory-fins,Snook (Centropomus undecimalis),,,Centropomus undecimalis,150,,USD,4 - 4.5 inches,4.25,in,false,2023-02-16T21:51:42-05:00,2026-08-28T05:03:39.423Z,https://www.predatoryfins.com/products/snook-centropomus-undecimalis
predatory-fins,Snook (Centropomus undecimalis),,,Centropomus undecimalis,175,170,USD,5 - 5.5 inches,5.25,in,false,2023-02-16T21:51:42-05:00,2026-08-28T05:03:39.423Z,https://www.predatoryfins.com/products/snook-centropomus-undecimalis
predatory-fins,Snook (Centropomus undecimalis),,,Centropomus undecimalis,195,,USD,6 - 6.5 inches,6.25,in,false,2023-02-16T21:51:42-05:00,2026-08-28T05:03:39.423Z,https://www.predatoryfins.com/products/snook-centropomus-undecimalis
predatory-fins,Snook (Centropomus undecimalis),,,Centropomus undecimalis,225,,USD,7 - 7.5 inches,7.25,in,false,2023-02-16T21:51:42-05:00,2026-08-28T05:03:39.423Z,https://www.predatoryfins.com/products/snook-centropomus-undecimalis
predatory-fins,Geophagus Abalios (Geophagus abalios),,,Geophagus abalios,45,,USD,3 - 3.5 inches,3.25,in,false,2023-02-15T23:32:22-05:00,2026-08-28T05:03:39.423Z,https://www.predatoryfins.com/products/geophagus-abalios
predatory-fins,Geophagus Abalios (Geophagus abalios),,,Geophagus abalios,65,,USD,4 - 4.5 inches,4.25,in,false,2023-02-15T23:32:22-05:00,2026-08-28T05:03:39.423Z,https://www.predatoryfins.com/products/geophagus-abalios
predatory-fins,Geophagus Abalios (Geophagus abalios),,,Geophagus abalios,95,,USD,5 - 5.5 inches,5.25,in,false,2023-02-15T23:32:22-05:00,2026-08-28T05:03:39.423Z,https://www.predatoryfins.com/products/geophagus-abalios
predatory-fins,Geophagus Abalios (Geophagus abalios),,,Geophagus abalios,110,,USD,6 - 6.5 inches,6.25,in,false,2023-02-15T23:32:22-05:00,2026-08-28T05:03:39.423Z,https://www.predatoryfins.com/products/geophagus-abalios
predatory-fins,Geophagus Abalios (Geophagus abalios),,,Geophagus abalios,175,,USD,7 inches,7,in,false,2023-02-15T23:32:22-05:00,2026-08-28T05:03:39.423Z,https://www.predatoryfins.com/products/geophagus-abalios
predatory-fins,L032 Aguaboa Bushynose Pleco (Ancistrus aguaboensis),,,Ancistrus aguaboensis,35,,USD,2 inches,2,in,false,2023-02-11T22:24:09-05:00,2026-08-28T05:03:39.423Z,https://www.predatoryfins.com/products/l032-aguaboa-bushynose-pleco-ancistrus-aguaboensis
predatory-fins,L032 Aguaboa Bushynose Pleco (Ancistrus aguaboensis),,,Ancistrus aguaboensis,45,,USD,3 inches,3,in,false,2023-02-11T22:24:09-05:00,2026-08-28T05:03:39.423Z,https://www.predatoryfins.com/products/l032-aguaboa-bushynose-pleco-ancistrus-aguaboensis
predatory-fins,Yellow Fin Red Hook Silver Dollar (Myloplus arnoldi),,,Myloplus arnoldi,28,,USD,2 - 2.5 inches,2.25,in,false,2023-02-11T21:33:45-05:00,2026-08-28T05:03:39.423Z,https://www.predatoryfins.com/products/yellow-fin-red-hook-silver-dollar-myloplus-arnoldi
predatory-fins,Yellow Fin Red Hook Silver Dollar (Myloplus arnoldi),,,Myloplus arnoldi,42,,USD,3 inches,3,in,false,2023-02-11T21:33:45-05:00,2026-08-28T05:03:39.423Z,https://www.predatoryfins.com/products/yellow-fin-red-hook-silver-dollar-myloplus-arnoldi
predatory-fins,Yellow Fin Red Hook Silver Dollar (Myloplus arnoldi),,,Myloplus arnoldi,55,,USD,4 inches,4,in,false,2023-02-11T21:33:45-05:00,2026-08-28T05:03:39.423Z,https://www.predatoryfins.com/products/yellow-fin-red-hook-silver-dollar-myloplus-arnoldi
predatory-fins,Albino Tiger Oscar Cichlid (Astronotus ocellatus),,,Astronotus ocellatus,18,,USD,2 inches,2,in,false,2023-02-07T18:34:03-05:00,2026-08-28T05:03:39.423Z,https://www.predatoryfins.com/products/albino-tiger-oscar-cichlid-astronotus-ocellatus
predatory-fins,Albino Tiger Oscar Cichlid (Astronotus ocellatus),,,Astronotus ocellatus,30,,USD,3.5 inches,3.5,in,false,2023-02-07T18:34:03-05:00,2026-08-28T05:03:39.423Z,https://www.predatoryfins.com/products/albino-tiger-oscar-cichlid-astronotus-ocellatus
predatory-fins,Albino Tiger Oscar Cichlid (Astronotus ocellatus),,,Astronotus ocellatus,40,,USD,4.5 inches,4.5,in,false,2023-02-07T18:34:03-05:00,2026-08-28T05:03:39.423Z,https://www.predatoryfins.com/products/albino-tiger-oscar-cichlid-astronotus-ocellatus
predatory-fins,Nigerian Yellow Kribensis Cichlid (Pelvicachromis taeniatus),,,Pelvicachromis taeniatus,25,,USD,1.5 - 2 inches,1.75,in,false,2023-01-20T20:34:23-05:00,2026-08-28T05:03:39.423Z,https://www.predatoryfins.com/products/yellow-belly-kribensis-cichlid-pelvicachromis-pulcher
predatory-fins,Nigerian Yellow Kribensis Cichlid (Pelvicachromis taeniatus),,,Pelvicachromis taeniatus,28,,USD,2.5 - 3 inches,2.75,in,false,2023-01-20T20:34:23-05:00,2026-08-28T05:03:39.423Z,https://www.predatoryfins.com/products/yellow-belly-kribensis-cichlid-pelvicachromis-pulcher
predatory-fins,Nigerian Red Kribensis Cichlid (Pelvicachromis taeniatus),,,Pelvicachromis taeniatus,18,28,USD,2.5 - 3 inches (Wild),2.75,in,false,2023-01-20T20:30:55-05:00,2026-08-28T05:03:39.423Z,https://www.predatoryfins.com/products/red-belly-kribensis-cichlid-pelvicachromis-pulcher
predatory-fins,African Trout Minnow (Raiamas senegalensis),,,Raiamas senegalensis,55,,USD,2.5 - 3 inches,2.75,in,false,2023-01-20T20:13:05-05:00,2026-08-28T05:03:39.423Z,https://www.predatoryfins.com/products/african-trout-minnow-raiamas-senegalensis
predatory-fins,African Trout Minnow (Raiamas senegalensis),,,Raiamas senegalensis,65,,USD,4 - 4.5 inches,4.25,in,false,2023-01-20T20:13:05-05:00,2026-08-28T05:03:39.423Z,https://www.predatoryfins.com/products/african-trout-minnow-raiamas-senegalensis
predatory-fins,African Trout Minnow (Raiamas senegalensis),,,Raiamas senegalensis,85,,USD,5.5 - 6 inches,5.75,in,false,2023-01-20T20:13:05-05:00,2026-08-28T05:03:39.423Z,https://www.predatoryfins.com/products/african-trout-minnow-raiamas-senegalensis
predatory-fins,Albino Yellow Barramundi (Lates calcarifer),,,Lates calcarifer,1800,3200,USD,12 inches,12,in,false,2023-01-10T15:02:12-05:00,2026-08-28T05:03:39.423Z,https://www.predatoryfins.com/products/albino-yellow-barramundi-lates-calcarifer
predatory-fins,Albino Yellow Barramundi (Lates calcarifer),,,Lates calcarifer,2200,3600,USD,14 - 15 inches,14.5,in,false,2023-01-10T15:02:12-05:00,2026-08-28T05:03:39.423Z,https://www.predatoryfins.com/products/albino-yellow-barramundi-lates-calcarifer
predatory-fins,Albino Black Diamond Hybrid Stingray (Potamotrygon leopoldi),,,Potamotrygon leopoldi,1600,,USD,5 inches,5,in,false,2022-12-29T21:35:50-05:00,2026-08-28T05:03:39.423Z,https://www.predatoryfins.com/products/albino-black-diamond-hybrid-stingray-potamotrygon-leopoldi
predatory-fins,Albino Black Diamond Hybrid Stingray (Potamotrygon leopoldi),,,Potamotrygon leopoldi,1800,,USD,6 - 6.5 inches,6.25,in,false,2022-12-29T21:35:50-05:00,2026-08-28T05:03:39.423Z,https://www.predatoryfins.com/products/albino-black-diamond-hybrid-stingray-potamotrygon-leopoldi
predatory-fins,Albino Black Diamond Hybrid Stingray (Potamotrygon leopoldi),,,Potamotrygon leopoldi,2800,,USD,9 - 10 inches,9.5,in,false,2022-12-29T21:35:50-05:00,2026-08-28T05:03:39.423Z,https://www.predatoryfins.com/products/albino-black-diamond-hybrid-stingray-potamotrygon-leopoldi
predatory-fins,Albino Black Diamond Hybrid Stingray (Potamotrygon leopoldi),,,Potamotrygon leopoldi,1800,,USD,AB3 (6 - 6.5 inches Male),,,true,2022-12-29T21:35:50-05:00,2026-08-28T05:03:39.423Z,https://www.predatoryfins.com/products/albino-black-diamond-hybrid-stingray-potamotrygon-leopoldi
predatory-fins,Hairy Puffer (Pao baileyi),,,Pao baileyi,95,,USD,2.5 inches,2.5,in,false,2022-12-27T22:35:56-05:00,2026-08-28T05:03:39.423Z,https://www.predatoryfins.com/products/hairy-puffer-pao-baileyi
predatory-fins,Hairy Puffer (Pao baileyi),,,Pao baileyi,110,,USD,3 - 3.5 inches,3.25,in,false,2022-12-27T22:35:56-05:00,2026-08-28T05:03:39.423Z,https://www.predatoryfins.com/products/hairy-puffer-pao-baileyi
predatory-fins,Hairy Puffer (Pao baileyi),,,Pao baileyi,125,,USD,4 inches,4,in,true,2022-12-27T22:35:56-05:00,2026-08-28T05:03:39.423Z,https://www.predatoryfins.com/products/hairy-puffer-pao-baileyi
predatory-fins,Hairy Puffer (Pao baileyi),,,Pao baileyi,145,,USD,5 inches,5,in,false,2022-12-27T22:35:56-05:00,2026-08-28T05:03:39.423Z,https://www.predatoryfins.com/products/hairy-puffer-pao-baileyi
predatory-fins,Mekong Arrowhead Puffer (Pao suvattii),,,Pao suvattii,55,,USD,2 - 2.5 inches,2.25,in,false,2022-12-27T22:25:26-05:00,2026-08-28T05:03:39.423Z,https://www.predatoryfins.com/products/mekong-arrowhead-puffer-tetraodon-suvattii
predatory-fins,Mekong Arrowhead Puffer (Pao suvattii),,,Pao suvattii,65,,USD,3 - 3.5 inches,3.25,in,false,2022-12-27T22:25:26-05:00,2026-08-28T05:03:39.423Z,https://www.predatoryfins.com/products/mekong-arrowhead-puffer-tetraodon-suvattii
predatory-fins,Mekong Arrowhead Puffer (Pao suvattii),,,Pao suvattii,85,120,USD,4.5- 5 inches,4.75,in,false,2022-12-27T22:25:26-05:00,2026-08-28T05:03:39.423Z,https://www.predatoryfins.com/products/mekong-arrowhead-puffer-tetraodon-suvattii
predatory-fins,Mekong Arrowhead Puffer (Pao suvattii),,,Pao suvattii,160,,USD,6 - 6.5 inches,6.25,in,false,2022-12-27T22:25:26-05:00,2026-08-28T05:03:39.423Z,https://www.predatoryfins.com/products/mekong-arrowhead-puffer-tetraodon-suvattii
predatory-fins,Thai Humpback Dragon Puffer (Pao palembangensis),,,Pao palembangensis,45,,USD,2 - 2.5 inches,2.25,in,false,2022-12-27T22:11:06-05:00,2026-08-28T05:03:39.423Z,https://www.predatoryfins.com/products/thai-humpback-dragon-puffer-pao-palembangensis
predatory-fins,Thai Humpback Dragon Puffer (Pao palembangensis),,,Pao palembangensis,55,,USD,3 - 3.5 inches,3.25,in,false,2022-12-27T22:11:06-05:00,2026-08-28T05:03:39.423Z,https://www.predatoryfins.com/products/thai-humpback-dragon-puffer-pao-palembangensis
predatory-fins,Thai Humpback Dragon Puffer (Pao palembangensis),,,Pao palembangensis,75,,USD,4 - 4.5 inches,4.25,in,false,2022-12-27T22:11:06-05:00,2026-08-28T05:03:39.423Z,https://www.predatoryfins.com/products/thai-humpback-dragon-puffer-pao-palembangensis
predatory-fins,Thai Humpback Dragon Puffer (Pao palembangensis),,,Pao palembangensis,85,,USD,5 - 5.5 inches,5.25,in,false,2022-12-27T22:11:06-05:00,2026-08-28T05:03:39.423Z,https://www.predatoryfins.com/products/thai-humpback-dragon-puffer-pao-palembangensis
predatory-fins,Thai Humpback Dragon Puffer (Pao palembangensis),,,Pao palembangensis,110,,USD,6 - 6.5 inches,6.25,in,false,2022-12-27T22:11:06-05:00,2026-08-28T05:03:39.423Z,https://www.predatoryfins.com/products/thai-humpback-dragon-puffer-pao-palembangensis
predatory-fins,Yellowtail Blue Botia (Yasuhikotakia modesta),,,Yasuhikotakia modesta,45,55,USD,5 - 5.5 inches,5.25,in,false,2022-12-27T16:56:39-05:00,2026-08-28T05:03:39.423Z,https://www.predatoryfins.com/products/yellowtail-blue-botia-yasuhikotakia-modesta
predatory-fins,Yellowtail Blue Botia (Yasuhikotakia modesta),,,Yasuhikotakia modesta,35,55,USD,6 - 6.5 inches,6.25,in,false,2022-12-27T16:56:39-05:00,2026-08-28T05:03:39.423Z,https://www.predatoryfins.com/products/yellowtail-blue-botia-yasuhikotakia-modesta
predatory-fins,Red Xingu Pike Cichlid (Crenicichla lugubris Xingu),,,,325,,USD,7.5 - 8 inches,7.75,in,false,2022-12-23T23:32:35-05:00,2026-08-28T05:03:39.423Z,https://www.predatoryfins.com/products/red-xingu-pike-cichlid-crenicichla-lugubris-xingu
predatory-fins,Red Xingu Pike Cichlid (Crenicichla lugubris Xingu),,,,200,325,USD,7.5 - 8 inche (tail damaged),7.75,in,false,2022-12-23T23:32:35-05:00,2026-08-28T05:03:39.423Z,https://www.predatoryfins.com/products/red-xingu-pike-cichlid-crenicichla-lugubris-xingu
predatory-fins,Bigeye Cichlid (Acaronia nassa),,,Acaronia nassa,110,,USD,6 inches,6,in,false,2022-12-23T23:14:12-05:00,2026-08-28T05:03:39.423Z,https://www.predatoryfins.com/products/bigeye-cichlid-acaronia-nassa
predatory-fins,Red and Black Sailfin Pacu (Tometes siderocarajensis),,,Tometes siderocarajensis,225,,USD,6 - 6.5 inches,6.25,in,false,2022-12-23T23:06:43-05:00,2026-08-28T05:03:39.423Z,https://www.predatoryfins.com/products/red-and-black-sailfin-pacu-tometes-siderocarajensis
predatory-fins,Wallacei Shoehead Catfish (Tetranematichthys wallacei),,,Tetranematichthys wallacei,45,,USD,3.5 - 4 inches,3.75,in,false,2022-12-23T22:48:59-05:00,2026-08-28T05:03:39.423Z,https://www.predatoryfins.com/products/wallacei-shoehead-catfish-tetranematichthys-wallacei
predatory-fins,Wallacei Shoehead Catfish (Tetranematichthys wallacei),,,Tetranematichthys wallacei,55,,USD,4.5 - 5 inches,4.75,in,false,2022-12-23T22:48:59-05:00,2026-08-28T05:03:39.423Z,https://www.predatoryfins.com/products/wallacei-shoehead-catfish-tetranematichthys-wallacei
predatory-fins,L380 Gurupi Cactus Pleco (Pseudacanthicus sp),,,,275,,USD,6 - 6.5 inches,6.25,in,false,2022-12-23T22:40:40-05:00,2026-08-28T05:03:39.423Z,https://www.predatoryfins.com/products/l380-gurupi-cactus-pleco-pseudacanthicus-sp
predatory-fins,L380 Gurupi Cactus Pleco (Pseudacanthicus sp),,,,650,,USD,14 - 15 inches,14.5,in,false,2022-12-23T22:40:40-05:00,2026-08-28T05:03:39.423Z,https://www.predatoryfins.com/products/l380-gurupi-cactus-pleco-pseudacanthicus-sp
predatory-fins,Bandit Cichlid (Guianacara dacrya),,,Guianacara dacrya,38,,USD,2 - 2.5 inches,2.25,in,false,2022-12-23T22:27:21-05:00,2026-08-28T05:03:39.423Z,https://www.predatoryfins.com/products/bandit-cichlid-guianacara-dacrya
predatory-fins,Bandit Cichlid (Guianacara dacrya),,,Guianacara dacrya,45,,USD,3 - 3.5 inches,3.25,in,false,2022-12-23T22:27:21-05:00,2026-08-28T05:03:39.423Z,https://www.predatoryfins.com/products/bandit-cichlid-guianacara-dacrya
predatory-fins,Bandit Cichlid (Guianacara dacrya),,,Guianacara dacrya,55,,USD,4 - 4.5 inches,4.25,in,false,2022-12-23T22:27:21-05:00,2026-08-28T05:03:39.423Z,https://www.predatoryfins.com/products/bandit-cichlid-guianacara-dacrya
predatory-fins,Bandit Cichlid (Guianacara dacrya),,,Guianacara dacrya,80,,USD,6 - 6.5 inches,6.25,in,false,2022-12-23T22:27:21-05:00,2026-08-28T05:03:39.423Z,https://www.predatoryfins.com/products/bandit-cichlid-guianacara-dacrya
predatory-fins,Cameta Pike Cichlid (Crenicichla cametana),,,Crenicichla cametana,125,,USD,5 - 6 inches,5.5,in,false,2022-12-23T22:08:24-05:00,2026-08-28T05:03:39.423Z,https://www.predatoryfins.com/products/cameta-pike-cichlid-crenicichla-cametana
predatory-fins,Red Throat Pike Cichlid (Crenicichla lugubris Jutai),,,,165,220,USD,10 -11 inches,10.5,in,false,2022-12-23T21:56:45-05:00,2026-08-28T05:03:39.423Z,https://www.predatoryfins.com/products/red-throat-pike-cichlid-crenicichla-lugubris-jutai
predatory-fins,Festivum Cichlid (Mesonauta guyanae),,,Mesonauta guyanae,28,,USD,2.5 inches,2.5,in,false,2022-12-23T21:24:14-05:00,2026-08-28T05:03:39.423Z,https://www.predatoryfins.com/products/festivum-cichlid-mesonauta-guyanae
predatory-fins,Festivum Cichlid (Mesonauta guyanae),,,Mesonauta guyanae,35,,USD,3 - 3.5 inches,3.25,in,false,2022-12-23T21:24:14-05:00,2026-08-28T05:03:39.423Z,https://www.predatoryfins.com/products/festivum-cichlid-mesonauta-guyanae
predatory-fins,Festivum Cichlid (Mesonauta guyanae),,,Mesonauta guyanae,45,,USD,4 inches,4,in,false,2022-12-23T21:24:14-05:00,2026-08-28T05:03:39.423Z,https://www.predatoryfins.com/products/festivum-cichlid-mesonauta-guyanae
predatory-fins,Geophagus Pindare - Wild (Geophagus sp),,,,65,,USD,3 - 3.5 inches,3.25,in,false,2022-12-22T22:26:48-05:00,2026-08-28T05:03:39.423Z,https://www.predatoryfins.com/products/geophagus-pindare-wild-geophagus-sp
predatory-fins,Geophagus Pindare - Wild (Geophagus sp),,,,75,,USD,4 - 4.5 inches,4.25,in,false,2022-12-22T22:26:48-05:00,2026-08-28T05:03:39.423Z,https://www.predatoryfins.com/products/geophagus-pindare-wild-geophagus-sp
predatory-fins,Geophagus Pindare - Wild (Geophagus sp),,,,115,,USD,5 - 5.5 inches,5.25,in,false,2022-12-22T22:26:48-05:00,2026-08-28T05:03:39.423Z,https://www.predatoryfins.com/products/geophagus-pindare-wild-geophagus-sp
predatory-fins,Moustache Synodontis Catfish (Hemisynodontis membranaceus),,,Hemisynodontis membranaceus,50,79,USD,5 inches,5,in,false,2022-12-10T18:07:09-05:00,2026-08-28T05:03:39.423Z,https://www.predatoryfins.com/products/moustache-catfish-synodontis-membranaceus
predatory-fins,L081 Fine Spot Gold Nugget Pleco (Baryancistrus xanthellus),,,Baryancistrus xanthellus,32,,USD,1.75 - 2 inches,1.88,in,false,2022-12-10T00:03:40-05:00,2026-08-28T05:03:39.423Z,https://www.predatoryfins.com/products/l081-fine-spot-gold-nugget-pleco-baryancistrus-xanthellus
predatory-fins,L081 Fine Spot Gold Nugget Pleco (Baryancistrus xanthellus),,,Baryancistrus xanthellus,45,,USD,3 - 3.5 inches,3.25,in,false,2022-12-10T00:03:40-05:00,2026-08-28T05:03:39.423Z,https://www.predatoryfins.com/products/l081-fine-spot-gold-nugget-pleco-baryancistrus-xanthellus
predatory-fins,L081 Fine Spot Gold Nugget Pleco (Baryancistrus xanthellus),,,Baryancistrus xanthellus,55,,USD,4 - 4.5 inches,4.25,in,false,2022-12-10T00:03:40-05:00,2026-08-28T05:03:39.423Z,https://www.predatoryfins.com/products/l081-fine-spot-gold-nugget-pleco-baryancistrus-xanthellus
predatory-fins,L081 Fine Spot Gold Nugget Pleco (Baryancistrus xanthellus),,,Baryancistrus xanthellus,68,,USD,5 - 5.5 inches,5.25,in,false,2022-12-10T00:03:40-05:00,2026-08-28T05:03:39.423Z,https://www.predatoryfins.com/products/l081-fine-spot-gold-nugget-pleco-baryancistrus-xanthellus
predatory-fins,L081 Fine Spot Gold Nugget Pleco (Baryancistrus xanthellus),,,Baryancistrus xanthellus,75,,USD,6 - 6.5 inches,6.25,in,false,2022-12-10T00:03:40-05:00,2026-08-28T05:03:39.423Z,https://www.predatoryfins.com/products/l081-fine-spot-gold-nugget-pleco-baryancistrus-xanthellus
predatory-fins,L236 SW Super White Pleco (Hypancistrus sp),,,,145,,USD,1.25 - 1.5 inches,1.38,in,false,2022-12-09T18:49:59-05:00,2026-08-28T05:03:39.423Z,https://www.predatoryfins.com/products/l236-sw-super-white-hypancistrus-sp
predatory-fins,Golden Bumblebee Barb (Acrossocheilus longipinnis),,,Acrossocheilus longipinnis,55,,USD,2 - 2.5 inches,2.25,in,false,2022-12-03T20:32:38-05:00,2026-08-28T05:03:39.423Z,https://www.predatoryfins.com/products/golden-bumblebee-barb-acrossocheilus-longipinnis
predatory-fins,Golden Bumblebee Barb (Acrossocheilus longipinnis),,,Acrossocheilus longipinnis,65,,USD,3 - 3.5 inches,3.25,in,false,2022-12-03T20:32:38-05:00,2026-08-28T05:03:39.423Z,https://www.predatoryfins.com/products/golden-bumblebee-barb-acrossocheilus-longipinnis
predatory-fins,Golden Bumblebee Barb (Acrossocheilus longipinnis),,,Acrossocheilus longipinnis,75,,USD,4 - 4.5 inches,4.25,in,false,2022-12-03T20:32:38-05:00,2026-08-28T05:03:39.423Z,https://www.predatoryfins.com/products/golden-bumblebee-barb-acrossocheilus-longipinnis
predatory-fins,Golden Bumblebee Barb (Acrossocheilus longipinnis),,,Acrossocheilus longipinnis,85,,USD,5 - 5.5 inches,5.25,in,false,2022-12-03T20:32:38-05:00,2026-08-28T05:03:39.423Z,https://www.predatoryfins.com/products/golden-bumblebee-barb-acrossocheilus-longipinnis
predatory-fins,Golden Bumblebee Barb (Acrossocheilus longipinnis),,,Acrossocheilus longipinnis,95,,USD,6 - 6.5 inches,6.25,in,false,2022-12-03T20:32:38-05:00,2026-08-28T05:03:39.423Z,https://www.predatoryfins.com/products/golden-bumblebee-barb-acrossocheilus-longipinnis
predatory-fins,White Tiger Panda Pearl Stingray (Potamotrygon jabuti),,,Potamotrygon jabuti,1600,,USD,Male (5-6 inches),,,false,2022-11-30T21:15:31-05:00,2026-08-28T05:03:39.423Z,https://www.predatoryfins.com/products/white-tiger-panda-pearl-stingray-potamotrygon-jabuti
predatory-fins,White Tiger Panda Pearl Stingray (Potamotrygon jabuti),,,Potamotrygon jabuti,1600,,USD,Female (5-6 inches),,,false,2022-11-30T21:15:31-05:00,2026-08-28T05:03:39.423Z,https://www.predatoryfins.com/products/white-tiger-panda-pearl-stingray-potamotrygon-jabuti
predatory-fins,Galaxy P14 Stingray (Potamotrygon albimaculata),,,Potamotrygon albimaculata,850,,USD,5 - 5.5 inches,5.25,in,true,2022-11-30T15:17:08-05:00,2026-08-28T05:03:39.423Z,https://www.predatoryfins.com/products/galaxy-p14-stingray-potamotrygon-albimaculata
predatory-fins,Galaxy P14 Stingray (Potamotrygon albimaculata),,,Potamotrygon albimaculata,1050,,USD,5 - 5.5 inches (Select Grade),5.25,in,true,2022-11-30T15:17:08-05:00,2026-08-28T05:03:39.423Z,https://www.predatoryfins.com/products/galaxy-p14-stingray-potamotrygon-albimaculata
predatory-fins,Galaxy P14 Stingray (Potamotrygon albimaculata),,,Potamotrygon albimaculata,1250,,USD,6 - 6.5 inches (Select Grade),6.25,in,true,2022-11-30T15:17:08-05:00,2026-08-28T05:03:39.423Z,https://www.predatoryfins.com/products/galaxy-p14-stingray-potamotrygon-albimaculata
predatory-fins,Folha Silver Dollar (Utiaritichthys longidorsalis),,,Utiaritichthys longidorsalis,98,,USD,1.25 - 1.5 inches,1.38,in,false,2022-11-27T22:44:25-05:00,2026-08-28T05:03:39.423Z,https://www.predatoryfins.com/products/folha-silver-dollar-utiaritichthys-longidorsalis
predatory-fins,Folha Silver Dollar (Utiaritichthys longidorsalis),,,Utiaritichthys longidorsalis,120,,USD,2 - 2.5 inches,2.25,in,false,2022-11-27T22:44:25-05:00,2026-08-28T05:03:39.423Z,https://www.predatoryfins.com/products/folha-silver-dollar-utiaritichthys-longidorsalis
predatory-fins,Folha Silver Dollar (Utiaritichthys longidorsalis),,,Utiaritichthys longidorsalis,165,210,USD,4 - 4.5 inches,4.25,in,false,2022-11-27T22:44:25-05:00,2026-08-28T05:03:39.423Z,https://www.predatoryfins.com/products/folha-silver-dollar-utiaritichthys-longidorsalis
predatory-fins,Folha Silver Dollar (Utiaritichthys longidorsalis),,,Utiaritichthys longidorsalis,215,,USD,5 - 5.5 inches,5.25,in,false,2022-11-27T22:44:25-05:00,2026-08-28T05:03:39.423Z,https://www.predatoryfins.com/products/folha-silver-dollar-utiaritichthys-longidorsalis
predatory-fins,Folha Silver Dollar (Utiaritichthys longidorsalis),,,Utiaritichthys longidorsalis,250,,USD,6 - 6.5 inches,6.25,in,false,2022-11-27T22:44:25-05:00,2026-08-28T05:03:39.423Z,https://www.predatoryfins.com/products/folha-silver-dollar-utiaritichthys-longidorsalis
predatory-fins,L027c Araguaia Gold Line Thunder Royal Pleco (Panaque armbrusteri),,,Panaque armbrusteri,165,,USD,2 inches (Captive Bred),2,in,false,2022-11-27T22:21:21-05:00,2026-08-28T05:03:39.423Z,https://www.predatoryfins.com/products/l027-araguaia-gold-line-royal-pleco-panaque-armbrusteri
predatory-fins,L027c Araguaia Gold Line Thunder Royal Pleco (Panaque armbrusteri),,,Panaque armbrusteri,195,,USD,5 - 5.5 inches,5.25,in,false,2022-11-27T22:21:21-05:00,2026-08-28T05:03:39.423Z,https://www.predatoryfins.com/products/l027-araguaia-gold-line-royal-pleco-panaque-armbrusteri
predatory-fins,L027c Araguaia Gold Line Thunder Royal Pleco (Panaque armbrusteri),,,Panaque armbrusteri,275,,USD,6.5 - 7 inches,6.75,in,false,2022-11-27T22:21:21-05:00,2026-08-28T05:03:39.423Z,https://www.predatoryfins.com/products/l027-araguaia-gold-line-royal-pleco-panaque-armbrusteri
predatory-fins,L027c Araguaia Gold Line Thunder Royal Pleco (Panaque armbrusteri),,,Panaque armbrusteri,295,,USD,8 - 8.5 inches,8.25,in,false,2022-11-27T22:21:21-05:00,2026-08-28T05:03:39.423Z,https://www.predatoryfins.com/products/l027-araguaia-gold-line-royal-pleco-panaque-armbrusteri
predatory-fins,L027c Araguaia Gold Line Thunder Royal Pleco (Panaque armbrusteri),,,Panaque armbrusteri,395,,USD,10 - 11 inches,10.5,in,false,2022-11-27T22:21:21-05:00,2026-08-28T05:03:39.423Z,https://www.predatoryfins.com/products/l027-araguaia-gold-line-royal-pleco-panaque-armbrusteri
predatory-fins,L027c Araguaia Gold Line Thunder Royal Pleco (Panaque armbrusteri),,,Panaque armbrusteri,650,,USD,10 inches (special variant),10,in,false,2022-11-27T22:21:21-05:00,2026-08-28T05:03:39.423Z,https://www.predatoryfins.com/products/l027-araguaia-gold-line-royal-pleco-panaque-armbrusteri
predatory-fins,L027c Araguaia Gold Line Thunder Royal Pleco (Panaque armbrusteri),,,Panaque armbrusteri,850,,USD,14 inches,14,in,false,2022-11-27T22:21:21-05:00,2026-08-28T05:03:39.423Z,https://www.predatoryfins.com/products/l027-araguaia-gold-line-royal-pleco-panaque-armbrusteri
predatory-fins,Rosemariae Pike Cichlid (Crenicichla rosemariae),,,Crenicichla rosemariae,495,,USD,7 inches,7,in,false,2022-11-27T22:12:45-05:00,2026-08-28T05:03:39.423Z,https://www.predatoryfins.com/products/rosemariae-pike-cichlid-crenicichla-rosemariae
predatory-fins,Rosemariae Pike Cichlid (Crenicichla rosemariae),,,Crenicichla rosemariae,250,,USD,8 inches (Female - less spots),8,in,false,2022-11-27T22:12:45-05:00,2026-08-28T05:03:39.423Z,https://www.predatoryfins.com/products/rosemariae-pike-cichlid-crenicichla-rosemariae
predatory-fins,Rosemariae Pike Cichlid (Crenicichla rosemariae),,,Crenicichla rosemariae,550,,USD,9 - 10 inches,9.5,in,false,2022-11-27T22:12:45-05:00,2026-08-28T05:03:39.423Z,https://www.predatoryfins.com/products/rosemariae-pike-cichlid-crenicichla-rosemariae
predatory-fins,Rosemariae Pike Cichlid (Crenicichla rosemariae),,,Crenicichla rosemariae,595,,USD,11 inches,11,in,false,2022-11-27T22:12:45-05:00,2026-08-28T05:03:39.423Z,https://www.predatoryfins.com/products/rosemariae-pike-cichlid-crenicichla-rosemariae
predatory-fins,Wild Orinoco Peacock Bass (Cichla orinocensis),,,Cichla orinocensis,85,,USD,3 inches,3,in,false,2022-11-27T21:54:58-05:00,2026-08-28T05:03:39.423Z,https://www.predatoryfins.com/products/wild-orinoco-peacock-bass-cichla-orinocensis
predatory-fins,Wild Orinoco Peacock Bass (Cichla orinocensis),,,Cichla orinocensis,140,,USD,4 inches,4,in,false,2022-11-27T21:54:58-05:00,2026-08-28T05:03:39.423Z,https://www.predatoryfins.com/products/wild-orinoco-peacock-bass-cichla-orinocensis
predatory-fins,Wild Orinoco Peacock Bass (Cichla orinocensis),,,Cichla orinocensis,225,,USD,6.5-7inches,6.75,in,false,2022-11-27T21:54:58-05:00,2026-08-28T05:03:39.423Z,https://www.predatoryfins.com/products/wild-orinoco-peacock-bass-cichla-orinocensis
predatory-fins,Yellow Tail Barracuda (Acestrorhynchus falcatus),,,Acestrorhynchus falcatus,38,,USD,2.5 inches,2.5,in,false,2022-11-25T23:42:08-05:00,2026-08-28T05:03:39.423Z,https://www.predatoryfins.com/products/yellow-tail-barracuda-acestrorhynchus-falcatus
predatory-fins,Yellow Tail Barracuda (Acestrorhynchus falcatus),,,Acestrorhynchus falcatus,65,,USD,4 - 5 inches,4.5,in,false,2022-11-25T23:42:08-05:00,2026-08-28T05:03:39.423Z,https://www.predatoryfins.com/products/yellow-tail-barracuda-acestrorhynchus-falcatus
predatory-fins,Yellow Tail Barracuda (Acestrorhynchus falcatus),,,Acestrorhynchus falcatus,65,,USD,5 - 5.5 inches,5.25,in,false,2022-11-25T23:42:08-05:00,2026-08-28T05:03:39.423Z,https://www.predatoryfins.com/products/yellow-tail-barracuda-acestrorhynchus-falcatus
predatory-fins,Yellow Tail Barracuda (Acestrorhynchus falcatus),,,Acestrorhynchus falcatus,75,,USD,6 - 7 inches,6.5,in,false,2022-11-25T23:42:08-05:00,2026-08-28T05:03:39.423Z,https://www.predatoryfins.com/products/yellow-tail-barracuda-acestrorhynchus-falcatus
predatory-fins,Yellow Tail Barracuda (Acestrorhynchus falcatus),,,Acestrorhynchus falcatus,95,,USD,8 - 9 inches,8.5,in,false,2022-11-25T23:42:08-05:00,2026-08-28T05:03:39.423Z,https://www.predatoryfins.com/products/yellow-tail-barracuda-acestrorhynchus-falcatus
predatory-fins,Yellow Tail Barracuda (Acestrorhynchus falcatus),,,Acestrorhynchus falcatus,125,,USD,10 -11 inches,10.5,in,false,2022-11-25T23:42:08-05:00,2026-08-28T05:03:39.423Z,https://www.predatoryfins.com/products/yellow-tail-barracuda-acestrorhynchus-falcatus
predatory-fins,Weeksii Bichir (Polypterus weeksii),,,Polypterus weeksii,58,,USD,2.5 inches,2.5,in,false,2022-11-17T00:13:24-05:00,2026-08-28T05:03:39.423Z,https://www.predatoryfins.com/products/weeksii-bichir-polypterus-weeksii
predatory-fins,Weeksii Bichir (Polypterus weeksii),,,Polypterus weeksii,85,,USD,5 - 5.5 inches,5.25,in,false,2022-11-17T00:13:24-05:00,2026-08-28T05:03:39.423Z,https://www.predatoryfins.com/products/weeksii-bichir-polypterus-weeksii
predatory-fins,Weeksii Bichir (Polypterus weeksii),,,Polypterus weeksii,95,,USD,6 - 6.5 inches,6.25,in,false,2022-11-17T00:13:24-05:00,2026-08-28T05:03:39.423Z,https://www.predatoryfins.com/products/weeksii-bichir-polypterus-weeksii
predatory-fins,Weeksii Bichir (Polypterus weeksii),,,Polypterus weeksii,120,,USD,7 - 7.5 inches,7.25,in,false,2022-11-17T00:13:24-05:00,2026-08-28T05:03:39.423Z,https://www.predatoryfins.com/products/weeksii-bichir-polypterus-weeksii
predatory-fins,Weeksii Bichir (Polypterus weeksii),,,Polypterus weeksii,135,,USD,8 - 9 inches,8.5,in,false,2022-11-17T00:13:24-05:00,2026-08-28T05:03:39.423Z,https://www.predatoryfins.com/products/weeksii-bichir-polypterus-weeksii
predatory-fins,Weeksii Bichir (Polypterus weeksii),,,Polypterus weeksii,155,,USD,10 - 11 inches,10.5,in,false,2022-11-17T00:13:24-05:00,2026-08-28T05:03:39.423Z,https://www.predatoryfins.com/products/weeksii-bichir-polypterus-weeksii
predatory-fins,Platinum Ogon Japanese Koi Fish (Cyprinus carpio),,,Cyprinus carpio,35,,USD,4 - 4.5 inches,4.25,in,false,2022-11-07T22:37:46-05:00,2026-08-28T05:03:39.423Z,https://www.predatoryfins.com/products/platinum-ogon-japanese-koi-fish-cyprinus-carpio
predatory-fins,Siamese Tiger Fish (Datnioides pulcher),,,Datnioides pulcher,3600,,USD,6 inches (Grade B),6,in,false,2022-11-05T21:51:45-04:00,2026-08-28T05:03:39.423Z,https://www.predatoryfins.com/products/siamese-tiger-fish-datnioides-pulcher
predatory-fins,Siamese Tiger Fish (Datnioides pulcher),,,Datnioides pulcher,5500,,USD,6 - 7 inches (Grade A),6.5,in,false,2022-11-05T21:51:45-04:00,2026-08-28T05:03:39.423Z,https://www.predatoryfins.com/products/siamese-tiger-fish-datnioides-pulcher
predatory-fins,High Fin Redtail Catfish Hybrid (Phractocephalus hemioliopterus sp),,,Phractocephalus hemioliopterus,35,,USD,2 - 2.5 inches,2.25,in,false,2022-10-25T22:55:42-04:00,2026-08-28T05:03:39.423Z,https://www.predatoryfins.com/products/pangasius-redtail-catfish-hybrid-phractocephalus-hemioliopterus-sp
predatory-fins,High Fin Redtail Catfish Hybrid (Phractocephalus hemioliopterus sp),,,Phractocephalus hemioliopterus,39,,USD,3 - 3.5 inches,3.25,in,false,2022-10-25T22:55:42-04:00,2026-08-28T05:03:39.423Z,https://www.predatoryfins.com/products/pangasius-redtail-catfish-hybrid-phractocephalus-hemioliopterus-sp
predatory-fins,High Fin Redtail Catfish Hybrid (Phractocephalus hemioliopterus sp),,,Phractocephalus hemioliopterus,65,,USD,5 - 5.5 inches,5.25,in,false,2022-10-25T22:55:42-04:00,2026-08-28T05:03:39.423Z,https://www.predatoryfins.com/products/pangasius-redtail-catfish-hybrid-phractocephalus-hemioliopterus-sp
predatory-fins,High Fin Redtail Catfish Hybrid (Phractocephalus hemioliopterus sp),,,Phractocephalus hemioliopterus,350,,USD,9 inches,9,in,false,2022-10-25T22:55:42-04:00,2026-08-28T05:03:39.423Z,https://www.predatoryfins.com/products/pangasius-redtail-catfish-hybrid-phractocephalus-hemioliopterus-sp
predatory-fins,Burmese Zebra Eel (Macrognathus zebrinus),,,Macrognathus zebrinus,28,,USD,6 - 6.5 inches,6.25,in,false,2022-09-30T15:47:30-04:00,2026-08-28T05:03:39.423Z,https://www.predatoryfins.com/products/burmese-zebra-eel-macrognathus-zebrinus
predatory-fins,Albino Greshoffi Synodontis (Synodontis greshoffi),,,Synodontis greshoffi,975,,USD,4 - 4.5 inches,4.25,in,false,2022-09-26T00:41:16-04:00,2026-08-28T05:03:39.423Z,https://www.predatoryfins.com/products/albino-greshoffi-synodontis-synodontis-greshoffi
predatory-fins,Uaru Cichlid (Uaru Amphiacanthoides),,,,28,,USD,2 - 2.5 inches,2.25,in,false,2022-09-25T23:07:41-04:00,2026-08-28T05:03:39.423Z,https://www.predatoryfins.com/products/uaru-cichlid-uaru-amphiacanthoides
predatory-fins,Uaru Cichlid (Uaru Amphiacanthoides),,,,38,,USD,3 inches,3,in,false,2022-09-25T23:07:41-04:00,2026-08-28T05:03:39.423Z,https://www.predatoryfins.com/products/uaru-cichlid-uaru-amphiacanthoides
predatory-fins,CW51 New Panda Corydoras Catfish (Hoplisoma sp),sp_panda_cory,alias,,26,,USD,1.5 inches,1.5,in,false,2022-09-13T00:00:03-04:00,2026-08-28T05:03:39.423Z,https://www.predatoryfins.com/products/cw51-panda-corydoras-catfish-corydoras-sp
predatory-fins,Salt and Pepper Dwarf Cory Catfish (Corydoras habrosus),,,Corydoras habrosus,3.25,,USD,.30 inches,,,false,2022-09-12T23:47:28-04:00,2026-08-28T05:03:39.423Z,https://www.predatoryfins.com/products/habrosus-cory-catfish-corydoras-habrosus
predatory-fins,Salt and Pepper Dwarf Cory Catfish (Corydoras habrosus),,,Corydoras habrosus,29,,USD,.30 inches (Group of 10),,,false,2022-09-12T23:47:28-04:00,2026-08-28T05:03:39.423Z,https://www.predatoryfins.com/products/habrosus-cory-catfish-corydoras-habrosus
predatory-fins,Cardinal tetra (Paracheirodon axelrodi),,,Paracheirodon axelrodi,3.5,,USD,1.25 inch,1.25,in,true,2022-09-12T23:38:52-04:00,2026-08-28T05:03:39.423Z,https://www.predatoryfins.com/products/cardinal-tetra-paracheirodon-axelrodi
predatory-fins,Cardinal tetra (Paracheirodon axelrodi),,,Paracheirodon axelrodi,32,,USD,1.25 inch (Group of 10),1.25,in,true,2022-09-12T23:38:52-04:00,2026-08-28T05:03:39.423Z,https://www.predatoryfins.com/products/cardinal-tetra-paracheirodon-axelrodi
predatory-fins,Cardinal tetra (Paracheirodon axelrodi),,,Paracheirodon axelrodi,64,,USD,1.25 inch (Group of 20),1.25,in,true,2022-09-12T23:38:52-04:00,2026-08-28T05:03:39.423Z,https://www.predatoryfins.com/products/cardinal-tetra-paracheirodon-axelrodi
predatory-fins,Cardinal tetra (Paracheirodon axelrodi),,,Paracheirodon axelrodi,96,,USD,1.25 inch (Group of 30),1.25,in,true,2022-09-12T23:38:52-04:00,2026-08-28T05:03:39.423Z,https://www.predatoryfins.com/products/cardinal-tetra-paracheirodon-axelrodi
predatory-fins,Aimara Wolf Fish (Hoplias aimara),,,Hoplias aimara,195,,USD,3 inches,3,in,false,2022-09-12T23:29:25-04:00,2026-08-28T05:03:39.423Z,https://www.predatoryfins.com/products/aimara-wolf-fish-hoplias-aimara
predatory-fins,Aimara Wolf Fish (Hoplias aimara),,,Hoplias aimara,310,,USD,4.5 - 5 inches,4.75,in,false,2022-09-12T23:29:25-04:00,2026-08-28T05:03:39.423Z,https://www.predatoryfins.com/products/aimara-wolf-fish-hoplias-aimara
predatory-fins,Aimara Wolf Fish (Hoplias aimara),,,Hoplias aimara,350,,USD,5.5 - 6 inches,5.75,in,false,2022-09-12T23:29:25-04:00,2026-08-28T05:03:39.423Z,https://www.predatoryfins.com/products/aimara-wolf-fish-hoplias-aimara
predatory-fins,Aimara Wolf Fish (Hoplias aimara),,,Hoplias aimara,365,,USD,7 - 7.5 inches,7.25,in,false,2022-09-12T23:29:25-04:00,2026-08-28T05:03:39.423Z,https://www.predatoryfins.com/products/aimara-wolf-fish-hoplias-aimara
predatory-fins,Aimara Wolf Fish (Hoplias aimara),,,Hoplias aimara,375,,USD,8 - 8.5 inches,8.25,in,false,2022-09-12T23:29:25-04:00,2026-08-28T05:03:39.423Z,https://www.predatoryfins.com/products/aimara-wolf-fish-hoplias-aimara
predatory-fins,Aimara Wolf Fish (Hoplias aimara),,,Hoplias aimara,500,,USD,12 - 13 inches,12.5,in,true,2022-09-12T23:29:25-04:00,2026-08-28T05:03:39.423Z,https://www.predatoryfins.com/products/aimara-wolf-fish-hoplias-aimara
predatory-fins,Crowntail Betta Fish (Betta splendens),sp_betta,scientific-name,Betta splendens,6,,USD,2 - 2.5 inches,2.25,in,false,2022-09-09T11:21:39-04:00,2026-08-28T05:03:39.423Z,https://www.predatoryfins.com/products/crowntail-betta-fish-betta-splendens
predatory-fins,Short Body Albino Iridescent Shark (Pangasius hypophthalmus),,,Pangasius hypophthalmus,95,,USD,4.5 - 5 inches,4.75,in,false,2022-09-05T00:07:32-04:00,2026-08-28T05:03:39.423Z,https://www.predatoryfins.com/products/short-body-albino-iridescent-shark-pangasius-hypophthalmus
predatory-fins,Short Body Albino Iridescent Shark (Pangasius hypophthalmus),,,Pangasius hypophthalmus,120,,USD,6 - 6.5 inches,6.25,in,false,2022-09-05T00:07:32-04:00,2026-08-28T05:03:39.423Z,https://www.predatoryfins.com/products/short-body-albino-iridescent-shark-pangasius-hypophthalmus
predatory-fins,Albino Golden Marble Alligator Gar (Atractosteus spatula),,,Atractosteus spatula,395,,USD,3 - 4 inches,3.5,in,true,2022-09-04T23:50:02-04:00,2026-08-28T05:03:39.423Z,https://www.predatoryfins.com/products/albino-golden-marble-alligator-gar-atractosteus-spatula
predatory-fins,Golden Marble Florida Gar (Lepisosteus platyrhincus),,,Lepisosteus platyrhincus,375,495,USD,6.5 - 7 inches,6.75,in,false,2022-09-04T23:46:03-04:00,2026-08-28T05:03:39.423Z,https://www.predatoryfins.com/products/albino-golden-marble-florida-gar-lepisosteus-platyrhincus
predatory-fins,Golden Marble Florida Gar (Lepisosteus platyrhincus),,,Lepisosteus platyrhincus,425,495,USD,8 - 9 inches,8.5,in,false,2022-09-04T23:46:03-04:00,2026-08-28T05:03:39.423Z,https://www.predatoryfins.com/products/albino-golden-marble-florida-gar-lepisosteus-platyrhincus
predatory-fins,Golden Marble Florida Gar (Lepisosteus platyrhincus),,,Lepisosteus platyrhincus,1200,,USD,10 - 12 inches,11,in,false,2022-09-04T23:46:03-04:00,2026-08-28T05:03:39.423Z,https://www.predatoryfins.com/products/albino-golden-marble-florida-gar-lepisosteus-platyrhincus
predatory-fins,Albino Golden Florida Gar (Lepisosteus platyrhincus),,,Lepisosteus platyrhincus,350,,USD,4 - 4.5 inches,4.25,in,false,2022-09-04T23:41:06-04:00,2026-08-28T05:03:39.423Z,https://www.predatoryfins.com/products/albino-florida-gar-lepisosteus-platyrhincus
predatory-fins,Albino Golden Florida Gar (Lepisosteus platyrhincus),,,Lepisosteus platyrhincus,450,,USD,5 - 5.5 inches,5.25,in,false,2022-09-04T23:41:06-04:00,2026-08-28T05:03:39.423Z,https://www.predatoryfins.com/products/albino-florida-gar-lepisosteus-platyrhincus
predatory-fins,Albino Golden Florida Gar (Lepisosteus platyrhincus),,,Lepisosteus platyrhincus,550,,USD,7 - 8 inches,7.5,in,true,2022-09-04T23:41:06-04:00,2026-08-28T05:03:39.423Z,https://www.predatoryfins.com/products/albino-florida-gar-lepisosteus-platyrhincus
predatory-fins,Albino Golden Florida Gar (Lepisosteus platyrhincus),,,Lepisosteus platyrhincus,650,,USD,9 - 10 inches,9.5,in,false,2022-09-04T23:41:06-04:00,2026-08-28T05:03:39.423Z,https://www.predatoryfins.com/products/albino-florida-gar-lepisosteus-platyrhincus
predatory-fins,Albino Golden Florida Gar (Lepisosteus platyrhincus),,,Lepisosteus platyrhincus,850,,USD,11 - 12 inches,11.5,in,false,2022-09-04T23:41:06-04:00,2026-08-28T05:03:39.423Z,https://www.predatoryfins.com/products/albino-florida-gar-lepisosteus-platyrhincus
predatory-fins,L021 Albino Chocolate Pleco (Pterygoplichthys pardalis),sp_common_pleco,scientific-name,Pterygoplichthys pardalis,18,,USD,2.5 - 3 inches,2.75,in,false,2022-08-28T22:57:56-04:00,2026-08-28T05:03:39.423Z,https://www.predatoryfins.com/products/l021-albino-chocolate-pleco-pterygoplichthys-pardalis
predatory-fins,Platinum Green Angelfish (Pterophyllum scalare),,,Pterophyllum scalare,18,,USD,1.5 - 2 inches,1.75,in,false,2022-08-20T01:47:01-04:00,2026-08-28T05:03:39.423Z,https://www.predatoryfins.com/products/platinum-green-angelfish-pterophyllum-scalare
predatory-fins,Boeseman Croaker (Boesemania microlepis),,,Boesemania microlepis,170,,USD,6 - 7 inches,6.5,in,false,2022-08-19T23:54:41-04:00,2026-08-28T05:03:39.423Z,https://www.predatoryfins.com/products/boeseman-croaker-boesemania-microlepis
predatory-fins,Thai Mahseer (Tor tambroides),,,Tor tambroides,35,,USD,3 inches,3,in,false,2022-08-19T23:26:03-04:00,2026-08-28T05:03:39.423Z,https://www.predatoryfins.com/products/thai-mahseer-tor-tambroides
predatory-fins,Thai Mahseer (Tor tambroides),,,Tor tambroides,95,,USD,5.5 - 6 inches,5.75,in,false,2022-08-19T23:26:03-04:00,2026-08-28T05:03:39.423Z,https://www.predatoryfins.com/products/thai-mahseer-tor-tambroides
predatory-fins,Thai Mahseer (Tor tambroides),,,Tor tambroides,210,,USD,9 - 10 inches,9.5,in,false,2022-08-19T23:26:03-04:00,2026-08-28T05:03:39.423Z,https://www.predatoryfins.com/products/thai-mahseer-tor-tambroides
predatory-fins,Suchus Goonch Catfish (Bagarius suchus),,,Bagarius suchus,250,,USD,8 - 9 inches,8.5,in,false,2022-08-19T17:03:38-04:00,2026-08-28T05:03:39.423Z,https://www.predatoryfins.com/products/suchus-goonch-catfish-bagarius-suchus
predatory-fins,Suchus Goonch Catfish (Bagarius suchus),,,Bagarius suchus,325,,USD,11 - 12 inches,11.5,in,false,2022-08-19T17:03:38-04:00,2026-08-28T05:03:39.423Z,https://www.predatoryfins.com/products/suchus-goonch-catfish-bagarius-suchus
predatory-fins,Red Mangrove Jack (Lutjanus argentimaculatus),,,Lutjanus argentimaculatus,150,,USD,4.5 - 5 Inches,4.75,in,false,2022-08-19T16:14:48-04:00,2026-08-28T05:03:39.423Z,https://www.predatoryfins.com/products/red-mangrove-jack-lutjanus-argentimaculatus
predatory-fins,Blackhawk Wallago Catfish (Wallagonia micropogon),,,Wallagonia micropogon,45,,USD,4 Inches,4,in,false,2022-08-18T00:58:39-04:00,2026-08-28T05:03:39.423Z,https://www.predatoryfins.com/products/blackhawk-catfish-wallagonia-micropogon
predatory-fins,Red Mouthbrooder Severum (Heros liberifer),,,Heros liberifer,40,,USD,"4"" inches",4,in,false,2022-08-18T00:24:15-04:00,2026-08-28T05:03:39.423Z,https://www.predatoryfins.com/products/red-mouthbrooder-severum-heros-liberifer
predatory-fins,Red Mouthbrooder Severum (Heros liberifer),,,Heros liberifer,65,,USD,5 inches,5,in,false,2022-08-18T00:24:15-04:00,2026-08-28T05:03:39.423Z,https://www.predatoryfins.com/products/red-mouthbrooder-severum-heros-liberifer
predatory-fins,Red Mouthbrooder Severum (Heros liberifer),,,Heros liberifer,90,,USD,6 to 7 inches,6.5,in,false,2022-08-18T00:24:15-04:00,2026-08-28T05:03:39.423Z,https://www.predatoryfins.com/products/red-mouthbrooder-severum-heros-liberifer
predatory-fins,Pinoy Clown Angelfish (Pterophyllum scalare sp),,,Pterophyllum scalare,25,,USD,1.5 - 1.75 inches,1.63,in,false,2022-08-17T01:52:48-04:00,2026-08-28T05:03:39.423Z,https://www.predatoryfins.com/products/pinoy-clown-angelfish-pterophyllum-scalare-sp
predatory-fins,Pinoy Clown Angelfish (Pterophyllum scalare sp),,,Pterophyllum scalare,29,,USD,2 - 2.5 inches,2.25,in,false,2022-08-17T01:52:48-04:00,2026-08-28T05:03:39.423Z,https://www.predatoryfins.com/products/pinoy-clown-angelfish-pterophyllum-scalare-sp
predatory-fins,Pinoy Clown Angelfish (Pterophyllum scalare sp),,,Pterophyllum scalare,38,,USD,3 - 3.5 inches,3.25,in,false,2022-08-17T01:52:48-04:00,2026-08-28T05:03:39.423Z,https://www.predatoryfins.com/products/pinoy-clown-angelfish-pterophyllum-scalare-sp
predatory-fins,Pinoy Clown Angelfish (Pterophyllum scalare sp),,,Pterophyllum scalare,55,,USD,4 - 4.5 inches,4.25,in,true,2022-08-17T01:52:48-04:00,2026-08-28T05:03:39.423Z,https://www.predatoryfins.com/products/pinoy-clown-angelfish-pterophyllum-scalare-sp
predatory-fins,Platinum Peruvian Altum Angelfish (Pterophyllum scalare),,,Pterophyllum scalare,18,,USD,1.5 - 2 inches,1.75,in,false,2022-08-17T01:45:02-04:00,2026-08-28T05:03:39.423Z,https://www.predatoryfins.com/products/platinum-peruvian-altum-angelfish-pterophyllum-scalare
predatory-fins,Oremon Rusty Jelly Catfish (Cephalosilurus fowleri),,,Cephalosilurus fowleri,85,,USD,2 - 2.5 inches,2.25,in,false,2022-08-17T00:43:44-04:00,2026-08-28T05:03:39.423Z,https://www.predatoryfins.com/products/oremon-rusty-jelly-catfish
predatory-fins,Oremon Rusty Jelly Catfish (Cephalosilurus fowleri),,,Cephalosilurus fowleri,185,,USD,5 inches,5,in,false,2022-08-17T00:43:44-04:00,2026-08-28T05:03:39.423Z,https://www.predatoryfins.com/products/oremon-rusty-jelly-catfish
predatory-fins,Melanistic Black Panda Redtail Catfish (Phractocephalus hemioliopterus),,,Phractocephalus hemioliopterus,150,,USD,3 - 3.5 inches,3.25,in,false,2022-08-10T23:23:03-04:00,2026-08-28T05:03:39.423Z,https://www.predatoryfins.com/products/melanistic-black-redtail-catfish-phractocephalus-hemioliopterus
predatory-fins,Melanistic Black Panda Redtail Catfish (Phractocephalus hemioliopterus),,,Phractocephalus hemioliopterus,165,,USD,4 - 4.5 inches,4.25,in,false,2022-08-10T23:23:03-04:00,2026-08-28T05:03:39.423Z,https://www.predatoryfins.com/products/melanistic-black-redtail-catfish-phractocephalus-hemioliopterus
predatory-fins,Barred Muskie (Esox masquinongy),,,Esox masquinongy,150,,USD,4 inches,4,in,false,2022-08-04T13:14:30-04:00,2026-08-28T05:03:39.423Z,https://www.predatoryfins.com/products/barred-muskie-esox-masquinongy
predatory-fins,Longfin Senegal Bichir (Polypterus senegalus),sp_senegal_bichir,scientific-name,Polypterus senegalus,50,,USD,4 - 5 inches,4.5,in,false,2022-07-31T23:31:59-04:00,2026-08-28T05:03:39.423Z,https://www.predatoryfins.com/products/longfin-senegal-bichir-polypterus-senegalus
predatory-fins,African Aleste Longfin Tetra (Brycinus longipinnis),,,Brycinus longipinnis,13.5,,USD,2.5 inches,2.5,in,false,2022-07-31T23:24:29-04:00,2026-08-28T05:03:39.423Z,https://www.predatoryfins.com/products/african-aleste-longfin-tetra-brycinus-longipinnis
predatory-fins,Black Melanoid Axolotl (Ambystoma mexicanum),,,Ambystoma mexicanum,120,,USD,4 - 4.5 inches,4.25,in,false,2022-07-30T01:53:34-04:00,2026-08-28T05:03:39.423Z,https://www.predatoryfins.com/products/melanoid-axolotl-ambystoma-mexicanum
predatory-fins,Light Based Spotted Axolotl (Ambystoma mexicanum),,,Ambystoma mexicanum,110,,USD,5 inches,5,in,false,2022-07-30T01:41:08-04:00,2026-08-28T05:03:39.423Z,https://www.predatoryfins.com/products/light-based-spotted-copper-axolotl-ambystoma-mexicanum
predatory-fins,Copper Axolotl (Ambystoma mexicanum),,,Ambystoma mexicanum,220,,USD,7 inches,7,in,false,2022-07-30T01:22:38-04:00,2026-08-28T05:03:39.423Z,https://www.predatoryfins.com/products/copper-axolotl-ambystoma-mexicanum-1
predatory-fins,Melanoid Axanthic Copper MAC Axolotl (Ambystoma mexicanum),,,Ambystoma mexicanum,135,,USD,2 inches,2,in,false,2022-07-30T01:10:21-04:00,2026-08-28T05:03:39.423Z,https://www.predatoryfins.com/products/melanoid-axanthic-copper-mac-axolotl-ambystoma-mexicanum
predatory-fins,GFP Copper Axolotl (Ambystoma mexicanum),,,Ambystoma mexicanum,60,,USD,3-4 inches,3.5,in,false,2022-07-30T01:01:58-04:00,2026-08-28T05:03:39.423Z,https://www.predatoryfins.com/products/copper-axolotl-ambystoma-mexicanum
predatory-fins,GFP Copper Axolotl (Ambystoma mexicanum),,,Ambystoma mexicanum,120,,USD,4-5 inches,4.5,in,false,2022-07-30T01:01:58-04:00,2026-08-28T05:03:39.423Z,https://www.predatoryfins.com/products/copper-axolotl-ambystoma-mexicanum
predatory-fins,Freckled Leucistic GFP Lucy Axolotl (Ambystoma mexicanum),,,Ambystoma mexicanum,110,,USD,2 inches,2,in,false,2022-07-30T00:33:11-04:00,2026-08-28T05:03:39.423Z,https://www.predatoryfins.com/products/freckled-leucistic-gfp-lucy-axolotl-ambystoma-mexicanum
predatory-fins,Golden Albino GFP Axolotl (Ambystoma mexicanum),,,Ambystoma mexicanum,150,,USD,4 - 4.5 inches,4.25,in,false,2022-07-30T00:27:22-04:00,2026-08-28T05:03:39.423Z,https://www.predatoryfins.com/products/golden-albino-gfp-axolotl-ambystoma-mexicanum
predatory-fins,Spotted Muskie (Esox masquinongy),,,Esox masquinongy,125,,USD,4 inches,4,in,false,2022-07-28T18:51:26-04:00,2026-08-28T05:03:39.423Z,https://www.predatoryfins.com/products/spotted-muskie-esox-masquinongy
predatory-fins,Tiger Muskie (Esox sp),,,,75,,USD,4 - 4.5 inches,4.25,in,false,2022-07-27T18:38:29-04:00,2026-08-28T05:03:39.423Z,https://www.predatoryfins.com/products/tiger-muskie-esox-sp
predatory-fins,Tiger Muskie (Esox sp),,,,85,,USD,5 - 5.5 inches,5.25,in,false,2022-07-27T18:38:29-04:00,2026-08-28T05:03:39.423Z,https://www.predatoryfins.com/products/tiger-muskie-esox-sp
predatory-fins,Tiger Muskie (Esox sp),,,,145,,USD,6 - 6.5 inches,6.25,in,false,2022-07-27T18:38:29-04:00,2026-08-28T05:03:39.423Z,https://www.predatoryfins.com/products/tiger-muskie-esox-sp
predatory-fins,Tiger Muskie (Esox sp),,,,165,195,USD,7 - 7.5 inches,7.25,in,false,2022-07-27T18:38:29-04:00,2026-08-28T05:03:39.423Z,https://www.predatoryfins.com/products/tiger-muskie-esox-sp
predatory-fins,Tiger Muskie (Esox sp),,,,195,,USD,8 - 8.5 inches,8.25,in,false,2022-07-27T18:38:29-04:00,2026-08-28T05:03:39.423Z,https://www.predatoryfins.com/products/tiger-muskie-esox-sp
predatory-fins,Tiger Muskie (Esox sp),,,,295,,USD,11 - 12 inches,11.5,in,false,2022-07-27T18:38:29-04:00,2026-08-28T05:03:39.423Z,https://www.predatoryfins.com/products/tiger-muskie-esox-sp
predatory-fins,Barramundi (Lates calcarifer),,,Lates calcarifer,35,,USD,4 inches,4,in,false,2022-07-09T21:19:44-04:00,2026-08-28T05:03:39.423Z,https://www.predatoryfins.com/products/barramundi-lates-calcarifer
predatory-fins,Barramundi (Lates calcarifer),,,Lates calcarifer,45,,USD,4.5 - 5 inches,4.75,in,false,2022-07-09T21:19:44-04:00,2026-08-28T05:03:39.423Z,https://www.predatoryfins.com/products/barramundi-lates-calcarifer
predatory-fins,Barramundi (Lates calcarifer),,,Lates calcarifer,85,,USD,6 - 6.5 inches,6.25,in,false,2022-07-09T21:19:44-04:00,2026-08-28T05:03:39.423Z,https://www.predatoryfins.com/products/barramundi-lates-calcarifer
predatory-fins,Barramundi (Lates calcarifer),,,Lates calcarifer,250,,USD,12 - 14 inches,13,in,false,2022-07-09T21:19:44-04:00,2026-08-28T05:03:39.423Z,https://www.predatoryfins.com/products/barramundi-lates-calcarifer
predatory-fins,Barramundi (Lates calcarifer),,,Lates calcarifer,45,,USD,6 - 6.5 (Damaged Eye),,,false,2022-07-09T21:19:44-04:00,2026-08-28T05:03:39.423Z,https://www.predatoryfins.com/products/barramundi-lates-calcarifer
predatory-fins,Australian Lungfish (Neoceratodus forsteri),,,Neoceratodus forsteri,1350,,USD,6 inches,6,in,false,2022-07-07T19:48:07-04:00,2026-08-28T05:03:39.423Z,https://www.predatoryfins.com/products/australian-lungfish-neoceratodus-forsteri
predatory-fins,Australian Lungfish (Neoceratodus forsteri),,,Neoceratodus forsteri,1650,,USD,8 inches,8,in,false,2022-07-07T19:48:07-04:00,2026-08-28T05:03:39.423Z,https://www.predatoryfins.com/products/australian-lungfish-neoceratodus-forsteri
predatory-fins,Australian Lungfish (Neoceratodus forsteri),,,Neoceratodus forsteri,2800,,USD,14 - 15 inches,14.5,in,false,2022-07-07T19:48:07-04:00,2026-08-28T05:03:39.423Z,https://www.predatoryfins.com/products/australian-lungfish-neoceratodus-forsteri
predatory-fins,Eyespot Synodontis Catfish (Synodontis longirostris),,,Synodontis longirostris,250,,USD,4.5 - 5 inches,4.75,in,false,2022-06-26T22:52:33-04:00,2026-08-28T05:03:39.423Z,https://www.predatoryfins.com/products/eyespot-synodontis-catfish-synodontis-longirostris
predatory-fins,Eyespot Synodontis Catfish (Synodontis longirostris),,,Synodontis longirostris,150,,USD,6 - 6.5 inches,6.25,in,false,2022-06-26T22:52:33-04:00,2026-08-28T05:03:39.423Z,https://www.predatoryfins.com/products/eyespot-synodontis-catfish-synodontis-longirostris
predatory-fins,Eyespot Synodontis Catfish (Synodontis longirostris),,,Synodontis longirostris,150,,USD,9 - 10 inches,9.5,in,false,2022-06-26T22:52:33-04:00,2026-08-28T05:03:39.423Z,https://www.predatoryfins.com/products/eyespot-synodontis-catfish-synodontis-longirostris
predatory-fins,Eyespot Synodontis Catfish (Synodontis longirostris),,,Synodontis longirostris,395,,USD,12 - 13 inches,12.5,in,false,2022-06-26T22:52:33-04:00,2026-08-28T05:03:39.423Z,https://www.predatoryfins.com/products/eyespot-synodontis-catfish-synodontis-longirostris
predatory-fins,Wolf Fish (Hoplias malabaricus),sp_wolf_fish,scientific-name,Hoplias malabaricus,45,,USD,4.5-5 inches,4.75,in,false,2022-06-22T01:49:52-04:00,2026-08-28T05:03:39.423Z,https://www.predatoryfins.com/products/wolf-fish-hoplias-malabaricus
predatory-fins,Wolf Fish (Hoplias malabaricus),sp_wolf_fish,scientific-name,Hoplias malabaricus,135,,USD,8 - 9 inches,8.5,in,false,2022-06-22T01:49:52-04:00,2026-08-28T05:03:39.423Z,https://www.predatoryfins.com/products/wolf-fish-hoplias-malabaricus
predatory-fins,Albino Golden Alligator Gar (Atractosteus spatula),,,Atractosteus spatula,50,,USD,2.5 inches,2.5,in,false,2022-06-20T00:54:03-04:00,2026-08-28T05:03:39.423Z,https://www.predatoryfins.com/products/albino-alligator-gar-atractosteus-spatula
predatory-fins,Albino Golden Alligator Gar (Atractosteus spatula),,,Atractosteus spatula,65,,USD,3 - 3.5 inches,3.25,in,true,2022-06-20T00:54:03-04:00,2026-08-28T05:03:39.423Z,https://www.predatoryfins.com/products/albino-alligator-gar-atractosteus-spatula
predatory-fins,Albino Golden Alligator Gar (Atractosteus spatula),,,Atractosteus spatula,75,,USD,4 inches,4,in,true,2022-06-20T00:54:03-04:00,2026-08-28T05:03:39.423Z,https://www.predatoryfins.com/products/albino-alligator-gar-atractosteus-spatula
predatory-fins,Albino Golden Alligator Gar (Atractosteus spatula),,,Atractosteus spatula,85,,USD,5 inches,5,in,false,2022-06-20T00:54:03-04:00,2026-08-28T05:03:39.423Z,https://www.predatoryfins.com/products/albino-alligator-gar-atractosteus-spatula
predatory-fins,Albino Golden Alligator Gar (Atractosteus spatula),,,Atractosteus spatula,120,,USD,6 inches,6,in,false,2022-06-20T00:54:03-04:00,2026-08-28T05:03:39.423Z,https://www.predatoryfins.com/products/albino-alligator-gar-atractosteus-spatula
predatory-fins,Albino Golden Alligator Gar (Atractosteus spatula),,,Atractosteus spatula,195,,USD,7 inches,7,in,false,2022-06-20T00:54:03-04:00,2026-08-28T05:03:39.423Z,https://www.predatoryfins.com/products/albino-alligator-gar-atractosteus-spatula
predatory-fins,Albino Golden Alligator Gar (Atractosteus spatula),,,Atractosteus spatula,350,,USD,9 - 10 inches,9.5,in,false,2022-06-20T00:54:03-04:00,2026-08-28T05:03:39.423Z,https://www.predatoryfins.com/products/albino-alligator-gar-atractosteus-spatula
predatory-fins,Blackberry Peacock Bass (Cichla melaniae sp),,,Cichla melaniae,110,,USD,3 inches,3,in,false,2022-06-01T02:47:02-04:00,2026-08-28T05:03:39.423Z,https://www.predatoryfins.com/products/blackberry-peacock-bass-cichla-melaniae-sp
predatory-fins,Blackberry Peacock Bass (Cichla melaniae sp),,,Cichla melaniae,165,,USD,6 - 6.5 inches,6.25,in,false,2022-06-01T02:47:02-04:00,2026-08-28T05:03:39.423Z,https://www.predatoryfins.com/products/blackberry-peacock-bass-cichla-melaniae-sp
predatory-fins,Wild GFP Glow in the Dark Axolotl (Ambystoma mexicanum),,,Ambystoma mexicanum,110,,USD,2 - 3 inches,2.5,in,false,2022-06-01T01:54:54-04:00,2026-08-28T05:03:39.423Z,https://www.predatoryfins.com/products/wild-gfp-axolotl-ambystoma-mexicanum
predatory-fins,Wild GFP Glow in the Dark Axolotl (Ambystoma mexicanum),,,Ambystoma mexicanum,120,,USD,3.5 - 4 inches,3.75,in,false,2022-06-01T01:54:54-04:00,2026-08-28T05:03:39.423Z,https://www.predatoryfins.com/products/wild-gfp-axolotl-ambystoma-mexicanum
predatory-fins,Wild Starburst Axolotl (Ambystoma mexicanum),,,Ambystoma mexicanum,120,,USD,6 inches,6,in,false,2022-06-01T01:47:41-04:00,2026-08-28T05:03:39.423Z,https://www.predatoryfins.com/products/wild-axolotl-ambystoma-mexicanum
predatory-fins,Freckled Leucistic Lucy Axolotl (Ambystoma mexicanum),,,Ambystoma mexicanum,115,,USD,2 - 3 inches,2.5,in,false,2022-06-01T01:21:38-04:00,2026-08-28T05:03:39.423Z,https://www.predatoryfins.com/products/leucistic-lucy-axolotl-ambystoma-mexicanum
predatory-fins,Freckled Leucistic Lucy Axolotl (Ambystoma mexicanum),,,Ambystoma mexicanum,135,,USD,3.5 - 4 inches,3.75,in,false,2022-06-01T01:21:38-04:00,2026-08-28T05:03:39.423Z,https://www.predatoryfins.com/products/leucistic-lucy-axolotl-ambystoma-mexicanum
predatory-fins,Albino Axolotl (Ambystoma mexicanum),,,Ambystoma mexicanum,135,,USD,3.5 - 4 inches,3.75,in,false,2022-06-01T01:04:09-04:00,2026-08-28T05:03:39.423Z,https://www.predatoryfins.com/products/albino-axolotl-ambystoma-mexicanum
predatory-fins,Albino Axolotl (Ambystoma mexicanum),,,Ambystoma mexicanum,115,,USD,2 - 3 inches,2.5,in,false,2022-06-01T01:04:09-04:00,2026-08-28T05:03:39.423Z,https://www.predatoryfins.com/products/albino-axolotl-ambystoma-mexicanum
predatory-fins,Red Frontosa (Cyphotilapia frontosa),,,Cyphotilapia frontosa,50,,USD,4 - 5 inches,4.5,in,false,2022-05-30T09:53:34-04:00,2026-08-28T05:03:39.423Z,https://www.predatoryfins.com/products/red-frontosa-cyphotilapia-frontosa
predatory-fins,Wild Alenquer Red Discus (Symphysodon aequifasciata),,,Symphysodon aequifasciata,150,,USD,6 - 7 inches,6.5,in,false,2022-05-30T01:04:35-04:00,2026-08-28T05:03:39.423Z,https://www.predatoryfins.com/products/wild-alenquer-red-discus-symphysodon-aequifasciata
predatory-fins,Wild Royal Discus (Symphysodon aequifasciata),,,Symphysodon aequifasciata,110,210,USD,6 inches (Semi Royal),6,in,false,2022-05-30T00:56:34-04:00,2026-08-28T05:03:39.423Z,https://www.predatoryfins.com/products/wild-semi-royal-oriximina-discus-symphysodon-aequifasciata
predatory-fins,Wild Royal Discus (Symphysodon aequifasciata),,,Symphysodon aequifasciata,135,235,USD,6 inches (Royal),6,in,false,2022-05-30T00:56:34-04:00,2026-08-28T05:03:39.423Z,https://www.predatoryfins.com/products/wild-semi-royal-oriximina-discus-symphysodon-aequifasciata
predatory-fins,Marbled Spiny Catfish (Franciscodoras marmoratus),,,Franciscodoras marmoratus,200,250,USD,8 inches,8,in,false,2022-05-29T01:17:32-04:00,2026-08-28T05:03:39.423Z,https://www.predatoryfins.com/products/francisco-catfish-franciscodoras-marmoratus
predatory-fins,Red Tailed Brycon (Brycon cephalus),,,Brycon cephalus,35,,USD,2.5 - 3 inches,2.75,in,false,2022-05-29T01:10:54-04:00,2026-08-28T05:03:39.423Z,https://www.predatoryfins.com/products/red-tailed-brycon-brycon-cephalus
predatory-fins,Red Tailed Brycon (Brycon cephalus),,,Brycon cephalus,75,,USD,6 inches,6,in,false,2022-05-29T01:10:54-04:00,2026-08-28T05:03:39.423Z,https://www.predatoryfins.com/products/red-tailed-brycon-brycon-cephalus
predatory-fins,Leopard Puffer Fish (Dichotomyctere nigroviridis),,,Dichotomyctere nigroviridis,15,,USD,2 inches,2,in,false,2022-05-26T20:50:38-04:00,2026-08-28T05:03:39.423Z,https://www.predatoryfins.com/products/leopard-puffer-fish-dichotomyctere-nigroviridis
predatory-fins,Giant Bicuda Pike (Boulengerella cuvieri),,,Boulengerella cuvieri,30,,USD,4 inches,4,in,false,2022-05-26T20:42:31-04:00,2026-08-28T05:03:39.423Z,https://www.predatoryfins.com/products/giant-bicuda-pike-boulengerella-cuvieri
predatory-fins,Giant Bicuda Pike (Boulengerella cuvieri),,,Boulengerella cuvieri,40,,USD,5 inches,5,in,false,2022-05-26T20:42:31-04:00,2026-08-28T05:03:39.423Z,https://www.predatoryfins.com/products/giant-bicuda-pike-boulengerella-cuvieri
predatory-fins,Giant Bicuda Pike (Boulengerella cuvieri),,,Boulengerella cuvieri,50,,USD,6 inches,6,in,false,2022-05-26T20:42:31-04:00,2026-08-28T05:03:39.423Z,https://www.predatoryfins.com/products/giant-bicuda-pike-boulengerella-cuvieri
predatory-fins,Umbee Cichlid (Kronoheros umbriferus),,,Kronoheros umbriferus,65,,USD,3.5 inches,3.5,in,false,2022-05-26T20:33:22-04:00,2026-08-28T05:03:39.423Z,https://www.predatoryfins.com/products/umbee-cichlid-kronoheros-umbriferus
predatory-fins,Spot Cheek Cichlid (Thorichthys Ellioti),,,,35,,USD,3 inches,3,in,false,2022-05-23T00:38:04-04:00,2026-08-28T05:03:39.423Z,https://www.predatoryfins.com/products/spot-cheek-cichlid-thorichthys-ellioti
predatory-fins,Spot Cheek Cichlid (Thorichthys Ellioti),,,,45,,USD,4 inches,4,in,false,2022-05-23T00:38:04-04:00,2026-08-28T05:03:39.423Z,https://www.predatoryfins.com/products/spot-cheek-cichlid-thorichthys-ellioti
predatory-fins,Spot Cheek Cichlid (Thorichthys Ellioti),,,,65,,USD,6 - 7 inches,6.5,in,false,2022-05-23T00:38:04-04:00,2026-08-28T05:03:39.423Z,https://www.predatoryfins.com/products/spot-cheek-cichlid-thorichthys-ellioti
predatory-fins,Pinto Vieja Regani Cichlid (Vieja regani),,,Vieja regani,25,,USD,1.5 inches,1.5,in,false,2022-05-23T00:17:21-04:00,2026-08-28T05:03:39.423Z,https://www.predatoryfins.com/products/pinto-vieja-regani-cichlid-vieja-regani
predatory-fins,Pinto Vieja Regani Cichlid (Vieja regani),,,Vieja regani,45,,USD,4 inches,4,in,false,2022-05-23T00:17:21-04:00,2026-08-28T05:03:39.423Z,https://www.predatoryfins.com/products/pinto-vieja-regani-cichlid-vieja-regani
predatory-fins,Pinto Vieja Regani Cichlid (Vieja regani),,,Vieja regani,65,,USD,6 - 7 inches,6.5,in,false,2022-05-23T00:17:21-04:00,2026-08-28T05:03:39.423Z,https://www.predatoryfins.com/products/pinto-vieja-regani-cichlid-vieja-regani
predatory-fins,Red Wolf Cichlid (Parachromis dovii),sp_wolf_cichlid,scientific-name,Parachromis dovii,25,,USD,1 Inch,1,in,false,2022-05-23T00:03:58-04:00,2026-08-28T05:03:39.423Z,https://www.predatoryfins.com/products/red-wolf-cichlid-parachromis-dovii
predatory-fins,Red Wolf Cichlid (Parachromis dovii),sp_wolf_cichlid,scientific-name,Parachromis dovii,38,,USD,2 - 3 inches,2.5,in,false,2022-05-23T00:03:58-04:00,2026-08-28T05:03:39.423Z,https://www.predatoryfins.com/products/red-wolf-cichlid-parachromis-dovii
predatory-fins,Red Wolf Cichlid (Parachromis dovii),sp_wolf_cichlid,scientific-name,Parachromis dovii,95,,USD,6 - 7 Inches,6.5,in,false,2022-05-23T00:03:58-04:00,2026-08-28T05:03:39.423Z,https://www.predatoryfins.com/products/red-wolf-cichlid-parachromis-dovii
predatory-fins,African Glass Catfish (Pareutropius debauwi),,,Pareutropius debauwi,23,,USD,2 - 2.5 inches,2.25,in,false,2022-05-22T23:10:19-04:00,2026-08-28T05:03:39.423Z,https://www.predatoryfins.com/products/african-glass-catfish-pareutropius-debauwi
predatory-fins,L177 Iriri Yellow Seam Pleco (Baryancistrus xanthellus),,,Baryancistrus xanthellus,45,,USD,2 - 2.5 inches,2.25,in,false,2022-05-21T23:31:55-04:00,2026-08-28T05:03:39.423Z,https://www.predatoryfins.com/products/l177-iriri-yellow-seam-pleco-baryancistrus-xanthellus
predatory-fins,L177 Iriri Yellow Seam Pleco (Baryancistrus xanthellus),,,Baryancistrus xanthellus,50,,USD,3 - 3.5 inches,3.25,in,false,2022-05-21T23:31:55-04:00,2026-08-28T05:03:39.423Z,https://www.predatoryfins.com/products/l177-iriri-yellow-seam-pleco-baryancistrus-xanthellus
predatory-fins,L177 Iriri Yellow Seam Pleco (Baryancistrus xanthellus),,,Baryancistrus xanthellus,65,,USD,4 - 4.5 inches,4.25,in,false,2022-05-21T23:31:55-04:00,2026-08-28T05:03:39.423Z,https://www.predatoryfins.com/products/l177-iriri-yellow-seam-pleco-baryancistrus-xanthellus
predatory-fins,L177 Iriri Yellow Seam Pleco (Baryancistrus xanthellus),,,Baryancistrus xanthellus,70,,USD,5 inches,5,in,false,2022-05-21T23:31:55-04:00,2026-08-28T05:03:39.423Z,https://www.predatoryfins.com/products/l177-iriri-yellow-seam-pleco-baryancistrus-xanthellus
predatory-fins,African Blue Diamond Tetra (Alestopetersius smykalai),,,Alestopetersius smykalai,12,,USD,1 - 1.25 inches,1.13,in,false,2022-05-18T19:39:15-04:00,2026-08-28T05:03:39.423Z,https://www.predatoryfins.com/products/african-blue-diamond-tetra-alestopetersius-smykalai
predatory-fins,African Blue Diamond Tetra (Alestopetersius smykalai),,,Alestopetersius smykalai,16,,USD,1.5 inches,1.5,in,false,2022-05-18T19:39:15-04:00,2026-08-28T05:03:39.423Z,https://www.predatoryfins.com/products/african-blue-diamond-tetra-alestopetersius-smykalai
predatory-fins,African Butterfly Fish (Pantodon buchholzi),sp_freshwater_butterflyfish,scientific-name,Pantodon buchholzi,28,,USD,3 - 3.5 inches,3.25,in,false,2022-05-18T19:25:42-04:00,2026-08-28T05:03:39.423Z,https://www.predatoryfins.com/products/african-butterfly-fish-pantodon-buchholzi
predatory-fins,African Butterfly Fish (Pantodon buchholzi),sp_freshwater_butterflyfish,scientific-name,Pantodon buchholzi,35,,USD,4 - 4.5 inches,4.25,in,false,2022-05-18T19:25:42-04:00,2026-08-28T05:03:39.423Z,https://www.predatoryfins.com/products/african-butterfly-fish-pantodon-buchholzi
predatory-fins,Albino Jumbo Kitumba Cichlid (Cyprichromis Leptosoma),,,,85,40,USD,2 inches,2,in,false,2022-05-18T19:08:32-04:00,2026-08-28T05:03:39.423Z,https://www.predatoryfins.com/products/albino-jumbo-kitumba-cichlid-cyprichromis-leptosoma
predatory-fins,Humphead Glassfish (Parambassis pulcinella),,,Parambassis pulcinella,35,,USD,2.5 inches,2.5,in,false,2022-05-18T18:58:02-04:00,2026-08-28T05:03:39.423Z,https://www.predatoryfins.com/products/humphead-glassfish-parambassis-pulcinella
predatory-fins,Humphead Glassfish (Parambassis pulcinella),,,Parambassis pulcinella,45,,USD,3 inches,3,in,false,2022-05-18T18:58:02-04:00,2026-08-28T05:03:39.423Z,https://www.predatoryfins.com/products/humphead-glassfish-parambassis-pulcinella
predatory-fins,Jerdoni's Barb (Hypsibarbus jerdoni),,,Hypsibarbus jerdoni,25,,USD,3 inches,3,in,false,2022-05-18T18:23:22-04:00,2026-08-28T05:03:39.423Z,https://www.predatoryfins.com/products/jerdonis-barb-hypsibarbus-jerdoni
predatory-fins,Jerdoni's Barb (Hypsibarbus jerdoni),,,Hypsibarbus jerdoni,35,,USD,4 inches,4,in,false,2022-05-18T18:23:22-04:00,2026-08-28T05:03:39.423Z,https://www.predatoryfins.com/products/jerdonis-barb-hypsibarbus-jerdoni
predatory-fins,Rainbow Cichlid (Herotilapia multispinosa),,,Herotilapia multispinosa,30,,USD,2.5 inches,2.5,in,false,2022-05-18T17:56:46-04:00,2026-08-28T05:03:39.423Z,https://www.predatoryfins.com/products/rainbow-cichlid-herotilapia-multispinosa
predatory-fins,Rainbow Cichlid (Herotilapia multispinosa),,,Herotilapia multispinosa,95,,USD,6 - 7 inches,6.5,in,false,2022-05-18T17:56:46-04:00,2026-08-28T05:03:39.423Z,https://www.predatoryfins.com/products/rainbow-cichlid-herotilapia-multispinosa
predatory-fins,True Red Terror Cichlid (Mesoheros festae),,,Mesoheros festae,18,,USD,1 inch,1,in,false,2022-05-18T17:42:04-04:00,2026-08-28T05:03:39.423Z,https://www.predatoryfins.com/products/true-red-terror-cichlid-mesoheros-festae
predatory-fins,True Red Terror Cichlid (Mesoheros festae),,,Mesoheros festae,35,,USD,3 inches,3,in,false,2022-05-18T17:42:04-04:00,2026-08-28T05:03:39.423Z,https://www.predatoryfins.com/products/true-red-terror-cichlid-mesoheros-festae
predatory-fins,True Red Terror Cichlid (Mesoheros festae),,,Mesoheros festae,75,,USD,5 inches,5,in,false,2022-05-18T17:42:04-04:00,2026-08-28T05:03:39.423Z,https://www.predatoryfins.com/products/true-red-terror-cichlid-mesoheros-festae
predatory-fins,True Red Terror Cichlid (Mesoheros festae),,,Mesoheros festae,495,,USD,Adult Breeding Pair,,,false,2022-05-18T17:42:04-04:00,2026-08-28T05:03:39.423Z,https://www.predatoryfins.com/products/true-red-terror-cichlid-mesoheros-festae
predatory-fins,Red Eye Tetra (Moenkhausia sanctaefilomenae),,,Moenkhausia sanctaefilomenae,4,,USD,1.5 - 2 inches,1.75,in,false,2022-05-18T17:22:14-04:00,2026-08-28T05:03:39.423Z,https://www.predatoryfins.com/products/red-eye-tetra-moenkhausia-sanctaefilomenae
predatory-fins,Black Kong Zebra Crayfish (Cherax sp),,,,45,,USD,3 - 4 inches,3.5,in,false,2022-05-02T11:48:45-04:00,2026-08-28T05:03:39.423Z,https://www.predatoryfins.com/products/black-kong-zebra-crayfish-cherax-sp
predatory-fins,Blue Kong Zebra Crayfish (Cherax sp),,,,45,,USD,3 - 4 inches,3.5,in,false,2022-05-02T11:48:07-04:00,2026-08-28T05:03:39.423Z,https://www.predatoryfins.com/products/blue-kong-zebra-crayfish-cherax-sp
predatory-fins,Red Kong Zebra Crayfish (Cherax sp),,,,45,,USD,3 - 4 inches,3.5,in,false,2022-05-02T11:39:16-04:00,2026-08-28T05:03:39.423Z,https://www.predatoryfins.com/products/red-kong-zebra-crayfish-cherax-sp
predatory-fins,Alligator Gar (Atractosteus spatula),,,Atractosteus spatula,35,,USD,2.5 inches,2.5,in,false,2022-05-02T00:53:31-04:00,2026-08-28T05:03:39.423Z,https://www.predatoryfins.com/products/alligator-gar-atractosteus-spatula
predatory-fins,Alligator Gar (Atractosteus spatula),,,Atractosteus spatula,75,,USD,4.5 - 5 inches,4.75,in,false,2022-05-02T00:53:31-04:00,2026-08-28T05:03:39.423Z,https://www.predatoryfins.com/products/alligator-gar-atractosteus-spatula
predatory-fins,Alligator Gar (Atractosteus spatula),,,Atractosteus spatula,250,,USD,12 inches,12,in,false,2022-05-02T00:53:31-04:00,2026-08-28T05:03:39.423Z,https://www.predatoryfins.com/products/alligator-gar-atractosteus-spatula
predatory-fins,Albino Longfin / Veiltail Snow White Oscar Cichlid (Astronotus ocellatus),,,Astronotus ocellatus,30,,USD,2.5 - 3 inches,2.75,in,false,2022-05-02T00:43:16-04:00,2026-08-28T05:03:39.423Z,https://www.predatoryfins.com/products/albino-longfin-veiltail-tiger-oscar-cichlid-astronotus-ocellatus
predatory-fins,Albino Longfin / Veiltail Snow White Oscar Cichlid (Astronotus ocellatus),,,Astronotus ocellatus,45,,USD,4 inches,4,in,false,2022-05-02T00:43:16-04:00,2026-08-28T05:03:39.423Z,https://www.predatoryfins.com/products/albino-longfin-veiltail-tiger-oscar-cichlid-astronotus-ocellatus
predatory-fins,L025 Black Scarlet Cactus Pleco (Pseudacanthicus pirarara),,,Pseudacanthicus pirarara,325,,USD,9 - 10 inches,9.5,in,false,2022-05-02T00:09:32-04:00,2026-08-28T05:03:39.423Z,https://www.predatoryfins.com/products/l025-black-scarlet-cactus-pleco-pseudacanthicus-pirarara
predatory-fins,L025 Black Scarlet Cactus Pleco (Pseudacanthicus pirarara),,,Pseudacanthicus pirarara,650,,USD,"12"" - 14"" inches",12,in,false,2022-05-02T00:09:32-04:00,2026-08-28T05:03:39.423Z,https://www.predatoryfins.com/products/l025-black-scarlet-cactus-pleco-pseudacanthicus-pirarara
predatory-fins,Albino Red Ruby Oscar Cichlid (Astronotus ocellatus),,,Astronotus ocellatus,18,,USD,2  inches,2,in,false,2022-04-28T00:02:04-04:00,2026-08-28T05:03:39.423Z,https://www.predatoryfins.com/products/albino-red-ruby-oscar-cichlid-astronotus-ocellatus
predatory-fins,Albino Red Ruby Oscar Cichlid (Astronotus ocellatus),,,Astronotus ocellatus,25,,USD,2.5 inches,2.5,in,false,2022-04-28T00:02:04-04:00,2026-08-28T05:03:39.423Z,https://www.predatoryfins.com/products/albino-red-ruby-oscar-cichlid-astronotus-ocellatus
predatory-fins,Albino Red Ruby Oscar Cichlid (Astronotus ocellatus),,,Astronotus ocellatus,28,,USD,3  inches,3,in,false,2022-04-28T00:02:04-04:00,2026-08-28T05:03:39.423Z,https://www.predatoryfins.com/products/albino-red-ruby-oscar-cichlid-astronotus-ocellatus
predatory-fins,Albino Red Ruby Oscar Cichlid (Astronotus ocellatus),,,Astronotus ocellatus,18,,USD,3.5 inches,3.5,in,false,2022-04-28T00:02:04-04:00,2026-08-28T05:03:39.423Z,https://www.predatoryfins.com/products/albino-red-ruby-oscar-cichlid-astronotus-ocellatus
predatory-fins,Albino Red Ruby Oscar Cichlid (Astronotus ocellatus),,,Astronotus ocellatus,55,,USD,4 - 4.5 inches,4.25,in,false,2022-04-28T00:02:04-04:00,2026-08-28T05:03:39.423Z,https://www.predatoryfins.com/products/albino-red-ruby-oscar-cichlid-astronotus-ocellatus
predatory-fins,Albino Red Ruby Oscar Cichlid (Astronotus ocellatus),,,Astronotus ocellatus,250,,USD,11 inches,11,in,false,2022-04-28T00:02:04-04:00,2026-08-28T05:03:39.423Z,https://www.predatoryfins.com/products/albino-red-ruby-oscar-cichlid-astronotus-ocellatus
predatory-fins,Electric Blue Acara Cichlid (Andinoacara pulcher),sp_electric_blue_acara,scientific-name,Andinoacara pulcher,18,,USD,1.5 inch,1.5,in,true,2022-04-27T23:50:37-04:00,2026-08-28T05:03:39.423Z,https://www.predatoryfins.com/products/electric-blue-acara-andinoacara-pulcher
predatory-fins,Electric Blue Acara Cichlid (Andinoacara pulcher),sp_electric_blue_acara,scientific-name,Andinoacara pulcher,28,,USD,2 - 2.5 inches,2.25,in,false,2022-04-27T23:50:37-04:00,2026-08-28T05:03:39.423Z,https://www.predatoryfins.com/products/electric-blue-acara-andinoacara-pulcher
predatory-fins,Electric Blue Acara Cichlid (Andinoacara pulcher),sp_electric_blue_acara,scientific-name,Andinoacara pulcher,35,,USD,3 - 3.5 inches,3.25,in,false,2022-04-27T23:50:37-04:00,2026-08-28T05:03:39.423Z,https://www.predatoryfins.com/products/electric-blue-acara-andinoacara-pulcher
predatory-fins,Electric Blue Acara Cichlid (Andinoacara pulcher),sp_electric_blue_acara,scientific-name,Andinoacara pulcher,45,,USD,4 - 5 inches,4.5,in,false,2022-04-27T23:50:37-04:00,2026-08-28T05:03:39.423Z,https://www.predatoryfins.com/products/electric-blue-acara-andinoacara-pulcher
predatory-fins,"Gold Gourami
(Trichogaster trichopterus)",,,Trichogaster trichopterus,18,,USD,3 inches,3,in,false,2022-04-27T01:26:47-04:00,2026-08-28T05:03:39.423Z,https://www.predatoryfins.com/products/copy-of-golden-giant-gourami-osphronemus-goramy
predatory-fins,Vittatus African Tiger Fish (Hydrocynus vittatus),,,Hydrocynus vittatus,65,98,USD,2.5 inches,2.5,in,false,2022-04-27T00:21:22-04:00,2026-08-28T05:03:39.423Z,https://www.predatoryfins.com/products/vittatus-african-tiger-fish-hydrocynus-vittatus
predatory-fins,Vittatus African Tiger Fish (Hydrocynus vittatus),,,Hydrocynus vittatus,95,120,USD,3 - 3.5 inches,3.25,in,false,2022-04-27T00:21:22-04:00,2026-08-28T05:03:39.423Z,https://www.predatoryfins.com/products/vittatus-african-tiger-fish-hydrocynus-vittatus
predatory-fins,Vittatus African Tiger Fish (Hydrocynus vittatus),,,Hydrocynus vittatus,115,,USD,4 - 4.5 inches,4.25,in,false,2022-04-27T00:21:22-04:00,2026-08-28T05:03:39.423Z,https://www.predatoryfins.com/products/vittatus-african-tiger-fish-hydrocynus-vittatus
predatory-fins,Vittatus African Tiger Fish (Hydrocynus vittatus),,,Hydrocynus vittatus,150,,USD,5 - 5.5 inches,5.25,in,false,2022-04-27T00:21:22-04:00,2026-08-28T05:03:39.423Z,https://www.predatoryfins.com/products/vittatus-african-tiger-fish-hydrocynus-vittatus
predatory-fins,Vittatus African Tiger Fish (Hydrocynus vittatus),,,Hydrocynus vittatus,195,,USD,6 - 6.5 inches,6.25,in,false,2022-04-27T00:21:22-04:00,2026-08-28T05:03:39.423Z,https://www.predatoryfins.com/products/vittatus-african-tiger-fish-hydrocynus-vittatus
predatory-fins,West African Green Bichir (Polypterus retropinnis),,,Polypterus retropinnis,80,,USD,3.5 - 4 inches,3.75,in,false,2022-04-26T23:58:06-04:00,2026-08-28T05:03:39.423Z,https://www.predatoryfins.com/products/west-africian-bichir-polypterus-retropinnis
predatory-fins,West African Green Bichir (Polypterus retropinnis),,,Polypterus retropinnis,145,,USD,8 inches,8,in,false,2022-04-26T23:58:06-04:00,2026-08-28T05:03:39.423Z,https://www.predatoryfins.com/products/west-africian-bichir-polypterus-retropinnis
predatory-fins,West African Green Bichir (Polypterus retropinnis),,,Polypterus retropinnis,165,,USD,10 inches,10,in,false,2022-04-26T23:58:06-04:00,2026-08-28T05:03:39.423Z,https://www.predatoryfins.com/products/west-africian-bichir-polypterus-retropinnis
predatory-fins,Angostura Cichlid (Vieja breidohri),,,Vieja breidohri,28,,USD,1.5 inches,1.5,in,false,2022-04-26T00:26:34-04:00,2026-08-28T05:03:39.423Z,https://www.predatoryfins.com/products/angostura-cichlid-vieja-breidohri
predatory-fins,Super Red Monkey Flowerhorn Cichlid (Vieja sp),sp_flowerhorn,alias,,250,,USD,7 to 8 inches (Pale Color),7.5,in,false,2022-04-25T21:18:30-04:00,2026-08-28T05:03:39.423Z,https://www.predatoryfins.com/products/super-red-monkey-flowerhorn-cichlid-vieja-sp
predatory-fins,Red Phoenix Barb (Spinibarbus denticulatus),,,Spinibarbus denticulatus,25,,USD,2 inches,2,in,false,2022-04-24T06:50:30-04:00,2026-08-28T05:03:39.423Z,https://www.predatoryfins.com/products/red-phoenix-barb-spinibarbus-denticulatus
predatory-fins,Red Phoenix Barb (Spinibarbus denticulatus),,,Spinibarbus denticulatus,35,,USD,3 inches,3,in,false,2022-04-24T06:50:30-04:00,2026-08-28T05:03:39.423Z,https://www.predatoryfins.com/products/red-phoenix-barb-spinibarbus-denticulatus
predatory-fins,Red Phoenix Barb (Spinibarbus denticulatus),,,Spinibarbus denticulatus,55,,USD,4 inches,4,in,true,2022-04-24T06:50:30-04:00,2026-08-28T05:03:39.423Z,https://www.predatoryfins.com/products/red-phoenix-barb-spinibarbus-denticulatus
predatory-fins,Red Phoenix Barb (Spinibarbus denticulatus),,,Spinibarbus denticulatus,1200,,USD,16 inches (Select Grade),16,in,false,2022-04-24T06:50:30-04:00,2026-08-28T05:03:39.423Z,https://www.predatoryfins.com/products/red-phoenix-barb-spinibarbus-denticulatus
predatory-fins,Amazon Puffer Fish (Colomesus asellus),,,Colomesus asellus,30,,USD,1.75 - 2 inch,1.88,in,false,2022-04-17T02:44:08-04:00,2026-08-28T05:03:39.423Z,https://www.predatoryfins.com/products/amazon-puffer-fish-colomesus-asellus
predatory-fins,Orange Spot Luna Silver Dollar (Metynnis mola),,,Metynnis mola,28,,USD,3 - 4 inches,3.5,in,false,2022-04-17T02:29:14-04:00,2026-08-28T05:03:39.423Z,https://www.predatoryfins.com/products/orange-spot-luna-silver-dollar-metynnis-mola
predatory-fins,Sangama Cory Catfish (Corydoras virginae),,,Corydoras virginae,15,,USD,2 inches,2,in,false,2022-04-17T01:40:47-04:00,2026-08-28T05:03:39.423Z,https://www.predatoryfins.com/products/sangama-cory-catfish-corydoras-virginae
predatory-fins,Stripetail Eartheater Cichlid (Geophagus winemilleri),,,Geophagus winemilleri,75,,USD,4.5 inches (Short body),4.5,in,false,2022-04-03T13:01:32-04:00,2026-08-28T05:03:39.423Z,https://www.predatoryfins.com/products/stripetail-eartheater-cichlid-geophagus-winemilleri
predatory-fins,Stripetail Eartheater Cichlid (Geophagus winemilleri),,,Geophagus winemilleri,95,,USD,5 - 5.5 inches,5.25,in,false,2022-04-03T13:01:32-04:00,2026-08-28T05:03:39.423Z,https://www.predatoryfins.com/products/stripetail-eartheater-cichlid-geophagus-winemilleri
predatory-fins,Stripetail Eartheater Cichlid (Geophagus winemilleri),,,Geophagus winemilleri,135,,USD,6 - 6.5 inches,6.25,in,false,2022-04-03T13:01:32-04:00,2026-08-28T05:03:39.423Z,https://www.predatoryfins.com/products/stripetail-eartheater-cichlid-geophagus-winemilleri
predatory-fins,Stripetail Eartheater Cichlid (Geophagus winemilleri),,,Geophagus winemilleri,195,,USD,7 - 7.5 inches,7.25,in,false,2022-04-03T13:01:32-04:00,2026-08-28T05:03:39.423Z,https://www.predatoryfins.com/products/stripetail-eartheater-cichlid-geophagus-winemilleri
predatory-fins,Congicus Bichir (Polypterus congicus),,,Polypterus congicus,58,,USD,2.5 inches,2.5,in,false,2022-04-01T00:36:49-04:00,2026-08-28T05:03:39.423Z,https://www.predatoryfins.com/products/congicus-bichir-polypterus-congicus
predatory-fins,Congicus Bichir (Polypterus congicus),,,Polypterus congicus,135,,USD,8 - 9 inches,8.5,in,false,2022-04-01T00:36:49-04:00,2026-08-28T05:03:39.423Z,https://www.predatoryfins.com/products/congicus-bichir-polypterus-congicus
predatory-fins,Congicus Bichir (Polypterus congicus),,,Polypterus congicus,165,,USD,10 - 11 inches,10.5,in,false,2022-04-01T00:36:49-04:00,2026-08-28T05:03:39.423Z,https://www.predatoryfins.com/products/congicus-bichir-polypterus-congicus
predatory-fins,Congicus Bichir (Polypterus congicus),,,Polypterus congicus,275,,USD,15 - 16 inches,15.5,in,false,2022-04-01T00:36:49-04:00,2026-08-28T05:03:39.423Z,https://www.predatoryfins.com/products/congicus-bichir-polypterus-congicus
predatory-fins,Orinoco Cupid Cichlid (Geophagus Biotodoma wavrini),,,,35,,USD,3.5 to 4 inches,3.75,in,false,2022-03-28T22:42:33-04:00,2026-08-28T05:03:39.423Z,https://www.predatoryfins.com/products/orinoco-eartheater-cichlid-geophagus-biotodoma-wavrini
predatory-fins,Copper Red Oscar Cichlid (Astronotus ocellatus),,,Astronotus ocellatus,18,,USD,2 inches,2,in,false,2022-03-28T01:27:38-04:00,2026-08-28T05:03:39.423Z,https://www.predatoryfins.com/products/copper-red-oscar-cichlid-astronotus-ocellatus
predatory-fins,Copper Red Oscar Cichlid (Astronotus ocellatus),,,Astronotus ocellatus,26,,USD,2.5 inches,2.5,in,false,2022-03-28T01:27:38-04:00,2026-08-28T05:03:39.423Z,https://www.predatoryfins.com/products/copper-red-oscar-cichlid-astronotus-ocellatus
predatory-fins,Copper Red Oscar Cichlid (Astronotus ocellatus),,,Astronotus ocellatus,35,,USD,3 - 3.5 inches,3.25,in,false,2022-03-28T01:27:38-04:00,2026-08-28T05:03:39.423Z,https://www.predatoryfins.com/products/copper-red-oscar-cichlid-astronotus-ocellatus
predatory-fins,Copper Red Oscar Cichlid (Astronotus ocellatus),,,Astronotus ocellatus,95,,USD,9 inches,9,in,false,2022-03-28T01:27:38-04:00,2026-08-28T05:03:39.423Z,https://www.predatoryfins.com/products/copper-red-oscar-cichlid-astronotus-ocellatus
predatory-fins,Albino Senegal Bichir (Polypterus senegalus),sp_senegal_bichir,scientific-name,Polypterus senegalus,28,,USD,3.5 - 4 inches,3.75,in,false,2022-03-28T01:14:14-04:00,2026-08-28T05:03:39.423Z,https://www.predatoryfins.com/products/albino-senegal-bichir-polypterus-senegalus
predatory-fins,Albino Senegal Bichir (Polypterus senegalus),sp_senegal_bichir,scientific-name,Polypterus senegalus,55,,USD,5 - 6 inches,5.5,in,false,2022-03-28T01:14:14-04:00,2026-08-28T05:03:39.423Z,https://www.predatoryfins.com/products/albino-senegal-bichir-polypterus-senegalus
predatory-fins,Albino Senegal Bichir (Polypterus senegalus),sp_senegal_bichir,scientific-name,Polypterus senegalus,65,,USD,6 - 7 inches,6.5,in,false,2022-03-28T01:14:14-04:00,2026-08-28T05:03:39.423Z,https://www.predatoryfins.com/products/albino-senegal-bichir-polypterus-senegalus
predatory-fins,Apogon Catfish (Phalacronotus apogon),,,Phalacronotus apogon,25,,USD,2 inches,2,in,false,2022-03-01T20:20:37-05:00,2026-08-28T05:03:39.423Z,https://www.predatoryfins.com/products/apogon-catfish-phalacronotus-apogon
predatory-fins,Apogon Catfish (Phalacronotus apogon),,,Phalacronotus apogon,45,,USD,4 - 4.5 inches,4.25,in,false,2022-03-01T20:20:37-05:00,2026-08-28T05:03:39.423Z,https://www.predatoryfins.com/products/apogon-catfish-phalacronotus-apogon
predatory-fins,Apogon Catfish (Phalacronotus apogon),,,Phalacronotus apogon,75,,USD,5 - 5.5 inches,5.25,in,true,2022-03-01T20:20:37-05:00,2026-08-28T05:03:39.423Z,https://www.predatoryfins.com/products/apogon-catfish-phalacronotus-apogon
predatory-fins,Apogon Catfish (Phalacronotus apogon),,,Phalacronotus apogon,95,,USD,6 - 6.5 inches,6.25,in,false,2022-03-01T20:20:37-05:00,2026-08-28T05:03:39.423Z,https://www.predatoryfins.com/products/apogon-catfish-phalacronotus-apogon
predatory-fins,Albino Metallic Pangasius Shark (Pangasius larnaudii sp),,,Pangasius larnaudii,110,,USD,5 inches,5,in,false,2022-01-17T01:36:20-05:00,2026-08-28T05:03:39.423Z,https://www.predatoryfins.com/products/albino-metallic-pangasius-shark-pangasius-larnaudii-sp
predatory-fins,Leopard Ripsaw Catfish (Oxydoras niger sp),,,Oxydoras niger,45,,USD,1.5 inches,1.5,in,false,2022-01-17T00:32:58-05:00,2026-08-28T05:03:39.423Z,https://www.predatoryfins.com/products/leopard-ripsaw-catfish-oxydoras-niger-sp
predatory-fins,Leopard Ripsaw Catfish (Oxydoras niger sp),,,Oxydoras niger,65,,USD,2.75 - 3 inches,2.88,in,false,2022-01-17T00:32:58-05:00,2026-08-28T05:03:39.423Z,https://www.predatoryfins.com/products/leopard-ripsaw-catfish-oxydoras-niger-sp
predatory-fins,Leopard Ripsaw Catfish (Oxydoras niger sp),,,Oxydoras niger,120,,USD,4.5 - 5 inches,4.75,in,true,2022-01-17T00:32:58-05:00,2026-08-28T05:03:39.423Z,https://www.predatoryfins.com/products/leopard-ripsaw-catfish-oxydoras-niger-sp
predatory-fins,Leopard Ripsaw Catfish (Oxydoras niger sp),,,Oxydoras niger,195,,USD,6 - 7 inches,6.5,in,false,2022-01-17T00:32:58-05:00,2026-08-28T05:03:39.423Z,https://www.predatoryfins.com/products/leopard-ripsaw-catfish-oxydoras-niger-sp
predatory-fins,Peacock Eel (Macrognathus siamensis),,,Macrognathus siamensis,18,,USD,3 - 4 inches,3.5,in,false,2021-12-16T01:23:07-05:00,2026-08-28T05:03:39.423Z,https://www.predatoryfins.com/products/peacock-eel-macrognathus-siamensis
predatory-fins,Peacock Eel (Macrognathus siamensis),,,Macrognathus siamensis,22,,USD,5 - 6 inches,5.5,in,false,2021-12-16T01:23:07-05:00,2026-08-28T05:03:39.423Z,https://www.predatoryfins.com/products/peacock-eel-macrognathus-siamensis
predatory-fins,Golden Shark (Leptobarbus hoevenii),,,Leptobarbus hoevenii,25,,USD,3 -4 inches,3.5,in,true,2021-12-16T01:15:02-05:00,2026-08-28T05:03:39.423Z,https://www.predatoryfins.com/products/golden-shark-leptobarbus-hoevenii
predatory-fins,Banded Archerfish (Toxotes jaculatrix),,,Toxotes jaculatrix,32,,USD,2 - 2.5 inches,2.25,in,false,2021-12-16T00:58:27-05:00,2026-08-28T05:03:39.423Z,https://www.predatoryfins.com/products/banded-archerfish-toxotes-jaculatrix
predatory-fins,Banded Archerfish (Toxotes jaculatrix),,,Toxotes jaculatrix,40,,USD,3 - 3.5 inches,3.25,in,false,2021-12-16T00:58:27-05:00,2026-08-28T05:03:39.423Z,https://www.predatoryfins.com/products/banded-archerfish-toxotes-jaculatrix
predatory-fins,Banded Archerfish (Toxotes jaculatrix),,,Toxotes jaculatrix,55,,USD,4 -4.5 inches,4.25,in,false,2021-12-16T00:58:27-05:00,2026-08-28T05:03:39.423Z,https://www.predatoryfins.com/products/banded-archerfish-toxotes-jaculatrix
predatory-fins,Banded Archerfish (Toxotes jaculatrix),,,Toxotes jaculatrix,195,,USD,5.5 - 6 inches,5.75,in,false,2021-12-16T00:58:27-05:00,2026-08-28T05:03:39.423Z,https://www.predatoryfins.com/products/banded-archerfish-toxotes-jaculatrix
predatory-fins,Unicolor Eel (Mastacembelus unicolor),,,Mastacembelus unicolor,125,,USD,7 - 8 inches,7.5,in,false,2021-12-16T00:35:03-05:00,2026-08-28T05:03:39.423Z,https://www.predatoryfins.com/products/unicolor-eel-mastacembelus-unicolor
predatory-fins,Unicolor Eel (Mastacembelus unicolor),,,Mastacembelus unicolor,155,,USD,11 - 12 inches,11.5,in,false,2021-12-16T00:35:03-05:00,2026-08-28T05:03:39.423Z,https://www.predatoryfins.com/products/unicolor-eel-mastacembelus-unicolor
predatory-fins,Unicolor Eel (Mastacembelus unicolor),,,Mastacembelus unicolor,275,,USD,8 inches (melanistic - all black),8,in,false,2021-12-16T00:35:03-05:00,2026-08-28T05:03:39.423Z,https://www.predatoryfins.com/products/unicolor-eel-mastacembelus-unicolor
predatory-fins,Tiger Moray Eel (Gymnothorax polyuranodon),,,Gymnothorax polyuranodon,195,,USD,8 - 9 inches,8.5,in,true,2021-12-16T00:26:28-05:00,2026-08-28T05:03:39.423Z,https://www.predatoryfins.com/products/tiger-moray-eel-gymnothorax-polyuranodon
predatory-fins,Tiger Moray Eel (Gymnothorax polyuranodon),,,Gymnothorax polyuranodon,235,,USD,10 - 11 inches,10.5,in,true,2021-12-16T00:26:28-05:00,2026-08-28T05:03:39.423Z,https://www.predatoryfins.com/products/tiger-moray-eel-gymnothorax-polyuranodon
predatory-fins,Tiger Moray Eel (Gymnothorax polyuranodon),,,Gymnothorax polyuranodon,295,,USD,14 - 15 inches,14.5,in,true,2021-12-16T00:26:28-05:00,2026-08-28T05:03:39.423Z,https://www.predatoryfins.com/products/tiger-moray-eel-gymnothorax-polyuranodon
predatory-fins,Wolf Cichlid (Parachromis dovii),sp_wolf_cichlid,scientific-name,Parachromis dovii,15,,USD,1 Inch,1,in,false,2021-12-16T00:12:31-05:00,2026-08-28T05:03:39.423Z,https://www.predatoryfins.com/products/wolf-cichlid-parachromis-dovii
predatory-fins,Wolf Cichlid (Parachromis dovii),sp_wolf_cichlid,scientific-name,Parachromis dovii,25,,USD,2 - 2.5 inches,2.25,in,false,2021-12-16T00:12:31-05:00,2026-08-28T05:03:39.423Z,https://www.predatoryfins.com/products/wolf-cichlid-parachromis-dovii
predatory-fins,Wolf Cichlid (Parachromis dovii),sp_wolf_cichlid,scientific-name,Parachromis dovii,30,,USD,3 - 3.5 inches,3.25,in,false,2021-12-16T00:12:31-05:00,2026-08-28T05:03:39.423Z,https://www.predatoryfins.com/products/wolf-cichlid-parachromis-dovii
predatory-fins,Wolf Cichlid (Parachromis dovii),sp_wolf_cichlid,scientific-name,Parachromis dovii,35,,USD,4 inches,4,in,false,2021-12-16T00:12:31-05:00,2026-08-28T05:03:39.423Z,https://www.predatoryfins.com/products/wolf-cichlid-parachromis-dovii
predatory-fins,Wolf Cichlid (Parachromis dovii),sp_wolf_cichlid,scientific-name,Parachromis dovii,40,,USD,4.5 - 5 inches,4.75,in,false,2021-12-16T00:12:31-05:00,2026-08-28T05:03:39.423Z,https://www.predatoryfins.com/products/wolf-cichlid-parachromis-dovii
predatory-fins,Wolf Cichlid (Parachromis dovii),sp_wolf_cichlid,scientific-name,Parachromis dovii,95,,USD,6 - 7 Inches,6.5,in,false,2021-12-16T00:12:31-05:00,2026-08-28T05:03:39.423Z,https://www.predatoryfins.com/products/wolf-cichlid-parachromis-dovii
predatory-fins,Wolf Cichlid (Parachromis dovii),sp_wolf_cichlid,scientific-name,Parachromis dovii,295,,USD,12 - 13 inches,12.5,in,false,2021-12-16T00:12:31-05:00,2026-08-28T05:03:39.423Z,https://www.predatoryfins.com/products/wolf-cichlid-parachromis-dovii
predatory-fins,L397 Alenquer Tiger Pleco (Panaqolus sp.),,,,30,,USD,1.5 inch,1.5,in,false,2021-12-08T14:02:18-05:00,2026-08-28T05:03:39.423Z,https://www.predatoryfins.com/products/l397-alenquer-tiger-pleco-panaqolus-sp
predatory-fins,L397 Alenquer Tiger Pleco (Panaqolus sp.),,,,38,,USD,2 - 2.5 inches,2.25,in,false,2021-12-08T14:02:18-05:00,2026-08-28T05:03:39.423Z,https://www.predatoryfins.com/products/l397-alenquer-tiger-pleco-panaqolus-sp
predatory-fins,L397 Alenquer Tiger Pleco (Panaqolus sp.),,,,48,,USD,3 - 3.5 inches,3.25,in,false,2021-12-08T14:02:18-05:00,2026-08-28T05:03:39.423Z,https://www.predatoryfins.com/products/l397-alenquer-tiger-pleco-panaqolus-sp
predatory-fins,Jack Dempsey Cichlid (Rocio octofasciata),sp_jack_dempsey,scientific-name,Rocio octofasciata,16,,USD,2 inches,2,in,false,2021-12-07T23:48:20-05:00,2026-08-28T05:03:39.423Z,https://www.predatoryfins.com/products/jack-dempsey-cichlid-rocio-octofasciata
predatory-fins,Jack Dempsey Cichlid (Rocio octofasciata),sp_jack_dempsey,scientific-name,Rocio octofasciata,35,,USD,4 inches,4,in,false,2021-12-07T23:48:20-05:00,2026-08-28T05:03:39.423Z,https://www.predatoryfins.com/products/jack-dempsey-cichlid-rocio-octofasciata
predatory-fins,Jack Dempsey Cichlid (Rocio octofasciata),sp_jack_dempsey,scientific-name,Rocio octofasciata,85,,USD,6 - 7 inches,6.5,in,false,2021-12-07T23:48:20-05:00,2026-08-28T05:03:39.423Z,https://www.predatoryfins.com/products/jack-dempsey-cichlid-rocio-octofasciata
predatory-fins,Mokelembembe Bichir (Polypterus mokelembembe),,,Polypterus mokelembembe,75,,USD,5 - 5.5 inches,5.25,in,false,2021-12-07T23:34:55-05:00,2026-08-28T05:03:39.423Z,https://www.predatoryfins.com/products/mokelembembe-bichir-polypterus-mokelembembe
predatory-fins,Mokelembembe Bichir (Polypterus mokelembembe),,,Polypterus mokelembembe,75,135,USD,8 - 9 inches,8.5,in,false,2021-12-07T23:34:55-05:00,2026-08-28T05:03:39.423Z,https://www.predatoryfins.com/products/mokelembembe-bichir-polypterus-mokelembembe
predatory-fins,East Coast Gold Madagascar Cichlid (Ptychochromis grandidieri),,,Ptychochromis grandidieri,45,,USD,3 Inches,3,in,false,2021-12-02T00:15:27-05:00,2026-08-28T05:03:39.423Z,https://www.predatoryfins.com/products/east-coast-gold-madagascar-cichlid-ptychochromis-grandidieri
predatory-fins,Ericotaenia Hap Cichlid (Mylochromis ericotaenia),,,Mylochromis ericotaenia,160,,USD,6 - 7 Inches,6.5,in,false,2021-12-01T23:28:06-05:00,2026-08-28T05:03:39.423Z,https://www.predatoryfins.com/products/ericotaenia-hap-cichlid-mylochromis-ericotaenia
predatory-fins,Big Mouth Hap Cichlid (Tyrannochromis macrostoma),,,Tyrannochromis macrostoma,175,,USD,6 - 7 Inches,6.5,in,false,2021-12-01T23:20:27-05:00,2026-08-28T05:03:39.423Z,https://www.predatoryfins.com/products/big-mouth-hap-cichlid-tyrannochromis-macrostoma
predatory-fins,Borneo Python Eel (Mastacembelus circumcinctus),,,Mastacembelus circumcinctus,110,,USD,6 inches,6,in,false,2021-12-01T23:07:18-05:00,2026-08-28T05:03:39.423Z,https://www.predatoryfins.com/products/borneo-python-eel-mastacembelus-circumcinctus
predatory-fins,Borneo Python Eel (Mastacembelus circumcinctus),,,Mastacembelus circumcinctus,110,,USD,9 inches,9,in,false,2021-12-01T23:07:18-05:00,2026-08-28T05:03:39.423Z,https://www.predatoryfins.com/products/borneo-python-eel-mastacembelus-circumcinctus
predatory-fins,Borneo Python Eel (Mastacembelus circumcinctus),,,Mastacembelus circumcinctus,160,,USD,12 inches,12,in,false,2021-12-01T23:07:18-05:00,2026-08-28T05:03:39.423Z,https://www.predatoryfins.com/products/borneo-python-eel-mastacembelus-circumcinctus
predatory-fins,Borneo Python Eel (Mastacembelus circumcinctus),,,Mastacembelus circumcinctus,250,,USD,15 inches,15,in,false,2021-12-01T23:07:18-05:00,2026-08-28T05:03:39.423Z,https://www.predatoryfins.com/products/borneo-python-eel-mastacembelus-circumcinctus
predatory-fins,Rainbow Shiner (Notropis chrosomus),,,Notropis chrosomus,9,,USD,1.75 - 2 inches,1.88,in,false,2021-12-01T22:55:16-05:00,2026-08-28T05:03:39.423Z,https://www.predatoryfins.com/products/rainbow-shiner-notropis-chrosomus
predatory-fins,L140 Clown Pleco (Peckoltia sp),,,,8,,USD,2 inches,2,in,false,2021-12-01T20:24:53-05:00,2026-08-28T05:03:39.423Z,https://www.predatoryfins.com/products/l140-clown-pleco-peckoltia-sp
predatory-fins,L190 Royal Pleco (Panaque nigrolineatus),,,Panaque nigrolineatus,25,,USD,2 inches,2,in,false,2021-12-01T20:09:09-05:00,2026-08-28T05:03:39.423Z,https://www.predatoryfins.com/products/l190-royal-pleco-panaque-nigrolineatus
predatory-fins,L190 Royal Pleco (Panaque nigrolineatus),,,Panaque nigrolineatus,35,,USD,3 - 3.5 inches,3.25,in,false,2021-12-01T20:09:09-05:00,2026-08-28T05:03:39.423Z,https://www.predatoryfins.com/products/l190-royal-pleco-panaque-nigrolineatus
predatory-fins,L190 Royal Pleco (Panaque nigrolineatus),,,Panaque nigrolineatus,45,,USD,4 - 4.5 inches,4.25,in,false,2021-12-01T20:09:09-05:00,2026-08-28T05:03:39.423Z,https://www.predatoryfins.com/products/l190-royal-pleco-panaque-nigrolineatus
predatory-fins,L190 Royal Pleco (Panaque nigrolineatus),,,Panaque nigrolineatus,175,,USD,9 - 10 inches,9.5,in,false,2021-12-01T20:09:09-05:00,2026-08-28T05:03:39.423Z,https://www.predatoryfins.com/products/l190-royal-pleco-panaque-nigrolineatus
predatory-fins,L050 Spotted Humpbacked Pleco (Hypostomus cochilodon),,,Hypostomus cochilodon,50,,USD,6 inches,6,in,false,2021-12-01T17:49:58-05:00,2026-08-28T05:03:39.423Z,https://www.predatoryfins.com/products/l050-spotted-humpbacked-pleco-hypostomus-cochilodon
predatory-fins,Holiday Toy Drive 2021,,,,5,,USD,$5,,,true,2021-11-30T14:34:06-05:00,2026-08-28T05:03:39.423Z,https://www.predatoryfins.com/products/holiday-toy-drive-2021
predatory-fins,Holiday Toy Drive 2021,,,,10,,USD,$10,,,true,2021-11-30T14:34:06-05:00,2026-08-28T05:03:39.423Z,https://www.predatoryfins.com/products/holiday-toy-drive-2021
predatory-fins,Holiday Toy Drive 2021,,,,20,,USD,$20,,,true,2021-11-30T14:34:06-05:00,2026-08-28T05:03:39.423Z,https://www.predatoryfins.com/products/holiday-toy-drive-2021
predatory-fins,Holiday Toy Drive 2021,,,,100,,USD,$100,,,true,2021-11-30T14:34:06-05:00,2026-08-28T05:03:39.423Z,https://www.predatoryfins.com/products/holiday-toy-drive-2021
predatory-fins,Essequibo Thorny Catfish (Doras micropoeus),,,Doras micropoeus,55,,USD,2 - 2.5 inches,2.25,in,false,2021-11-25T16:45:16-05:00,2026-08-28T05:03:39.423Z,https://www.predatoryfins.com/products/essequibo-thorny-catfish-doras-micropoeus
predatory-fins,Lesser Spiny Eel (Macrognathus aculeatus),,,Macrognathus aculeatus,30,,USD,3 - 4 inches,3.5,in,false,2021-11-25T16:08:49-05:00,2026-08-28T05:03:39.423Z,https://www.predatoryfins.com/products/lesser-spiny-eel-macrognathus-aculeatus
predatory-fins,Golden Mojarra Cichlid (Herichthy bocourti ),,,Herichthy bocourti,18,,USD,1.5 inches,1.5,in,false,2021-11-25T15:59:53-05:00,2026-08-28T05:03:39.423Z,https://www.predatoryfins.com/products/golden-mojarra-cichlid-herichthy-bocourti
predatory-fins,Golden Mojarra Cichlid (Herichthy bocourti ),,,Herichthy bocourti,25,,USD,2 - 2.5 inches,2.25,in,false,2021-11-25T15:59:53-05:00,2026-08-28T05:03:39.423Z,https://www.predatoryfins.com/products/golden-mojarra-cichlid-herichthy-bocourti
predatory-fins,Golden Mojarra Cichlid (Herichthy bocourti ),,,Herichthy bocourti,45,,USD,4 inch,4,in,false,2021-11-25T15:59:53-05:00,2026-08-28T05:03:39.423Z,https://www.predatoryfins.com/products/golden-mojarra-cichlid-herichthy-bocourti
predatory-fins,Lemon Fin Barb (Hypsibarbus wetmorei),,,Hypsibarbus wetmorei,40,,USD,4 inches,4,in,false,2021-11-25T13:31:36-05:00,2026-08-28T05:03:39.423Z,https://www.predatoryfins.com/products/lemon-fin-barb-hypsibarbus-wetmorei
predatory-fins,Lemon Fin Barb (Hypsibarbus wetmorei),,,Hypsibarbus wetmorei,50,,USD,5 inches,5,in,false,2021-11-25T13:31:36-05:00,2026-08-28T05:03:39.423Z,https://www.predatoryfins.com/products/lemon-fin-barb-hypsibarbus-wetmorei
predatory-fins,Albino Peruvian Altum Angelfish (Pterophyllum scalare),,,Pterophyllum scalare,25,,USD,1.5 inches,1.5,in,false,2021-11-25T01:21:08-05:00,2026-08-28T05:03:39.423Z,https://www.predatoryfins.com/products/albino-red-eye-angelfish-pterophyllum-scalare
predatory-fins,Snakehead Gudgeon (Giuris margaritacea),sp_snakehead_gudgeon,scientific-name,Giuris margaritacea,145,,USD,5 - 6 inches,5.5,in,true,2021-11-25T01:08:43-05:00,2026-08-28T05:03:39.423Z,https://www.predatoryfins.com/products/rainbow-snakehead-gudgeon-giuris-margaritacea
predatory-fins,Platinum Longfin Tiger Barb (Puntius tetrazona),,,Puntius tetrazona,18,,USD,1 inch,1,in,false,2021-11-25T01:00:52-05:00,2026-08-28T05:03:39.423Z,https://www.predatoryfins.com/products/platinum-longfin-tiger-barb-puntius-tetrazona
predatory-fins,Green Longfin Balloon Tiger Barb (Puntius tetrazona),,,Puntius tetrazona,28,,USD,1 inch,1,in,false,2021-11-25T00:52:15-05:00,2026-08-28T05:03:39.423Z,https://www.predatoryfins.com/products/green-longfin-balloon-tiger-barb-puntius-tetrazona
predatory-fins,Green Balloon Tiger Barb (Puntius tetrazona),,,Puntius tetrazona,18,,USD,1 inch,1,in,false,2021-11-25T00:44:28-05:00,2026-08-28T05:03:39.423Z,https://www.predatoryfins.com/products/green-balloon-tiger-barb-puntius-tetrazona
predatory-fins,Red Panda Barb (Haludaria fasciata),,,Haludaria fasciata,10,,USD,1 - 1.5 inches,1.25,in,false,2021-11-25T00:42:11-05:00,2026-08-28T05:03:39.423Z,https://www.predatoryfins.com/products/red-panda-barb-haludaria-fasciata
predatory-fins,Sarabia Cichlid (Paraneetroplus bulleri),,,Paraneetroplus bulleri,18,,USD,2 inches,2,in,false,2021-11-25T00:23:32-05:00,2026-08-28T05:03:39.423Z,https://www.predatoryfins.com/products/sarabia-cichlid-paraneetroplus-bulleri
predatory-fins,Silver Cichlid (Vieja argentea),,,Vieja argentea,28,,USD,1.5 inches,1.5,in,false,2021-11-25T00:15:24-05:00,2026-08-28T05:03:39.423Z,https://www.predatoryfins.com/products/silver-cichlid-vieja-argentea
predatory-fins,Silver Cichlid (Vieja argentea),,,Vieja argentea,35,,USD,2 inches,2,in,false,2021-11-25T00:15:24-05:00,2026-08-28T05:03:39.423Z,https://www.predatoryfins.com/products/silver-cichlid-vieja-argentea
predatory-fins,Silver Cichlid (Vieja argentea),,,Vieja argentea,40,,USD,3 Inches,3,in,false,2021-11-25T00:15:24-05:00,2026-08-28T05:03:39.423Z,https://www.predatoryfins.com/products/silver-cichlid-vieja-argentea
predatory-fins,Silver Cichlid (Vieja argentea),,,Vieja argentea,50,,USD,3.5 - 4 Inches,3.75,in,false,2021-11-25T00:15:24-05:00,2026-08-28T05:03:39.423Z,https://www.predatoryfins.com/products/silver-cichlid-vieja-argentea
predatory-fins,Black Wolf Fish (Hoplias curupira),,,Hoplias curupira,95,,USD,3 - 3.5 inches,3.25,in,false,2021-11-25T00:00:29-05:00,2026-08-28T05:03:39.423Z,https://www.predatoryfins.com/products/black-wolf-fish-hoplias-curupira
predatory-fins,Black Wolf Fish (Hoplias curupira),,,Hoplias curupira,110,,USD,5.5 - 6 inches,5.75,in,false,2021-11-25T00:00:29-05:00,2026-08-28T05:03:39.423Z,https://www.predatoryfins.com/products/black-wolf-fish-hoplias-curupira
predatory-fins,Black Wolf Fish (Hoplias curupira),,,Hoplias curupira,165,,USD,7 - 7.5 inches,7.25,in,false,2021-11-25T00:00:29-05:00,2026-08-28T05:03:39.423Z,https://www.predatoryfins.com/products/black-wolf-fish-hoplias-curupira
predatory-fins,Electric Blue Balloon Ram Cichlid (Mikrogeophagus ramirezi),,,Mikrogeophagus ramirezi,15,,USD,1 - 1.5 inches,1.25,in,false,2021-11-24T23:27:48-05:00,2026-08-28T05:03:39.423Z,https://www.predatoryfins.com/products/electric-blue-balloon-ram-cichlid-mikrogeophagus-ramirezi
predatory-fins,T-Bar Cichlid (Amatitlania sajica),,,Amatitlania sajica,29,,USD,1.5 inch,1.5,in,false,2021-11-24T23:16:34-05:00,2026-08-28T05:03:39.423Z,https://www.predatoryfins.com/products/t-bar-cichlid-amatitlania-sajica
predatory-fins,T-Bar Cichlid (Amatitlania sajica),,,Amatitlania sajica,38,,USD,2 inches,2,in,false,2021-11-24T23:16:34-05:00,2026-08-28T05:03:39.423Z,https://www.predatoryfins.com/products/t-bar-cichlid-amatitlania-sajica
predatory-fins,Haitian Cichlid (Nandopsis haitiensis),,,Nandopsis haitiensis,25,,USD,1 - 1.25 inches,1.13,in,false,2021-11-24T22:44:20-05:00,2026-08-28T05:03:39.423Z,https://www.predatoryfins.com/products/haitian-cichlid-nandopsis-haitiensis
predatory-fins,Haitian Cichlid (Nandopsis haitiensis),,,Nandopsis haitiensis,32,,USD,2 inches,2,in,false,2021-11-24T22:44:20-05:00,2026-08-28T05:03:39.423Z,https://www.predatoryfins.com/products/haitian-cichlid-nandopsis-haitiensis
predatory-fins,Rope Fish (Erpetoichthys calabaricus),sp_ropefish,scientific-name,Erpetoichthys calabaricus,28,,USD,8 - 8.5 inches,8.25,in,false,2021-11-24T01:36:41-05:00,2026-08-28T05:03:39.423Z,https://www.predatoryfins.com/products/rope-fish-erpetoichthys-calabaricus
predatory-fins,Rope Fish (Erpetoichthys calabaricus),sp_ropefish,scientific-name,Erpetoichthys calabaricus,35,,USD,10 - 11 inches,10.5,in,false,2021-11-24T01:36:41-05:00,2026-08-28T05:03:39.423Z,https://www.predatoryfins.com/products/rope-fish-erpetoichthys-calabaricus
predatory-fins,Snakeskin Barb (Desmopuntius rhomboocellatus),,,Desmopuntius rhomboocellatus,12,,USD,2 inches,2,in,false,2021-11-24T00:56:53-05:00,2026-08-28T05:03:39.423Z,https://www.predatoryfins.com/products/snakeskin-barb-desmopuntius-rhomboocellatus
predatory-fins,Panda Tinfoil Barb (Barbonymus schwanenfeldii),,,Barbonymus schwanenfeldii,28,,USD,3 - 3.5 inches,3.25,in,false,2021-11-24T00:49:39-05:00,2026-08-28T05:03:39.423Z,https://www.predatoryfins.com/products/panda-tinfoil-barb-barbonymus-schwanenfeldii
predatory-fins,Filament Barb (Dawkinsia filamentosa),,,Dawkinsia filamentosa,12,,USD,1.5 inches,1.5,in,false,2021-11-24T00:43:04-05:00,2026-08-28T05:03:39.423Z,https://www.predatoryfins.com/products/filament-barb-dawkinsia-filamentosa
predatory-fins,Filament Barb (Dawkinsia filamentosa),,,Dawkinsia filamentosa,16.5,,USD,2.5 inches,2.5,in,false,2021-11-24T00:43:04-05:00,2026-08-28T05:03:39.423Z,https://www.predatoryfins.com/products/filament-barb-dawkinsia-filamentosa
predatory-fins,Filament Barb (Dawkinsia filamentosa),,,Dawkinsia filamentosa,20,60,USD,4.5 inches (xl),4.5,in,false,2021-11-24T00:43:04-05:00,2026-08-28T05:03:39.423Z,https://www.predatoryfins.com/products/filament-barb-dawkinsia-filamentosa
predatory-fins,Ansorgii Bichir (Polypterus ansorgii),,,Polypterus ansorgii,45,,USD,3 inches,3,in,false,2021-11-24T00:32:59-05:00,2026-08-28T05:03:39.423Z,https://www.predatoryfins.com/products/ansorgii-bichir-polypterus-ansorgii
predatory-fins,Ansorgii Bichir (Polypterus ansorgii),,,Polypterus ansorgii,75,,USD,5 - 5.5 inches,5.25,in,false,2021-11-24T00:32:59-05:00,2026-08-28T05:03:39.423Z,https://www.predatoryfins.com/products/ansorgii-bichir-polypterus-ansorgii
predatory-fins,Starry Sturgeon (Acipenser stellatus),,,Acipenser stellatus,350,,USD,14 to 16 inches,15,in,false,2021-11-23T23:23:23-05:00,2026-08-28T05:03:39.423Z,https://www.predatoryfins.com/products/starry-sturgeon-acipenser-stellatus
predatory-fins,Golden Giant Gourami (Osphronemus goramy),,,Osphronemus goramy,25,,USD,2 - 2.5 inches,2.25,in,false,2021-11-23T22:57:42-05:00,2026-08-28T05:03:39.423Z,https://www.predatoryfins.com/products/golden-giant-gourami-osphronemus-goramy
predatory-fins,Golden Giant Gourami (Osphronemus goramy),,,Osphronemus goramy,35,,USD,3 - 3.5 inches,3.25,in,false,2021-11-23T22:57:42-05:00,2026-08-28T05:03:39.423Z,https://www.predatoryfins.com/products/golden-giant-gourami-osphronemus-goramy
predatory-fins,Golden Giant Gourami (Osphronemus goramy),,,Osphronemus goramy,45,,USD,4 inches,4,in,false,2021-11-23T22:57:42-05:00,2026-08-28T05:03:39.423Z,https://www.predatoryfins.com/products/golden-giant-gourami-osphronemus-goramy
predatory-fins,Albino Black Shark (Labeo chrysophekadion),,,Labeo chrysophekadion,8,,USD,Default Title,,,false,2021-11-23T22:51:36-05:00,2026-08-28T05:03:39.423Z,https://www.predatoryfins.com/products/albino-black-shark-labeo-chrysophekadion
predatory-fins,Yellowfin Flagtail Prochilodus (Semaprochilodus lacticeps),,,Semaprochilodus lacticeps,25,,USD,4 inches,4,in,false,2021-10-08T01:11:15-04:00,2026-08-28T05:03:39.423Z,https://www.predatoryfins.com/products/yellowfin-flagtail-prochilodus-semaprochilodus-lacticeps
predatory-fins,Yellowfin Flagtail Prochilodus (Semaprochilodus lacticeps),,,Semaprochilodus lacticeps,25,,USD,1.5 inch,1.5,in,false,2021-10-08T01:11:15-04:00,2026-08-28T05:03:39.423Z,https://www.predatoryfins.com/products/yellowfin-flagtail-prochilodus-semaprochilodus-lacticeps
predatory-fins,Red and Black Distichodus (Distichodus noboli lefini),,,Distichodus noboli lefini,25,,USD,1 inch,1,in,false,2021-10-08T00:45:29-04:00,2026-08-28T05:03:39.423Z,https://www.predatoryfins.com/products/red-and-black-distichodus-distichodus-lefini
predatory-fins,Red and Black Distichodus (Distichodus noboli lefini),,,Distichodus noboli lefini,48,,USD,2.5 - 3 inches,2.75,in,false,2021-10-08T00:45:29-04:00,2026-08-28T05:03:39.423Z,https://www.predatoryfins.com/products/red-and-black-distichodus-distichodus-lefini
predatory-fins,Flamengo Pike Cichlid (Crenicichla acutirostris),,,Crenicichla acutirostris,200,,USD,12 inches,12,in,false,2021-10-08T00:22:11-04:00,2026-08-28T05:03:39.423Z,https://www.predatoryfins.com/products/flamengo-pike-cichlid-crenicichla-acutirostris
predatory-fins,L186 Giant Black Cactus Pleco (Pseudacanthicus major),,,Pseudacanthicus major,850,,USD,24 - 26 inches,25,in,false,2021-10-04T22:22:21-04:00,2026-08-28T05:03:39.423Z,https://www.predatoryfins.com/products/l186-giant-black-cactus-pleco-pseudacanthicus-major
predatory-fins,Giant Bumblebee Catfish (Pseudopimelodus bufonius),,,Pseudopimelodus bufonius,30,,USD,2.5 inches,2.5,in,false,2021-10-04T01:45:48-04:00,2026-08-28T05:03:39.423Z,https://www.predatoryfins.com/products/giant-bumblebee-catfish-pseudopimelodus-bufonius
predatory-fins,Giant Bumblebee Catfish (Pseudopimelodus bufonius),,,Pseudopimelodus bufonius,45,,USD,3-3.5 inches,3.25,in,false,2021-10-04T01:45:48-04:00,2026-08-28T05:03:39.423Z,https://www.predatoryfins.com/products/giant-bumblebee-catfish-pseudopimelodus-bufonius
predatory-fins,Giant Bumblebee Catfish (Pseudopimelodus bufonius),,,Pseudopimelodus bufonius,55,,USD,4 - 4.5 inches,4.25,in,false,2021-10-04T01:45:48-04:00,2026-08-28T05:03:39.423Z,https://www.predatoryfins.com/products/giant-bumblebee-catfish-pseudopimelodus-bufonius
predatory-fins,Giant Bumblebee Catfish (Pseudopimelodus bufonius),,,Pseudopimelodus bufonius,65,,USD,5 - 5.5 inches,5.25,in,false,2021-10-04T01:45:48-04:00,2026-08-28T05:03:39.423Z,https://www.predatoryfins.com/products/giant-bumblebee-catfish-pseudopimelodus-bufonius
predatory-fins,Giant Bumblebee Catfish (Pseudopimelodus bufonius),,,Pseudopimelodus bufonius,75,95,USD,6 - 7 inches,6.5,in,false,2021-10-04T01:45:48-04:00,2026-08-28T05:03:39.423Z,https://www.predatoryfins.com/products/giant-bumblebee-catfish-pseudopimelodus-bufonius
predatory-fins,Giant Bumblebee Catfish (Pseudopimelodus bufonius),,,Pseudopimelodus bufonius,150,,USD,10 - 12 inches,11,in,false,2021-10-04T01:45:48-04:00,2026-08-28T05:03:39.423Z,https://www.predatoryfins.com/products/giant-bumblebee-catfish-pseudopimelodus-bufonius
predatory-fins,Super Red Melon Discus (Symphysodon aequifasciatus),,,Symphysodon aequifasciatus,85,,USD,4.5 inches,4.5,in,false,2021-10-04T00:37:31-04:00,2026-08-28T05:03:39.423Z,https://www.predatoryfins.com/products/super-red-melon-discus-symphysodon-aequifasciatus
predatory-fins,Super Red Melon Discus (Symphysodon aequifasciatus),,,Symphysodon aequifasciatus,110,,USD,5 - 5.5 inches,5.25,in,false,2021-10-04T00:37:31-04:00,2026-08-28T05:03:39.423Z,https://www.predatoryfins.com/products/super-red-melon-discus-symphysodon-aequifasciatus
predatory-fins,Golden Sunrise Discus (Symphysodon aequifasciatus),,,Symphysodon aequifasciatus,75,,USD,4.5 inches,4.5,in,false,2021-10-04T00:34:07-04:00,2026-08-28T05:03:39.423Z,https://www.predatoryfins.com/products/golden-sunrise-discus-symphysodon-aequifasciatus
predatory-fins,Tiger Turquoise Discus (Symphysodon aequifasciatus),,,Symphysodon aequifasciatus,185,,USD,5.5 - 6 inches,5.75,in,false,2021-10-04T00:28:32-04:00,2026-08-28T05:03:39.423Z,https://www.predatoryfins.com/products/tiger-turquoise-discus-symphysodon-aequifasciatus
predatory-fins,Reticulated Red Belly Silver Dollar (Myleus sp),,,,150,,USD,4 - 5 inches,4.5,in,false,2021-10-03T01:19:44-04:00,2026-08-28T05:03:39.423Z,https://www.predatoryfins.com/products/reticulated-red-belly-silver-dollar-myleus-sp
predatory-fins,Leucistic Two Spot Tetra (Astyanax bimaculatus),,,Astyanax bimaculatus,7.5,,USD,1 inch,1,in,false,2021-10-03T00:01:22-04:00,2026-08-28T05:03:39.423Z,https://www.predatoryfins.com/products/leucistic-two-spot-tetra-astyanax-bimaculatus
predatory-fins,Leucistic Two Spot Tetra (Astyanax bimaculatus),,,Astyanax bimaculatus,12,,USD,2.5 inches,2.5,in,false,2021-10-03T00:01:22-04:00,2026-08-28T05:03:39.423Z,https://www.predatoryfins.com/products/leucistic-two-spot-tetra-astyanax-bimaculatus
predatory-fins,Snow White Convict Parrot Cichlid (Amatitlania nigrofasciata sp),,,Amatitlania nigrofasciata,15,,USD,1.5 inches,1.5,in,false,2021-09-30T00:13:02-04:00,2026-08-28T05:03:39.423Z,https://www.predatoryfins.com/products/snow-white-convict-parrot-cichlid-amatitlania-nigrofasciata-sp
predatory-fins,Snow White Convict Parrot Cichlid (Amatitlania nigrofasciata sp),,,Amatitlania nigrofasciata,23,,USD,2.5 inches,2.5,in,false,2021-09-30T00:13:02-04:00,2026-08-28T05:03:39.423Z,https://www.predatoryfins.com/products/snow-white-convict-parrot-cichlid-amatitlania-nigrofasciata-sp
predatory-fins,Tailbar Cichlid (Vieja hartwegi),,,Vieja hartwegi,45,,USD,3 - 4 inches,3.5,in,false,2021-09-29T22:21:12-04:00,2026-08-28T05:03:39.423Z,https://www.predatoryfins.com/products/tailbar-cichlid-vieja-hartwegi
predatory-fins,Dwarf Cuckoo Leopard Catfish (Synodontis petricola),,,Synodontis petricola,10,,USD,1 inch,1,in,false,2021-09-27T22:11:23-04:00,2026-08-28T05:03:39.423Z,https://www.predatoryfins.com/products/dwarf-cuckoo-leopard-catfish-synodontis-petricola
predatory-fins,Dwarf Cuckoo Leopard Catfish (Synodontis petricola),,,Synodontis petricola,18,,USD,2 inches,2,in,false,2021-09-27T22:11:23-04:00,2026-08-28T05:03:39.423Z,https://www.predatoryfins.com/products/dwarf-cuckoo-leopard-catfish-synodontis-petricola
predatory-fins,Golden / White Mandarin Perch (Siniperca scherzeri),,,Siniperca scherzeri,350,,USD,3 inches,3,in,false,2021-09-27T20:15:18-04:00,2026-08-28T05:03:39.423Z,https://www.predatoryfins.com/products/golden-white-mandarin-perch-siniperca-scherzeri
predatory-fins,Golden / White Mandarin Perch (Siniperca scherzeri),,,Siniperca scherzeri,350,,USD,3 inches,3,in,false,2021-09-27T20:15:18-04:00,2026-08-28T05:03:39.423Z,https://www.predatoryfins.com/products/golden-white-mandarin-perch-siniperca-scherzeri
predatory-fins,Golden / White Mandarin Perch (Siniperca scherzeri),,,Siniperca scherzeri,350,,USD,3 inches,3,in,false,2021-09-27T20:15:18-04:00,2026-08-28T05:03:39.423Z,https://www.predatoryfins.com/products/golden-white-mandarin-perch-siniperca-scherzeri
predatory-fins,Golden / White Mandarin Perch (Siniperca scherzeri),,,Siniperca scherzeri,1500,,USD,10-11 inches,10.5,in,false,2021-09-27T20:15:18-04:00,2026-08-28T05:03:39.423Z,https://www.predatoryfins.com/products/golden-white-mandarin-perch-siniperca-scherzeri
predatory-fins,Golden / White Mandarin Perch (Siniperca scherzeri),,,Siniperca scherzeri,1500,,USD,10-11 inches,10.5,in,false,2021-09-27T20:15:18-04:00,2026-08-28T05:03:39.423Z,https://www.predatoryfins.com/products/golden-white-mandarin-perch-siniperca-scherzeri
predatory-fins,Golden / White Mandarin Perch (Siniperca scherzeri),,,Siniperca scherzeri,1500,,USD,10-11 inches,10.5,in,false,2021-09-27T20:15:18-04:00,2026-08-28T05:03:39.423Z,https://www.predatoryfins.com/products/golden-white-mandarin-perch-siniperca-scherzeri
predatory-fins,Golden / White Mandarin Perch (Siniperca scherzeri),,,Siniperca scherzeri,1800,,USD,13 - 14 inches,13.5,in,false,2021-09-27T20:15:18-04:00,2026-08-28T05:03:39.423Z,https://www.predatoryfins.com/products/golden-white-mandarin-perch-siniperca-scherzeri
predatory-fins,Golden / White Mandarin Perch (Siniperca scherzeri),,,Siniperca scherzeri,1800,,USD,13 - 14 inches,13.5,in,false,2021-09-27T20:15:18-04:00,2026-08-28T05:03:39.423Z,https://www.predatoryfins.com/products/golden-white-mandarin-perch-siniperca-scherzeri
predatory-fins,Golden / White Mandarin Perch (Siniperca scherzeri),,,Siniperca scherzeri,1800,,USD,13 - 14 inches,13.5,in,false,2021-09-27T20:15:18-04:00,2026-08-28T05:03:39.423Z,https://www.predatoryfins.com/products/golden-white-mandarin-perch-siniperca-scherzeri
predatory-fins,Black Oranda Goldfish (Carassius auratus),,,Carassius auratus,175,,USD,"7"" - 8"" inches",7,in,false,2021-09-25T00:50:26-04:00,2026-08-28T05:03:39.423Z,https://www.predatoryfins.com/products/black-oranda-goldfish-carassius-auratus
predatory-fins,Bucktooth Tetra (Exodon paradox),,,Exodon paradox,5,,USD,.75 - 1 inch,,,false,2021-09-25T00:49:06-04:00,2026-08-28T05:03:39.423Z,https://www.predatoryfins.com/products/bucktooth-tetra-exodon-paradox
predatory-fins,Bucktooth Tetra (Exodon paradox),,,Exodon paradox,7.5,,USD,1.5 inches,1.5,in,false,2021-09-25T00:49:06-04:00,2026-08-28T05:03:39.423Z,https://www.predatoryfins.com/products/bucktooth-tetra-exodon-paradox
predatory-fins,Bucktooth Tetra (Exodon paradox),,,Exodon paradox,8.5,,USD,2 inches,2,in,false,2021-09-25T00:49:06-04:00,2026-08-28T05:03:39.423Z,https://www.predatoryfins.com/products/bucktooth-tetra-exodon-paradox
predatory-fins,Agassizi Corydoras Catfish (Corydoras agassizii),,,Corydoras agassizii,30,,USD,Default Title,,,false,2021-09-25T00:45:04-04:00,2026-08-28T05:03:39.423Z,https://www.predatoryfins.com/products/agassizi-corydoras-catfish-corydoras-agassizii
predatory-fins,Redfin Flagtail Prochilodus (Semaprochilodus taeniurus),,,Semaprochilodus taeniurus,28,,USD,2 inches,2,in,false,2021-09-24T00:07:39-04:00,2026-08-28T05:03:39.423Z,https://www.predatoryfins.com/products/redfin-flagtail-prochilodus-semaprochilodus-taeniurus
predatory-fins,Redfin Flagtail Prochilodus (Semaprochilodus taeniurus),,,Semaprochilodus taeniurus,40,,USD,3.5 - 4 inches,3.75,in,false,2021-09-24T00:07:39-04:00,2026-08-28T05:03:39.423Z,https://www.predatoryfins.com/products/redfin-flagtail-prochilodus-semaprochilodus-taeniurus
predatory-fins,Redfin Flagtail Prochilodus (Semaprochilodus taeniurus),,,Semaprochilodus taeniurus,75,,USD,4.5 inches,4.5,in,false,2021-09-24T00:07:39-04:00,2026-08-28T05:03:39.423Z,https://www.predatoryfins.com/products/redfin-flagtail-prochilodus-semaprochilodus-taeniurus
predatory-fins,Redfin Flagtail Prochilodus (Semaprochilodus taeniurus),,,Semaprochilodus taeniurus,85,,USD,5 inches,5,in,false,2021-09-24T00:07:39-04:00,2026-08-28T05:03:39.423Z,https://www.predatoryfins.com/products/redfin-flagtail-prochilodus-semaprochilodus-taeniurus
predatory-fins,Redfin Flagtail Prochilodus (Semaprochilodus taeniurus),,,Semaprochilodus taeniurus,125,,USD,6 - 6.5 inches,6.25,in,false,2021-09-24T00:07:39-04:00,2026-08-28T05:03:39.423Z,https://www.predatoryfins.com/products/redfin-flagtail-prochilodus-semaprochilodus-taeniurus
predatory-fins,Redfin Flagtail Prochilodus (Semaprochilodus taeniurus),,,Semaprochilodus taeniurus,175,,USD,8 - 9 inches,8.5,in,false,2021-09-24T00:07:39-04:00,2026-08-28T05:03:39.423Z,https://www.predatoryfins.com/products/redfin-flagtail-prochilodus-semaprochilodus-taeniurus
predatory-fins,Cross River Puffer Fish (Tetraodon pustulatus),,,Tetraodon pustulatus,98,,USD,2 inch (Captive Bred - Pure),2,in,false,2021-09-17T01:02:43-04:00,2026-08-28T05:03:39.423Z,https://www.predatoryfins.com/products/cross-river-puffer-fish-tetraodon-pustulatus
predatory-fins,Cross River Puffer Fish (Tetraodon pustulatus),,,Tetraodon pustulatus,650,,USD,4 - 4.5 inches (Select Grade),4.25,in,false,2021-09-17T01:02:43-04:00,2026-08-28T05:03:39.423Z,https://www.predatoryfins.com/products/cross-river-puffer-fish-tetraodon-pustulatus
predatory-fins,Cross River Puffer Fish (Tetraodon pustulatus),,,Tetraodon pustulatus,750,,USD,5 - 5.5 inches (Select Grade),5.25,in,true,2021-09-17T01:02:43-04:00,2026-08-28T05:03:39.423Z,https://www.predatoryfins.com/products/cross-river-puffer-fish-tetraodon-pustulatus
predatory-fins,Cross River Puffer Fish (Tetraodon pustulatus),,,Tetraodon pustulatus,850,,USD,6 - 6.5 inches (Select Grade),6.25,in,false,2021-09-17T01:02:43-04:00,2026-08-28T05:03:39.423Z,https://www.predatoryfins.com/products/cross-river-puffer-fish-tetraodon-pustulatus
predatory-fins,Cross River Puffer Fish (Tetraodon pustulatus),,,Tetraodon pustulatus,950,,USD,7 - 7.5 inches (Select Grade),7.25,in,false,2021-09-17T01:02:43-04:00,2026-08-28T05:03:39.423Z,https://www.predatoryfins.com/products/cross-river-puffer-fish-tetraodon-pustulatus
predatory-fins,Cross River Puffer Fish (Tetraodon pustulatus),,,Tetraodon pustulatus,975,,USD,8 - 8.5 inches (Select Grade),8.25,in,false,2021-09-17T01:02:43-04:00,2026-08-28T05:03:39.423Z,https://www.predatoryfins.com/products/cross-river-puffer-fish-tetraodon-pustulatus
predatory-fins,Cross River Puffer Fish (Tetraodon pustulatus),,,Tetraodon pustulatus,1350,,USD,10 inches,10,in,false,2021-09-17T01:02:43-04:00,2026-08-28T05:03:39.423Z,https://www.predatoryfins.com/products/cross-river-puffer-fish-tetraodon-pustulatus
predatory-fins,Red Tiger Parrot Cichlid (Cichlasoma  sp),,,,65,,USD,3 - 3.5 inches,3.25,in,false,2021-09-16T00:54:29-04:00,2026-08-28T05:03:39.423Z,https://www.predatoryfins.com/products/red-tiger-parrot-cichlid-cichlasoma-sp
predatory-fins,Red Tiger Parrot Cichlid (Cichlasoma  sp),,,,75,,USD,4 - 4.5 inches,4.25,in,false,2021-09-16T00:54:29-04:00,2026-08-28T05:03:39.423Z,https://www.predatoryfins.com/products/red-tiger-parrot-cichlid-cichlasoma-sp
predatory-fins,Red Tiger Parrot Cichlid (Cichlasoma  sp),,,,95,,USD,5 - 5.5 inches,5.25,in,false,2021-09-16T00:54:29-04:00,2026-08-28T05:03:39.423Z,https://www.predatoryfins.com/products/red-tiger-parrot-cichlid-cichlasoma-sp
predatory-fins,White Parrot Cichlid (Cichlasoma sp),,,,85,,USD,4 - 4.5 inches,4.25,in,false,2021-09-16T00:52:03-04:00,2026-08-28T05:03:39.423Z,https://www.predatoryfins.com/products/white-parrot-cichlid-cichlasoma-sp
predatory-fins,White Parrot Cichlid (Cichlasoma sp),,,,95,,USD,5 - 5.5 inches,5.25,in,false,2021-09-16T00:52:03-04:00,2026-08-28T05:03:39.423Z,https://www.predatoryfins.com/products/white-parrot-cichlid-cichlasoma-sp
predatory-fins,White Parrot Cichlid (Cichlasoma sp),,,,120,,USD,6 - 6.5 inches,6.25,in,false,2021-09-16T00:52:03-04:00,2026-08-28T05:03:39.423Z,https://www.predatoryfins.com/products/white-parrot-cichlid-cichlasoma-sp
predatory-fins,Golden / Yellow and White Parrot Cichlid (Cichlasoma sp),,,,75,,USD,3.5 inches,3.5,in,false,2021-09-16T00:50:47-04:00,2026-08-28T05:03:39.423Z,https://www.predatoryfins.com/products/yellow-and-white-parrot-cichlid-cichlasoma-sp
predatory-fins,Golden / Yellow and White Parrot Cichlid (Cichlasoma sp),,,,85,,USD,4 - 4.5 inches,4.25,in,false,2021-09-16T00:50:47-04:00,2026-08-28T05:03:39.423Z,https://www.predatoryfins.com/products/yellow-and-white-parrot-cichlid-cichlasoma-sp
predatory-fins,Golden / Yellow and White Parrot Cichlid (Cichlasoma sp),,,,95,,USD,5 - 5.5 inches,5.25,in,true,2021-09-16T00:50:47-04:00,2026-08-28T05:03:39.423Z,https://www.predatoryfins.com/products/yellow-and-white-parrot-cichlid-cichlasoma-sp
predatory-fins,Black Pacu (Colossoma macropomum),,,Colossoma macropomum,400,,USD,"2""-3"" inches",2,in,false,2021-09-14T23:36:58-04:00,2026-08-28T05:03:39.423Z,https://www.predatoryfins.com/products/black-pacu-colossoma-macropomum
predatory-fins,Smokey Blue Angelfish (Pterophyllum scalare sp),,,Pterophyllum scalare,28,,USD,2 inches,2,in,false,2021-09-14T22:55:45-04:00,2026-08-28T05:03:39.423Z,https://www.predatoryfins.com/products/smokey-blue-angelfish-pterophyllum-scalare-sp
predatory-fins,Smokey Blue Angelfish (Pterophyllum scalare sp),,,Pterophyllum scalare,38,45,USD,3.5 inches,3.5,in,false,2021-09-14T22:55:45-04:00,2026-08-28T05:03:39.423Z,https://www.predatoryfins.com/products/smokey-blue-angelfish-pterophyllum-scalare-sp
predatory-fins,Smokey Blue Angelfish (Pterophyllum scalare sp),,,Pterophyllum scalare,95,,USD,4.5 - 5 inches (adult),4.75,in,false,2021-09-14T22:55:45-04:00,2026-08-28T05:03:39.423Z,https://www.predatoryfins.com/products/smokey-blue-angelfish-pterophyllum-scalare-sp
predatory-fins,Marble Blue Angelfish (Pterophyllum scalare sp),,,Pterophyllum scalare,25,,USD,1.5 inches,1.5,in,false,2021-09-14T22:49:40-04:00,2026-08-28T05:03:39.423Z,https://www.predatoryfins.com/products/marble-blue-angelfish-pterophyllum-scalare-sp
predatory-fins,Marble Blue Angelfish (Pterophyllum scalare sp),,,Pterophyllum scalare,29,,USD,2 inches,2,in,false,2021-09-14T22:49:40-04:00,2026-08-28T05:03:39.423Z,https://www.predatoryfins.com/products/marble-blue-angelfish-pterophyllum-scalare-sp
predatory-fins,Marble Blue Angelfish (Pterophyllum scalare sp),,,Pterophyllum scalare,38,,USD,3 inches,3,in,false,2021-09-14T22:49:40-04:00,2026-08-28T05:03:39.423Z,https://www.predatoryfins.com/products/marble-blue-angelfish-pterophyllum-scalare-sp
predatory-fins,Marble Blue Angelfish (Pterophyllum scalare sp),,,Pterophyllum scalare,38,,USD,3 inches (Veiltail),3,in,false,2021-09-14T22:49:40-04:00,2026-08-28T05:03:39.423Z,https://www.predatoryfins.com/products/marble-blue-angelfish-pterophyllum-scalare-sp
predatory-fins,Marble Blue Angelfish (Pterophyllum scalare sp),,,Pterophyllum scalare,45,,USD,3.5 - 4 inches (Veiltail),3.75,in,false,2021-09-14T22:49:40-04:00,2026-08-28T05:03:39.423Z,https://www.predatoryfins.com/products/marble-blue-angelfish-pterophyllum-scalare-sp
predatory-fins,Marble Blue Angelfish (Pterophyllum scalare sp),,,Pterophyllum scalare,95,,USD,5 inch (adult),5,in,false,2021-09-14T22:49:40-04:00,2026-08-28T05:03:39.423Z,https://www.predatoryfins.com/products/marble-blue-angelfish-pterophyllum-scalare-sp
predatory-fins,Albino Red Cap Angelfish (Pterophyllum scalare),,,Pterophyllum scalare,35,,USD,1.5 inches,1.5,in,false,2021-09-14T22:17:27-04:00,2026-08-28T05:03:39.423Z,https://www.predatoryfins.com/products/albino-red-cap-angelfish-pterophyllum-scalare
predatory-fins,Albino Red Cap Angelfish (Pterophyllum scalare),,,Pterophyllum scalare,40,,USD,2 - 2.5 inches,2.25,in,false,2021-09-14T22:17:27-04:00,2026-08-28T05:03:39.423Z,https://www.predatoryfins.com/products/albino-red-cap-angelfish-pterophyllum-scalare
predatory-fins,Albino Red Cap Angelfish (Pterophyllum scalare),,,Pterophyllum scalare,45,,USD,3 inches,3,in,false,2021-09-14T22:17:27-04:00,2026-08-28T05:03:39.423Z,https://www.predatoryfins.com/products/albino-red-cap-angelfish-pterophyllum-scalare
predatory-fins,Albino Red Cap Angelfish (Pterophyllum scalare),,,Pterophyllum scalare,60,,USD,3.5 - 4 inches,3.75,in,false,2021-09-14T22:17:27-04:00,2026-08-28T05:03:39.423Z,https://www.predatoryfins.com/products/albino-red-cap-angelfish-pterophyllum-scalare
predatory-fins,Pinktail Chalceus (Chalceus macrolepidotus),sp_pinktail_chalceus,scientific-name,Chalceus macrolepidotus,16,,USD,2.5 inches,2.5,in,false,2021-09-06T01:43:06-04:00,2026-08-28T05:03:39.423Z,https://www.predatoryfins.com/products/pinktail-chalceus-chalceus-macrolepidotus
predatory-fins,Pinktail Chalceus (Chalceus macrolepidotus),sp_pinktail_chalceus,scientific-name,Chalceus macrolepidotus,20,,USD,3 - 3.5 inches,3.25,in,false,2021-09-06T01:43:06-04:00,2026-08-28T05:03:39.423Z,https://www.predatoryfins.com/products/pinktail-chalceus-chalceus-macrolepidotus
predatory-fins,Pinktail Chalceus (Chalceus macrolepidotus),sp_pinktail_chalceus,scientific-name,Chalceus macrolepidotus,10,30,USD,4 - 4.5 inches,4.25,in,false,2021-09-06T01:43:06-04:00,2026-08-28T05:03:39.423Z,https://www.predatoryfins.com/products/pinktail-chalceus-chalceus-macrolepidotus
predatory-fins,Tiger Stingray (Potamotrygon tigrina),,,Potamotrygon tigrina,900,,USD,"10"" inches",10,in,false,2021-09-06T01:38:04-04:00,2026-08-28T05:03:39.423Z,https://www.predatoryfins.com/products/tiger-stingray-potamotrygon-tigrina
predatory-fins,Tiger Stingray (Potamotrygon tigrina),,,Potamotrygon tigrina,1800,,USD,10 - 11 inches,10.5,in,false,2021-09-06T01:38:04-04:00,2026-08-28T05:03:39.423Z,https://www.predatoryfins.com/products/tiger-stingray-potamotrygon-tigrina
predatory-fins,Super Spot Designer Hybrid Freshwater Stingray (Potamotrygon sp),,,,425,,USD,4.5 - 5 inches,4.75,in,false,2021-09-06T01:38:03-04:00,2026-08-28T05:03:39.423Z,https://www.predatoryfins.com/products/super-spot-designer-hybrid-freshwater-stingray-potamotrygon-jabuti
predatory-fins,Silver Datnoid Tiger Fish (Datnioides polota),,,Datnioides polota,35,,USD,2.5 inches,2.5,in,false,2021-09-06T01:37:13-04:00,2026-08-28T05:03:39.423Z,https://www.predatoryfins.com/products/silver-datnoid-tiger-fish-datnioides-polota
predatory-fins,Silver Datnoid Tiger Fish (Datnioides polota),,,Datnioides polota,100,,USD,4 - 5 inches,4.5,in,false,2021-09-06T01:37:13-04:00,2026-08-28T05:03:39.423Z,https://www.predatoryfins.com/products/silver-datnoid-tiger-fish-datnioides-polota
predatory-fins,Leopard Mandarin Perch (Siniperca scherzeri),,,Siniperca scherzeri,65,,USD,4 - 5 Inches,4.5,in,false,2021-09-06T01:36:31-04:00,2026-08-28T05:03:39.423Z,https://www.predatoryfins.com/products/leopard-mandarin-perch-siniperca-scherzeri
predatory-fins,Leopard Mandarin Perch (Siniperca scherzeri),,,Siniperca scherzeri,150,,USD,6 - 7 Inches,6.5,in,false,2021-09-06T01:36:31-04:00,2026-08-28T05:03:39.423Z,https://www.predatoryfins.com/products/leopard-mandarin-perch-siniperca-scherzeri
predatory-fins,Mangrove Snapper (Lutjanus griseus),,,Lutjanus griseus,100,,USD,"5"" - 7"" inches",5,in,false,2021-09-06T01:36:30-04:00,2026-08-28T05:03:39.423Z,https://www.predatoryfins.com/products/mangrove-snapper-lutjanus-griseus
predatory-fins,Mangrove Snapper (Lutjanus griseus),,,Lutjanus griseus,150,,USD,"7""- 10"" Inches",7,in,false,2021-09-06T01:36:30-04:00,2026-08-28T05:03:39.423Z,https://www.predatoryfins.com/products/mangrove-snapper-lutjanus-griseus
predatory-fins,Murray Cod (Maccullochella peelii),,,Maccullochella peelii,75,,USD,3 inches,3,in,false,2021-09-06T01:36:29-04:00,2026-08-28T05:03:39.423Z,https://www.predatoryfins.com/products/murray-cod-maccullochella-peelii
predatory-fins,Murray Cod (Maccullochella peelii),,,Maccullochella peelii,195,,USD,"5"" - 6"" inches",5,in,false,2021-09-06T01:36:29-04:00,2026-08-28T05:03:39.423Z,https://www.predatoryfins.com/products/murray-cod-maccullochella-peelii
predatory-fins,Red Scat (Scatophagus argus),,,Scatophagus argus,25,,USD,2.5” - 3” inches,,,false,2021-09-06T01:36:24-04:00,2026-08-28T05:03:39.423Z,https://www.predatoryfins.com/products/red-scat-scatophagus-argus
predatory-fins,Six Banded Distichodus (Distichodus sexfasciatus),,,Distichodus sexfasciatus,28,,USD,1.5 inches,1.5,in,false,2021-09-06T01:36:24-04:00,2026-08-28T05:03:39.423Z,https://www.predatoryfins.com/products/six-banded-distichodus-distichodus-sexfasciatus
predatory-fins,Six Banded Distichodus (Distichodus sexfasciatus),,,Distichodus sexfasciatus,38,,USD,2 inches,2,in,false,2021-09-06T01:36:24-04:00,2026-08-28T05:03:39.423Z,https://www.predatoryfins.com/products/six-banded-distichodus-distichodus-sexfasciatus
predatory-fins,Six Banded Distichodus (Distichodus sexfasciatus),,,Distichodus sexfasciatus,48,,USD,3 inches,3,in,false,2021-09-06T01:36:24-04:00,2026-08-28T05:03:39.423Z,https://www.predatoryfins.com/products/six-banded-distichodus-distichodus-sexfasciatus
predatory-fins,Six Banded Distichodus (Distichodus sexfasciatus),,,Distichodus sexfasciatus,75,,USD,4 inches,4,in,false,2021-09-06T01:36:24-04:00,2026-08-28T05:03:39.423Z,https://www.predatoryfins.com/products/six-banded-distichodus-distichodus-sexfasciatus
predatory-fins,Six Banded Distichodus (Distichodus sexfasciatus),,,Distichodus sexfasciatus,95,,USD,4.5 - 5 inches,4.75,in,false,2021-09-06T01:36:24-04:00,2026-08-28T05:03:39.423Z,https://www.predatoryfins.com/products/six-banded-distichodus-distichodus-sexfasciatus
predatory-fins,Paddlefish (Polyodon spathula),,,Polyodon spathula,175,,USD,6 inches,6,in,true,2021-09-06T01:36:24-04:00,2026-08-28T05:03:39.423Z,https://www.predatoryfins.com/products/paddlefish-polyodon-spathula
predatory-fins,Paddlefish (Polyodon spathula),,,Polyodon spathula,195,,USD,7 inches,7,in,true,2021-09-06T01:36:24-04:00,2026-08-28T05:03:39.423Z,https://www.predatoryfins.com/products/paddlefish-polyodon-spathula
predatory-fins,Paddlefish (Polyodon spathula),,,Polyodon spathula,235,,USD,8 - 9 inches,8.5,in,false,2021-09-06T01:36:24-04:00,2026-08-28T05:03:39.423Z,https://www.predatoryfins.com/products/paddlefish-polyodon-spathula
predatory-fins,Paddlefish (Polyodon spathula),,,Polyodon spathula,250,,USD,11 - 12 inches,11.5,in,false,2021-09-06T01:36:24-04:00,2026-08-28T05:03:39.423Z,https://www.predatoryfins.com/products/paddlefish-polyodon-spathula
predatory-fins,Targetfish (Terapon Jarbua),,,,18,,USD,"1"" to 2"" inches",1,in,false,2021-09-06T01:36:23-04:00,2026-08-28T05:03:39.423Z,https://www.predatoryfins.com/products/targetfish-terapon-jarbua
predatory-fins,Amazon Leaf Fish (Monocirrhus polyacanthus),,,Monocirrhus polyacanthus,30,,USD,"3"" inches",3,in,false,2021-09-06T01:36:22-04:00,2026-08-28T05:03:39.423Z,https://www.predatoryfins.com/products/amazon-leaf-fish-monocirrhus-polyacanthus
predatory-fins,Ornate Catfish (Pimelodus ornatus),,,Pimelodus ornatus,60,,USD,1.5- 2 inches,1.75,in,false,2021-09-06T01:34:51-04:00,2026-08-28T05:03:39.423Z,https://www.predatoryfins.com/products/ornate-catfish-pimelodus-ornatus
predatory-fins,Ornate Catfish (Pimelodus ornatus),,,Pimelodus ornatus,75,,USD,3.5 - 4 inches,3.75,in,false,2021-09-06T01:34:51-04:00,2026-08-28T05:03:39.423Z,https://www.predatoryfins.com/products/ornate-catfish-pimelodus-ornatus
predatory-fins,Ornate Catfish (Pimelodus ornatus),,,Pimelodus ornatus,110,,USD,6 - 6.5 inches,6.25,in,false,2021-09-06T01:34:51-04:00,2026-08-28T05:03:39.423Z,https://www.predatoryfins.com/products/ornate-catfish-pimelodus-ornatus
predatory-fins,True Piraiba Catfish (Brachyplatystoma filamentosum),,,Brachyplatystoma filamentosum,110,,USD,1 - 1.5 inches (Peru),1.25,in,false,2021-09-06T01:34:50-04:00,2026-08-28T05:03:39.423Z,https://www.predatoryfins.com/products/true-piraiba-catfish-brachyplatystoma-filamentosum
predatory-fins,True Piraiba Catfish (Brachyplatystoma filamentosum),,,Brachyplatystoma filamentosum,120,,USD,3 - 3.5 inches (Peru),3.25,in,false,2021-09-06T01:34:50-04:00,2026-08-28T05:03:39.423Z,https://www.predatoryfins.com/products/true-piraiba-catfish-brachyplatystoma-filamentosum
predatory-fins,True Piraiba Catfish (Brachyplatystoma filamentosum),,,Brachyplatystoma filamentosum,350,,USD,6 - 6.5 inches,6.25,in,false,2021-09-06T01:34:50-04:00,2026-08-28T05:03:39.423Z,https://www.predatoryfins.com/products/true-piraiba-catfish-brachyplatystoma-filamentosum
predatory-fins,True Piraiba Catfish (Brachyplatystoma filamentosum),,,Brachyplatystoma filamentosum,595,,USD,9 - 10 inches,9.5,in,false,2021-09-06T01:34:50-04:00,2026-08-28T05:03:39.423Z,https://www.predatoryfins.com/products/true-piraiba-catfish-brachyplatystoma-filamentosum
predatory-fins,True Piraiba Catfish (Brachyplatystoma filamentosum),,,Brachyplatystoma filamentosum,695,,USD,13 - 14 inches,13.5,in,false,2021-09-06T01:34:50-04:00,2026-08-28T05:03:39.423Z,https://www.predatoryfins.com/products/true-piraiba-catfish-brachyplatystoma-filamentosum
predatory-fins,Rock Bacu Catfish (Lithodoras dorsalis),,,Lithodoras dorsalis,175,,USD,6 - 8 inches,7,in,false,2021-09-06T01:34:49-04:00,2026-08-28T05:03:39.423Z,https://www.predatoryfins.com/products/rock-bacu-catfish-lithodoras-dorsalis
predatory-fins,Marbled Chameleon Whiptail (Pseudohemiodon sp),,,,98,,USD,7 -8 inches,7.5,in,false,2021-09-06T01:31:20-04:00,2026-08-28T05:03:39.423Z,https://www.predatoryfins.com/products/marbled-chameleon-whiptail-pseudohemiodon-sp
predatory-fins,Super Red Severum (Heros severus),sp_green_severum,scientific-name,Heros severus,45,,USD,2.5 inches,2.5,in,false,2021-09-06T01:29:11-04:00,2026-08-28T05:03:39.423Z,https://www.predatoryfins.com/products/super-red-severum-heros-severus
predatory-fins,Super Red Severum (Heros severus),sp_green_severum,scientific-name,Heros severus,95,,USD,4.5 - 5 inches,4.75,in,false,2021-09-06T01:29:11-04:00,2026-08-28T05:03:39.423Z,https://www.predatoryfins.com/products/super-red-severum-heros-severus
predatory-fins,Super Red Severum (Heros severus),sp_green_severum,scientific-name,Heros severus,165,,USD,5.5 - 6 inches,5.75,in,false,2021-09-06T01:29:11-04:00,2026-08-28T05:03:39.423Z,https://www.predatoryfins.com/products/super-red-severum-heros-severus
predatory-fins,Super Red Severum (Heros severus),sp_green_severum,scientific-name,Heros severus,185,,USD,7 inches,7,in,false,2021-09-06T01:29:11-04:00,2026-08-28T05:03:39.423Z,https://www.predatoryfins.com/products/super-red-severum-heros-severus
predatory-fins,L191 Broken Line Royal Pleco (Panaque nigrolineatus),,,Panaque nigrolineatus,28,,USD,2.5 - 3 inches,2.75,in,false,2021-09-06T01:27:42-04:00,2026-08-28T05:03:39.423Z,https://www.predatoryfins.com/products/l191-broken-line-royal-pleco-panaque-nigrolineatus
predatory-fins,L191 Broken Line Royal Pleco (Panaque nigrolineatus),,,Panaque nigrolineatus,38,,USD,3.5 - 4 inches,3.75,in,false,2021-09-06T01:27:42-04:00,2026-08-28T05:03:39.423Z,https://www.predatoryfins.com/products/l191-broken-line-royal-pleco-panaque-nigrolineatus
predatory-fins,L191 Broken Line Royal Pleco (Panaque nigrolineatus),,,Panaque nigrolineatus,55,,USD,4.5 - 5 inches,4.75,in,false,2021-09-06T01:27:42-04:00,2026-08-28T05:03:39.423Z,https://www.predatoryfins.com/products/l191-broken-line-royal-pleco-panaque-nigrolineatus
predatory-fins,L191 Broken Line Royal Pleco (Panaque nigrolineatus),,,Panaque nigrolineatus,195,,USD,11 - 12 inches,11.5,in,false,2021-09-06T01:27:42-04:00,2026-08-28T05:03:39.423Z,https://www.predatoryfins.com/products/l191-broken-line-royal-pleco-panaque-nigrolineatus
predatory-fins,L257 Tiger Pleco (Pseudolithoxus tigris),,,Pseudolithoxus tigris,25,,USD,"2""-3"" inches",2,in,false,2021-09-06T01:27:41-04:00,2026-08-28T05:03:39.423Z,https://www.predatoryfins.com/products/l257-tiger-pleco-pseudolithoxus-tigris
predatory-fins,L387 Gold Zebra Peckoltia (Ancistomus sp),,,,25,,USD,"2""-3"" inches",2,in,false,2021-09-06T01:27:40-04:00,2026-08-28T05:03:39.423Z,https://www.predatoryfins.com/products/l387-gold-zebra-peckoltia-ancistomus-sp
predatory-fins,L600 Leopard Cactus Pleco (Pseudacanthicus Leopardus),,,,65,,USD,1.5 - 1.75 inches (Red Fins),1.63,in,false,2021-09-06T01:27:40-04:00,2026-08-28T05:03:39.423Z,https://www.predatoryfins.com/products/l600-leopard-cactus-pleco-pseudacanthicus-leopardus
predatory-fins,L600 Leopard Cactus Pleco (Pseudacanthicus Leopardus),,,,75,,USD,2 - 2.5 inches (Red Fins),2.25,in,false,2021-09-06T01:27:40-04:00,2026-08-28T05:03:39.423Z,https://www.predatoryfins.com/products/l600-leopard-cactus-pleco-pseudacanthicus-leopardus
predatory-fins,L600 Leopard Cactus Pleco (Pseudacanthicus Leopardus),,,,95,,USD,3 - 3.5 inches (Red Fins),3.25,in,false,2021-09-06T01:27:40-04:00,2026-08-28T05:03:39.423Z,https://www.predatoryfins.com/products/l600-leopard-cactus-pleco-pseudacanthicus-leopardus
predatory-fins,L600 Leopard Cactus Pleco (Pseudacanthicus Leopardus),,,,125,,USD,4 - 4.5 inches (Red Fins),4.25,in,true,2021-09-06T01:27:40-04:00,2026-08-28T05:03:39.423Z,https://www.predatoryfins.com/products/l600-leopard-cactus-pleco-pseudacanthicus-leopardus
predatory-fins,L600 Leopard Cactus Pleco (Pseudacanthicus Leopardus),,,,175,,USD,5 - 5.5 inches (Red Fins),5.25,in,false,2021-09-06T01:27:40-04:00,2026-08-28T05:03:39.423Z,https://www.predatoryfins.com/products/l600-leopard-cactus-pleco-pseudacanthicus-leopardus
predatory-fins,L600 Leopard Cactus Pleco (Pseudacanthicus Leopardus),,,,365,,USD,6.5 - 7 inches,6.75,in,false,2021-09-06T01:27:40-04:00,2026-08-28T05:03:39.423Z,https://www.predatoryfins.com/products/l600-leopard-cactus-pleco-pseudacanthicus-leopardus
predatory-fins,L600 Leopard Cactus Pleco (Pseudacanthicus Leopardus),,,,395,,USD,8 inches,8,in,false,2021-09-06T01:27:40-04:00,2026-08-28T05:03:39.423Z,https://www.predatoryfins.com/products/l600-leopard-cactus-pleco-pseudacanthicus-leopardus
predatory-fins,L600 Leopard Cactus Pleco (Pseudacanthicus Leopardus),,,,475,,USD,11 - 12 inches,11.5,in,false,2021-09-06T01:27:40-04:00,2026-08-28T05:03:39.423Z,https://www.predatoryfins.com/products/l600-leopard-cactus-pleco-pseudacanthicus-leopardus
predatory-fins,L027 Tocantins Gold Line Royal Pleco (Panaque armbrusteri),,,Panaque armbrusteri,59,,USD,2.5 - 3 inches,2.75,in,false,2021-09-06T01:27:39-04:00,2026-08-28T05:03:39.423Z,https://www.predatoryfins.com/products/l027-tocantins-gold-line-royal-pleco-panaque-armbrusteri
predatory-fins,L027 Tocantins Gold Line Royal Pleco (Panaque armbrusteri),,,Panaque armbrusteri,90,,USD,4 - 5 inches,4.5,in,false,2021-09-06T01:27:39-04:00,2026-08-28T05:03:39.423Z,https://www.predatoryfins.com/products/l027-tocantins-gold-line-royal-pleco-panaque-armbrusteri
predatory-fins,L027 Tocantins Gold Line Royal Pleco (Panaque armbrusteri),,,Panaque armbrusteri,325,,USD,10” - 11” inches,,,false,2021-09-06T01:27:39-04:00,2026-08-28T05:03:39.423Z,https://www.predatoryfins.com/products/l027-tocantins-gold-line-royal-pleco-panaque-armbrusteri
predatory-fins,Maroni Eartheater Cichlid (Geophagus harreri),,,Geophagus harreri,125,,USD,"4"" - 5"" Inches",4,in,false,2021-09-06T01:25:34-04:00,2026-08-28T05:03:39.423Z,https://www.predatoryfins.com/products/maroni-eartheater-cichlid-geophagus-harreri
predatory-fins,Red Striped Eartheater Cichlid (Geophagus surinamensis),,,Geophagus surinamensis,28,,USD,3 - 3.5 inches,3.25,in,false,2021-09-06T01:25:32-04:00,2026-08-28T05:03:39.423Z,https://www.predatoryfins.com/products/red-striped-eartheater-cichlid-geophagus-surinamensis
predatory-fins,Red Striped Eartheater Cichlid (Geophagus surinamensis),,,Geophagus surinamensis,60,,USD,4 - 4.5 inches,4.25,in,false,2021-09-06T01:25:32-04:00,2026-08-28T05:03:39.423Z,https://www.predatoryfins.com/products/red-striped-eartheater-cichlid-geophagus-surinamensis
predatory-fins,Red Striped Eartheater Cichlid (Geophagus surinamensis),,,Geophagus surinamensis,85,,USD,5 - 5.5 inches,5.25,in,false,2021-09-06T01:25:32-04:00,2026-08-28T05:03:39.423Z,https://www.predatoryfins.com/products/red-striped-eartheater-cichlid-geophagus-surinamensis
predatory-fins,Red Striped Eartheater Cichlid (Geophagus surinamensis),,,Geophagus surinamensis,120,,USD,6 - 6.5 inches,6.25,in,false,2021-09-06T01:25:32-04:00,2026-08-28T05:03:39.423Z,https://www.predatoryfins.com/products/red-striped-eartheater-cichlid-geophagus-surinamensis
predatory-fins,Red Striped Eartheater Cichlid (Geophagus surinamensis),,,Geophagus surinamensis,150,,USD,7 - 7.5 inches,7.25,in,false,2021-09-06T01:25:32-04:00,2026-08-28T05:03:39.423Z,https://www.predatoryfins.com/products/red-striped-eartheater-cichlid-geophagus-surinamensis
predatory-fins,Red Head 'Tapajos' Geophagus (Geophagus sp),sp_geophagus_tapajos,alias,,28,,USD,2 - 2.5 inches (wild),2.25,in,false,2021-09-06T01:25:25-04:00,2026-08-28T05:03:39.423Z,https://www.predatoryfins.com/products/red-head-tapajos-geophagus-wild-geophagus-sp
predatory-fins,Red Head 'Tapajos' Geophagus (Geophagus sp),sp_geophagus_tapajos,alias,,38,,USD,3 inches (wild),3,in,false,2021-09-06T01:25:25-04:00,2026-08-28T05:03:39.423Z,https://www.predatoryfins.com/products/red-head-tapajos-geophagus-wild-geophagus-sp
predatory-fins,Red Head 'Tapajos' Geophagus (Geophagus sp),sp_geophagus_tapajos,alias,,70,,USD,4.5 - 5 inches,4.75,in,false,2021-09-06T01:25:25-04:00,2026-08-28T05:03:39.423Z,https://www.predatoryfins.com/products/red-head-tapajos-geophagus-wild-geophagus-sp
predatory-fins,Spotted Leporinus (Leporinus octomaculatus),,,Leporinus octomaculatus,30,,USD,"3"" - 4"" inches",3,in,false,2021-09-06T01:22:06-04:00,2026-08-28T05:03:39.423Z,https://www.predatoryfins.com/products/spotted-leporinus-leporinus-octomaculatus
predatory-fins,Strawberry Leporinus (Leporinus granti),,,Leporinus granti,28,,USD,1.5 inches,1.5,in,false,2021-09-06T01:22:03-04:00,2026-08-28T05:03:39.423Z,https://www.predatoryfins.com/products/strawberry-leporinus-leporinus-granti
predatory-fins,Strawberry Leporinus (Leporinus granti),,,Leporinus granti,75,,USD,3 - 4 inches,3.5,in,false,2021-09-06T01:22:03-04:00,2026-08-28T05:03:39.423Z,https://www.predatoryfins.com/products/strawberry-leporinus-leporinus-granti
predatory-fins,New Guinea Tiger Datnoid / NGT (Datnioides campbelli),,,Datnioides campbelli,175,,USD,3.5-4 inches,3.75,in,false,2021-09-06T01:20:14-04:00,2026-08-28T05:03:39.423Z,https://www.predatoryfins.com/products/new-guinea-tiger-datnoid-ngt-datnioides-campbelli
predatory-fins,New Guinea Tiger Datnoid / NGT (Datnioides campbelli),,,Datnioides campbelli,250,,USD,4-4.5 inches,4.25,in,false,2021-09-06T01:20:14-04:00,2026-08-28T05:03:39.423Z,https://www.predatoryfins.com/products/new-guinea-tiger-datnoid-ngt-datnioides-campbelli
predatory-fins,NTT Datnoid Tiger Fish (Datnioides undecimradiatus),,,Datnioides undecimradiatus,55,,USD,2.5 inches,2.5,in,true,2021-09-06T01:20:13-04:00,2026-08-28T05:03:39.423Z,https://www.predatoryfins.com/products/ntt-datnoid-tiger-fish-datnioides-undecimradiatus
predatory-fins,NTT Datnoid Tiger Fish (Datnioides undecimradiatus),,,Datnioides undecimradiatus,75,,USD,3 - 3.5 inches,3.25,in,false,2021-09-06T01:20:13-04:00,2026-08-28T05:03:39.423Z,https://www.predatoryfins.com/products/ntt-datnoid-tiger-fish-datnioides-undecimradiatus
predatory-fins,NTT Datnoid Tiger Fish (Datnioides undecimradiatus),,,Datnioides undecimradiatus,135,,USD,5 - 5.5 inches,5.25,in,false,2021-09-06T01:20:13-04:00,2026-08-28T05:03:39.423Z,https://www.predatoryfins.com/products/ntt-datnoid-tiger-fish-datnioides-undecimradiatus
predatory-fins,Green Scat (Scatophagus argus),,,Scatophagus argus,45,,USD,"3"" - 4"" inches",3,in,false,2021-09-06T01:18:59-04:00,2026-08-28T05:03:39.423Z,https://www.predatoryfins.com/products/green-scat-scatophagus-argus
predatory-fins,Glass Headstander (Charax gibbosus),,,Charax gibbosus,12,,USD,"2"" inches",2,in,false,2021-09-06T01:18:36-04:00,2026-08-28T05:03:39.423Z,https://www.predatoryfins.com/products/glass-headstander-charax-gibbosus
predatory-fins,Hampala Barb (Hampala macrolepidota),,,Hampala macrolepidota,120,,USD,7- 8 inches,7.5,in,false,2021-09-06T01:17:45-04:00,2026-08-28T05:03:39.423Z,https://www.predatoryfins.com/products/hampala-barb-hampala-macrolepidota
predatory-fins,Glitter Scale Eartheater (Geophagus mapiritensis),,,Geophagus mapiritensis,90,,USD,6”-8” inches,,,false,2021-09-06T01:14:47-04:00,2026-08-28T05:03:39.423Z,https://www.predatoryfins.com/products/glitter-scale-eartheater-geophagus-mapiritensis
predatory-fins,Burmese Clouded Archerfish (Toxotes blythii),,,Toxotes blythii,38,,USD,2.5 inches,2.5,in,false,2021-09-06T01:12:22-04:00,2026-08-28T05:03:39.423Z,https://www.predatoryfins.com/products/burmese-clouded-archerfish-toxotes-blythii
predatory-fins,Burmese Clouded Archerfish (Toxotes blythii),,,Toxotes blythii,45,,USD,3 inches,3,in,false,2021-09-06T01:12:22-04:00,2026-08-28T05:03:39.423Z,https://www.predatoryfins.com/products/burmese-clouded-archerfish-toxotes-blythii
predatory-fins,Burmese Clouded Archerfish (Toxotes blythii),,,Toxotes blythii,95,,USD,5 inches,5,in,false,2021-09-06T01:12:22-04:00,2026-08-28T05:03:39.423Z,https://www.predatoryfins.com/products/burmese-clouded-archerfish-toxotes-blythii
predatory-fins,Golden Dorado (Dorado brasiliense),,,Dorado brasiliense,35,,USD,2.5 inches,2.5,in,false,2021-09-06T01:11:04-04:00,2026-08-28T05:03:39.423Z,https://www.predatoryfins.com/products/golden-dorado-dorado-brasiliense
predatory-fins,Golden Dorado (Dorado brasiliense),,,Dorado brasiliense,45,,USD,3.5 inches,3.5,in,false,2021-09-06T01:11:04-04:00,2026-08-28T05:03:39.423Z,https://www.predatoryfins.com/products/golden-dorado-dorado-brasiliense
predatory-fins,Golden Dorado (Dorado brasiliense),,,Dorado brasiliense,60,,USD,4 - 4.5 inches,4.25,in,false,2021-09-06T01:11:04-04:00,2026-08-28T05:03:39.423Z,https://www.predatoryfins.com/products/golden-dorado-dorado-brasiliense
predatory-fins,Golden Dorado (Dorado brasiliense),,,Dorado brasiliense,95,,USD,5 - 5.5 inches,5.25,in,false,2021-09-06T01:11:04-04:00,2026-08-28T05:03:39.423Z,https://www.predatoryfins.com/products/golden-dorado-dorado-brasiliense
predatory-fins,Golden Dorado (Dorado brasiliense),,,Dorado brasiliense,135,,USD,6 inches,6,in,false,2021-09-06T01:11:04-04:00,2026-08-28T05:03:39.423Z,https://www.predatoryfins.com/products/golden-dorado-dorado-brasiliense
predatory-fins,Golden Dorado (Dorado brasiliense),,,Dorado brasiliense,550,,USD,8 - 8.5 inches,8.25,in,false,2021-09-06T01:11:04-04:00,2026-08-28T05:03:39.423Z,https://www.predatoryfins.com/products/golden-dorado-dorado-brasiliense
predatory-fins,Golden Dorado (Dorado brasiliense),,,Dorado brasiliense,375,,USD,9 - 10 inches,9.5,in,false,2021-09-06T01:11:04-04:00,2026-08-28T05:03:39.423Z,https://www.predatoryfins.com/products/golden-dorado-dorado-brasiliense
predatory-fins,Red Rainbow Wolf Fish (Erythrinus erythrinus),,,Erythrinus erythrinus,35,,USD,2 - 2.5 inches,2.25,in,false,2021-09-06T01:08:59-04:00,2026-08-28T05:03:39.423Z,https://www.predatoryfins.com/products/red-rainbow-wolf-fish-erythrinus-erythrinus
predatory-fins,Red Rainbow Wolf Fish (Erythrinus erythrinus),,,Erythrinus erythrinus,45,,USD,3 - 3.5 inches,3.25,in,false,2021-09-06T01:08:59-04:00,2026-08-28T05:03:39.423Z,https://www.predatoryfins.com/products/red-rainbow-wolf-fish-erythrinus-erythrinus
predatory-fins,Red Rainbow Wolf Fish (Erythrinus erythrinus),,,Erythrinus erythrinus,40,55,USD,4 - 4.5 inches,4.25,in,false,2021-09-06T01:08:59-04:00,2026-08-28T05:03:39.423Z,https://www.predatoryfins.com/products/red-rainbow-wolf-fish-erythrinus-erythrinus
predatory-fins,Red Rainbow Wolf Fish (Erythrinus erythrinus),,,Erythrinus erythrinus,55,75,USD,5 - 5.5 inches,5.25,in,false,2021-09-06T01:08:59-04:00,2026-08-28T05:03:39.423Z,https://www.predatoryfins.com/products/red-rainbow-wolf-fish-erythrinus-erythrinus
predatory-fins,Red Rainbow Wolf Fish (Erythrinus erythrinus),,,Erythrinus erythrinus,85,,USD,6 - 6.5 inches,6.25,in,false,2021-09-06T01:08:59-04:00,2026-08-28T05:03:39.423Z,https://www.predatoryfins.com/products/red-rainbow-wolf-fish-erythrinus-erythrinus
predatory-fins,Yellowcheek Bambusa (Elopichthys bambusa),,,Elopichthys bambusa,23,,USD,1.5 inches,1.5,in,false,2021-09-06T01:08:58-04:00,2026-08-28T05:03:39.423Z,https://www.predatoryfins.com/products/yellowcheek-bambusa-elopichthys-bambusa
predatory-fins,Yellowcheek Bambusa (Elopichthys bambusa),,,Elopichthys bambusa,28,,USD,2 - 2.5 inches,2.25,in,false,2021-09-06T01:08:58-04:00,2026-08-28T05:03:39.423Z,https://www.predatoryfins.com/products/yellowcheek-bambusa-elopichthys-bambusa
predatory-fins,Yellowcheek Bambusa (Elopichthys bambusa),,,Elopichthys bambusa,65,,USD,4.5 inches,4.5,in,false,2021-09-06T01:08:58-04:00,2026-08-28T05:03:39.423Z,https://www.predatoryfins.com/products/yellowcheek-bambusa-elopichthys-bambusa
predatory-fins,Yellowcheek Bambusa (Elopichthys bambusa),,,Elopichthys bambusa,98,,USD,7 inches,7,in,false,2021-09-06T01:08:58-04:00,2026-08-28T05:03:39.423Z,https://www.predatoryfins.com/products/yellowcheek-bambusa-elopichthys-bambusa
predatory-fins,Yellowcheek Bambusa (Elopichthys bambusa),,,Elopichthys bambusa,125,,USD,8 - 8.5 inches,8.25,in,false,2021-09-06T01:08:58-04:00,2026-08-28T05:03:39.423Z,https://www.predatoryfins.com/products/yellowcheek-bambusa-elopichthys-bambusa
predatory-fins,Yellowcheek Bambusa (Elopichthys bambusa),,,Elopichthys bambusa,150,,USD,10 - 11 inches,10.5,in,false,2021-09-06T01:08:58-04:00,2026-08-28T05:03:39.423Z,https://www.predatoryfins.com/products/yellowcheek-bambusa-elopichthys-bambusa
predatory-fins,Thai Blue Mahseer (Neolissochilus stracheyi),,,Neolissochilus stracheyi,12,18,USD,1.5 inches,1.5,in,false,2021-09-06T01:08:57-04:00,2026-08-28T05:03:39.423Z,https://www.predatoryfins.com/products/blue-mahseer-neolissochilus-stracheyi
predatory-fins,Thai Blue Mahseer (Neolissochilus stracheyi),,,Neolissochilus stracheyi,20,,USD,2 - 2.5 inches,2.25,in,false,2021-09-06T01:08:57-04:00,2026-08-28T05:03:39.423Z,https://www.predatoryfins.com/products/blue-mahseer-neolissochilus-stracheyi
predatory-fins,Thai Blue Mahseer (Neolissochilus stracheyi),,,Neolissochilus stracheyi,35,,USD,3 - 3.5 inches (AAA Grade),3.25,in,false,2021-09-06T01:08:57-04:00,2026-08-28T05:03:39.423Z,https://www.predatoryfins.com/products/blue-mahseer-neolissochilus-stracheyi
predatory-fins,Thai Blue Mahseer (Neolissochilus stracheyi),,,Neolissochilus stracheyi,45,,USD,4 - 4.5 inches (AAA Grade),4.25,in,false,2021-09-06T01:08:57-04:00,2026-08-28T05:03:39.423Z,https://www.predatoryfins.com/products/blue-mahseer-neolissochilus-stracheyi
predatory-fins,Thai Blue Mahseer (Neolissochilus stracheyi),,,Neolissochilus stracheyi,58,,USD,5 - 5.5 inches (AAA Grade),5.25,in,true,2021-09-06T01:08:57-04:00,2026-08-28T05:03:39.423Z,https://www.predatoryfins.com/products/blue-mahseer-neolissochilus-stracheyi
predatory-fins,Thai Blue Mahseer (Neolissochilus stracheyi),,,Neolissochilus stracheyi,98,,USD,6 - 6.5 inches (AAA Grade),6.25,in,true,2021-09-06T01:08:57-04:00,2026-08-28T05:03:39.423Z,https://www.predatoryfins.com/products/blue-mahseer-neolissochilus-stracheyi
predatory-fins,Thai Blue Mahseer (Neolissochilus stracheyi),,,Neolissochilus stracheyi,195,,USD,7 - 7.5 inches (AAA Grade),7.25,in,false,2021-09-06T01:08:57-04:00,2026-08-28T05:03:39.423Z,https://www.predatoryfins.com/products/blue-mahseer-neolissochilus-stracheyi
predatory-fins,Thai Blue Mahseer (Neolissochilus stracheyi),,,Neolissochilus stracheyi,225,,USD,8 - 8.5 inches (AAA Grade),8.25,in,false,2021-09-06T01:08:57-04:00,2026-08-28T05:03:39.423Z,https://www.predatoryfins.com/products/blue-mahseer-neolissochilus-stracheyi
predatory-fins,Bowfin (Amia calva),,,Amia calva,45,,USD,3 - 4 inches,3.5,in,false,2021-09-06T01:08:56-04:00,2026-08-28T05:03:39.423Z,https://www.predatoryfins.com/products/bowfin-amia-calva
predatory-fins,Bowfin (Amia calva),,,Amia calva,250,,USD,9 - 10 inches,9.5,in,false,2021-09-06T01:08:56-04:00,2026-08-28T05:03:39.423Z,https://www.predatoryfins.com/products/bowfin-amia-calva
predatory-fins,Chinese Perch (Siniperca chuatsi),,,Siniperca chuatsi,45,,USD,1.75 - 2 inches,1.88,in,false,2021-09-06T01:08:55-04:00,2026-08-28T05:03:39.423Z,https://www.predatoryfins.com/products/chinese-perch-siniperca-chuatsi
predatory-fins,Chinese Perch (Siniperca chuatsi),,,Siniperca chuatsi,55,,USD,2.5 inches,2.5,in,false,2021-09-06T01:08:55-04:00,2026-08-28T05:03:39.423Z,https://www.predatoryfins.com/products/chinese-perch-siniperca-chuatsi
predatory-fins,Chinese Perch (Siniperca chuatsi),,,Siniperca chuatsi,65,,USD,3 inches,3,in,false,2021-09-06T01:08:55-04:00,2026-08-28T05:03:39.423Z,https://www.predatoryfins.com/products/chinese-perch-siniperca-chuatsi
predatory-fins,Chinese Perch (Siniperca chuatsi),,,Siniperca chuatsi,110,,USD,3.5 - 4 inches (Super Red),3.75,in,false,2021-09-06T01:08:55-04:00,2026-08-28T05:03:39.423Z,https://www.predatoryfins.com/products/chinese-perch-siniperca-chuatsi
predatory-fins,Chinese Perch (Siniperca chuatsi),,,Siniperca chuatsi,165,,USD,5 - 5.5 inches,5.25,in,false,2021-09-06T01:08:55-04:00,2026-08-28T05:03:39.423Z,https://www.predatoryfins.com/products/chinese-perch-siniperca-chuatsi
predatory-fins,Chinese Perch (Siniperca chuatsi),,,Siniperca chuatsi,185,,USD,6 - 6.5 inches,6.25,in,false,2021-09-06T01:08:55-04:00,2026-08-28T05:03:39.423Z,https://www.predatoryfins.com/products/chinese-perch-siniperca-chuatsi
predatory-fins,Chinese Perch (Siniperca chuatsi),,,Siniperca chuatsi,350,,USD,10 inches,10,in,false,2021-09-06T01:08:55-04:00,2026-08-28T05:03:39.423Z,https://www.predatoryfins.com/products/chinese-perch-siniperca-chuatsi
predatory-fins,Elephantnose Fish (Gnathonemus petersii),,,Gnathonemus petersii,14,28,USD,4 inches,4,in,false,2021-09-06T01:08:52-04:00,2026-08-28T05:03:39.423Z,https://www.predatoryfins.com/products/elephantnose-fish-gnathonemus-petersii
predatory-fins,Elephantnose Fish (Gnathonemus petersii),,,Gnathonemus petersii,45,,USD,6.5 - 7 inches,6.75,in,false,2021-09-06T01:08:52-04:00,2026-08-28T05:03:39.423Z,https://www.predatoryfins.com/products/elephantnose-fish-gnathonemus-petersii
predatory-fins,Freshwater Dolphin Fish (Mormyrus longirostris),,,Mormyrus longirostris,28,,USD,1.5 - 2 inches,1.75,in,false,2021-09-06T01:08:52-04:00,2026-08-28T05:03:39.423Z,https://www.predatoryfins.com/products/freshwater-dolphin-fish-mormyrus-longirostris
predatory-fins,Freshwater Dolphin Fish (Mormyrus longirostris),,,Mormyrus longirostris,35,,USD,2.5 - 3 inches,2.75,in,false,2021-09-06T01:08:52-04:00,2026-08-28T05:03:39.423Z,https://www.predatoryfins.com/products/freshwater-dolphin-fish-mormyrus-longirostris
predatory-fins,Freshwater Dolphin Fish (Mormyrus longirostris),,,Mormyrus longirostris,95,,USD,6 - 7 inches,6.5,in,false,2021-09-06T01:08:52-04:00,2026-08-28T05:03:39.423Z,https://www.predatoryfins.com/products/freshwater-dolphin-fish-mormyrus-longirostris
predatory-fins,Freshwater Dolphin Fish (Mormyrus longirostris),,,Mormyrus longirostris,175,,USD,9 - 10 inches,9.5,in,false,2021-09-06T01:08:52-04:00,2026-08-28T05:03:39.423Z,https://www.predatoryfins.com/products/freshwater-dolphin-fish-mormyrus-longirostris
predatory-fins,Freshwater Dolphin Fish (Mormyrus longirostris),,,Mormyrus longirostris,250,,USD,11 - 12 inches,11.5,in,false,2021-09-06T01:08:52-04:00,2026-08-28T05:03:39.423Z,https://www.predatoryfins.com/products/freshwater-dolphin-fish-mormyrus-longirostris
predatory-fins,Freshwater Dolphin Fish (Mormyrus longirostris),,,Mormyrus longirostris,375,,USD,13 - 14 inches,13.5,in,false,2021-09-06T01:08:52-04:00,2026-08-28T05:03:39.423Z,https://www.predatoryfins.com/products/freshwater-dolphin-fish-mormyrus-longirostris
predatory-fins,Freshwater Dolphin Fish (Mormyrus longirostris),,,Mormyrus longirostris,475,,USD,16 - 18 inches,17,in,false,2021-09-06T01:08:52-04:00,2026-08-28T05:03:39.423Z,https://www.predatoryfins.com/products/freshwater-dolphin-fish-mormyrus-longirostris
predatory-fins,Giant Trevally (Caranx ignobilis),,,Caranx ignobilis,175,,USD,4 - 4.5 inches,4.25,in,false,2021-09-06T01:08:51-04:00,2026-08-28T05:03:39.423Z,https://www.predatoryfins.com/products/freshwater-giant-trevally-caranx-ignobilis
predatory-fins,Freshwater Lionfish (Batrachomoeus trispinosus),,,Batrachomoeus trispinosus,48,,USD,"4"" - 5"" Inches",4,in,false,2021-09-06T01:08:51-04:00,2026-08-28T05:03:39.423Z,https://www.predatoryfins.com/products/freshwater-lionfish-batrachomoeus-trispinosus
predatory-fins,Golden Climbing Perch (Anabas testudineus),,,Anabas testudineus,30,60,USD,3 inches,3,in,false,2021-09-06T01:08:50-04:00,2026-08-28T05:03:39.423Z,https://www.predatoryfins.com/products/golden-climbing-perch-anabas-testudineus
predatory-fins,Golden Climbing Perch (Anabas testudineus),,,Anabas testudineus,65,135,USD,6.5 inches,6.5,in,false,2021-09-06T01:08:50-04:00,2026-08-28T05:03:39.423Z,https://www.predatoryfins.com/products/golden-climbing-perch-anabas-testudineus
predatory-fins,Golden Mahseer (Tor putitora),,,Tor putitora,32,,USD,3 inches,3,in,true,2021-09-06T01:08:50-04:00,2026-08-28T05:03:39.423Z,https://www.predatoryfins.com/products/golden-mahseer-tor-putitora
predatory-fins,Golden Mahseer (Tor putitora),,,Tor putitora,35,,USD,3.5 - 4 inches,3.75,in,false,2021-09-06T01:08:50-04:00,2026-08-28T05:03:39.423Z,https://www.predatoryfins.com/products/golden-mahseer-tor-putitora
predatory-fins,Golden Mahseer (Tor putitora),,,Tor putitora,80,,USD,5 inches,5,in,true,2021-09-06T01:08:50-04:00,2026-08-28T05:03:39.423Z,https://www.predatoryfins.com/products/golden-mahseer-tor-putitora
predatory-fins,Golden Mahseer (Tor putitora),,,Tor putitora,150,,USD,6- 7 inches (Select Grade),6.5,in,false,2021-09-06T01:08:50-04:00,2026-08-28T05:03:39.423Z,https://www.predatoryfins.com/products/golden-mahseer-tor-putitora
predatory-fins,Golden Mahseer (Tor putitora),,,Tor putitora,650,,USD,13 - 14 inches (Select Grade),13.5,in,false,2021-09-06T01:08:50-04:00,2026-08-28T05:03:39.423Z,https://www.predatoryfins.com/products/golden-mahseer-tor-putitora
predatory-fins,Goliath African Tiger Fish (Hydrocynus goliath),,,Hydrocynus goliath,85,,USD,2 inches,2,in,false,2021-09-06T01:08:49-04:00,2026-08-28T05:03:39.423Z,https://www.predatoryfins.com/products/goliath-african-tiger-fish-hydrocynus-goliath
predatory-fins,Goliath African Tiger Fish (Hydrocynus goliath),,,Hydrocynus goliath,95,,USD,2.5 inches,2.5,in,false,2021-09-06T01:08:49-04:00,2026-08-28T05:03:39.423Z,https://www.predatoryfins.com/products/goliath-african-tiger-fish-hydrocynus-goliath
predatory-fins,Goliath African Tiger Fish (Hydrocynus goliath),,,Hydrocynus goliath,110,,USD,3 inches,3,in,false,2021-09-06T01:08:49-04:00,2026-08-28T05:03:39.423Z,https://www.predatoryfins.com/products/goliath-african-tiger-fish-hydrocynus-goliath
predatory-fins,Goliath African Tiger Fish (Hydrocynus goliath),,,Hydrocynus goliath,50,,USD,4 inches (one eye),4,in,false,2021-09-06T01:08:49-04:00,2026-08-28T05:03:39.423Z,https://www.predatoryfins.com/products/goliath-african-tiger-fish-hydrocynus-goliath
predatory-fins,Goliath African Tiger Fish (Hydrocynus goliath),,,Hydrocynus goliath,155,,USD,5 inches,5,in,false,2021-09-06T01:08:49-04:00,2026-08-28T05:03:39.423Z,https://www.predatoryfins.com/products/goliath-african-tiger-fish-hydrocynus-goliath
predatory-fins,Goliath African Tiger Fish (Hydrocynus goliath),,,Hydrocynus goliath,235,,USD,6 inches,6,in,false,2021-09-06T01:08:49-04:00,2026-08-28T05:03:39.423Z,https://www.predatoryfins.com/products/goliath-african-tiger-fish-hydrocynus-goliath
predatory-fins,Goliath African Tiger Fish (Hydrocynus goliath),,,Hydrocynus goliath,550,,USD,7.5 - 8 inches,7.75,in,false,2021-09-06T01:08:49-04:00,2026-08-28T05:03:39.423Z,https://www.predatoryfins.com/products/goliath-african-tiger-fish-hydrocynus-goliath
predatory-fins,Electric Blue Jack Dempsey Cichlid (Rocio octofasciata),sp_jack_dempsey,scientific-name,Rocio octofasciata,18,,USD,1 - 1.5 inches,1.25,in,false,2021-09-06T01:06:00-04:00,2026-08-28T05:03:39.423Z,https://www.predatoryfins.com/products/electric-blue-jack-dempsey-cichlid-rocio-octofasciata
predatory-fins,Electric Blue Jack Dempsey Cichlid (Rocio octofasciata),sp_jack_dempsey,scientific-name,Rocio octofasciata,28,,USD,2 - 2.5 inches,2.25,in,false,2021-09-06T01:06:00-04:00,2026-08-28T05:03:39.423Z,https://www.predatoryfins.com/products/electric-blue-jack-dempsey-cichlid-rocio-octofasciata
predatory-fins,Red Shoulder Green Severum (Heros efasciatus),,,Heros efasciatus,39,,USD,2 - 2.5 inches,2.25,in,false,2021-09-06T01:05:57-04:00,2026-08-28T05:03:39.423Z,https://www.predatoryfins.com/products/red-shoulder-green-severum-heros-efasciatus
predatory-fins,Red Shoulder Green Severum (Heros efasciatus),,,Heros efasciatus,48,,USD,3 - 3.5 inches,3.25,in,false,2021-09-06T01:05:57-04:00,2026-08-28T05:03:39.423Z,https://www.predatoryfins.com/products/red-shoulder-green-severum-heros-efasciatus
predatory-fins,Red Shoulder Green Severum (Heros efasciatus),,,Heros efasciatus,75,,USD,4 inches,4,in,false,2021-09-06T01:05:57-04:00,2026-08-28T05:03:39.423Z,https://www.predatoryfins.com/products/red-shoulder-green-severum-heros-efasciatus
predatory-fins,Red Shoulder Green Severum (Heros efasciatus),,,Heros efasciatus,95,,USD,5 - 5.5 inches (Wild),5.25,in,false,2021-09-06T01:05:57-04:00,2026-08-28T05:03:39.423Z,https://www.predatoryfins.com/products/red-shoulder-green-severum-heros-efasciatus
predatory-fins,Red Shoulder Green Severum (Heros efasciatus),,,Heros efasciatus,115,,USD,6 inches,6,in,false,2021-09-06T01:05:57-04:00,2026-08-28T05:03:39.423Z,https://www.predatoryfins.com/products/red-shoulder-green-severum-heros-efasciatus
predatory-fins,Gold Severum (Heros severus),sp_green_severum,scientific-name,Heros severus,12,,USD,1 - 1.25 inches,1.13,in,false,2021-09-06T01:05:57-04:00,2026-08-28T05:03:39.423Z,https://www.predatoryfins.com/products/gold-severum-heros-severus
predatory-fins,Gold Severum (Heros severus),sp_green_severum,scientific-name,Heros severus,18,,USD,1.5 - 2 inches,1.75,in,false,2021-09-06T01:05:57-04:00,2026-08-28T05:03:39.423Z,https://www.predatoryfins.com/products/gold-severum-heros-severus
predatory-fins,Gold Severum (Heros severus),sp_green_severum,scientific-name,Heros severus,65,,USD,4.5 inches,4.5,in,false,2021-09-06T01:05:57-04:00,2026-08-28T05:03:39.423Z,https://www.predatoryfins.com/products/gold-severum-heros-severus
predatory-fins,Gold Severum (Heros severus),sp_green_severum,scientific-name,Heros severus,95,,USD,5 - 5.5 inches,5.25,in,false,2021-09-06T01:05:57-04:00,2026-08-28T05:03:39.423Z,https://www.predatoryfins.com/products/gold-severum-heros-severus
predatory-fins,Red Tiger Severum Rio Negro Curare (Heros severus),sp_green_severum,scientific-name,Heros severus,38,,USD,2 - 2.5 inches,2.25,in,false,2021-09-06T01:05:56-04:00,2026-08-28T05:03:39.423Z,https://www.predatoryfins.com/products/red-tiger-severum-rio-negro-curare-heros-severus
predatory-fins,Red Tiger Severum Rio Negro Curare (Heros severus),sp_green_severum,scientific-name,Heros severus,55,,USD,3 - 3.5 inches,3.25,in,false,2021-09-06T01:05:56-04:00,2026-08-28T05:03:39.423Z,https://www.predatoryfins.com/products/red-tiger-severum-rio-negro-curare-heros-severus
predatory-fins,Red Tiger Severum Rio Negro Curare (Heros severus),sp_green_severum,scientific-name,Heros severus,95,,USD,4 inches,4,in,false,2021-09-06T01:05:56-04:00,2026-08-28T05:03:39.423Z,https://www.predatoryfins.com/products/red-tiger-severum-rio-negro-curare-heros-severus
predatory-fins,Red Tiger Severum Rio Negro Curare (Heros severus),sp_green_severum,scientific-name,Heros severus,125,,USD,4.5 - 5 inches,4.75,in,true,2021-09-06T01:05:56-04:00,2026-08-28T05:03:39.423Z,https://www.predatoryfins.com/products/red-tiger-severum-rio-negro-curare-heros-severus
predatory-fins,Red Tiger Severum Rio Negro Curare (Heros severus),sp_green_severum,scientific-name,Heros severus,185,,USD,6 - 6.5 inches,6.25,in,false,2021-09-06T01:05:56-04:00,2026-08-28T05:03:39.423Z,https://www.predatoryfins.com/products/red-tiger-severum-rio-negro-curare-heros-severus
predatory-fins,Red Tiger Severum Rio Negro Curare (Heros severus),sp_green_severum,scientific-name,Heros severus,250,,USD,7.5 - 8 inches (adults),7.75,in,false,2021-09-06T01:05:56-04:00,2026-08-28T05:03:39.423Z,https://www.predatoryfins.com/products/red-tiger-severum-rio-negro-curare-heros-severus
predatory-fins,Green Severum (Heros severus),sp_green_severum,scientific-name,Heros severus,46,,USD,4 - 4.5 inches,4.25,in,false,2021-09-06T01:05:54-04:00,2026-08-28T05:03:39.423Z,https://www.predatoryfins.com/products/green-severum-heros-severus
predatory-fins,Green Severum (Heros severus),sp_green_severum,scientific-name,Heros severus,68,,USD,5 - 5.5 inches,5.25,in,false,2021-09-06T01:05:54-04:00,2026-08-28T05:03:39.423Z,https://www.predatoryfins.com/products/green-severum-heros-severus
predatory-fins,Green Severum (Heros severus),sp_green_severum,scientific-name,Heros severus,115,,USD,6.5 - 7 inches,6.75,in,false,2021-09-06T01:05:54-04:00,2026-08-28T05:03:39.423Z,https://www.predatoryfins.com/products/green-severum-heros-severus
predatory-fins,Silver Centrodoras Catfish (Centrodoras brachiatus),,,Centrodoras brachiatus,200,,USD,"12"" - 14"" inches",12,in,false,2021-09-06T01:02:59-04:00,2026-08-28T05:03:39.423Z,https://www.predatoryfins.com/products/silver-centrodoras-catfish-centrodoras-brachiatus
predatory-fins,Blue Frontosa (Cyphotilapia frontosa),,,Cyphotilapia frontosa,18,,USD,1 inch,1,in,false,2021-09-06T01:01:11-04:00,2026-08-28T05:03:39.423Z,https://www.predatoryfins.com/products/blue-frontosa-cyphotilapia-frontosa
predatory-fins,Blue Frontosa (Cyphotilapia frontosa),,,Cyphotilapia frontosa,28,,USD,2 - 2.5 inches,2.25,in,false,2021-09-06T01:01:11-04:00,2026-08-28T05:03:39.423Z,https://www.predatoryfins.com/products/blue-frontosa-cyphotilapia-frontosa
predatory-fins,Blue Frontosa (Cyphotilapia frontosa),,,Cyphotilapia frontosa,38,,USD,3 - 3.5 inches,3.25,in,false,2021-09-06T01:01:11-04:00,2026-08-28T05:03:39.423Z,https://www.predatoryfins.com/products/blue-frontosa-cyphotilapia-frontosa
predatory-fins,Blue Frontosa (Cyphotilapia frontosa),,,Cyphotilapia frontosa,48,,USD,4 inches,4,in,false,2021-09-06T01:01:11-04:00,2026-08-28T05:03:39.423Z,https://www.predatoryfins.com/products/blue-frontosa-cyphotilapia-frontosa
predatory-fins,Blue Frontosa (Cyphotilapia frontosa),,,Cyphotilapia frontosa,250,,USD,7 inches,7,in,false,2021-09-06T01:01:11-04:00,2026-08-28T05:03:39.423Z,https://www.predatoryfins.com/products/blue-frontosa-cyphotilapia-frontosa
predatory-fins,Blue Eyed Pleco (Panaque suttonorum),,,Panaque suttonorum,250,,USD,4 - 4.5 inches,4.25,in,false,2021-09-06T01:00:24-04:00,2026-08-28T05:03:39.423Z,https://www.predatoryfins.com/products/blue-eyed-pleco-panaque-suttonorum
predatory-fins,Blue Eyed Pleco (Panaque suttonorum),,,Panaque suttonorum,295,,USD,6 - 6.5 inches,6.25,in,false,2021-09-06T01:00:24-04:00,2026-08-28T05:03:39.423Z,https://www.predatoryfins.com/products/blue-eyed-pleco-panaque-suttonorum
predatory-fins,Blue Eyed Pleco (Panaque suttonorum),,,Panaque suttonorum,395,,USD,8 inches,8,in,false,2021-09-06T01:00:24-04:00,2026-08-28T05:03:39.423Z,https://www.predatoryfins.com/products/blue-eyed-pleco-panaque-suttonorum
predatory-fins,Blue Eyed Pleco (Panaque suttonorum),,,Panaque suttonorum,450,,USD,10 - 12 inches,11,in,false,2021-09-06T01:00:24-04:00,2026-08-28T05:03:39.423Z,https://www.predatoryfins.com/products/blue-eyed-pleco-panaque-suttonorum
predatory-fins,Pearl Freshwater Stingray (Potamotrygon jabuti),,,Potamotrygon jabuti,395,,USD,4.5 - 5 inches,4.75,in,false,2021-09-06T00:53:57-04:00,2026-08-28T05:03:39.423Z,https://www.predatoryfins.com/products/pearl-freshwater-stingray-potamotrygon-jabuti
predatory-fins,Pearl Freshwater Stingray (Potamotrygon jabuti),,,Potamotrygon jabuti,450,,USD,4.5 - 5 inches (Select Grade),4.75,in,false,2021-09-06T00:53:57-04:00,2026-08-28T05:03:39.423Z,https://www.predatoryfins.com/products/pearl-freshwater-stingray-potamotrygon-jabuti
predatory-fins,Pearl Freshwater Stingray (Potamotrygon jabuti),,,Potamotrygon jabuti,425,,USD,5.5 - 6 inches,5.75,in,false,2021-09-06T00:53:57-04:00,2026-08-28T05:03:39.423Z,https://www.predatoryfins.com/products/pearl-freshwater-stingray-potamotrygon-jabuti
predatory-fins,Pearl Freshwater Stingray (Potamotrygon jabuti),,,Potamotrygon jabuti,550,,USD,7 inches,7,in,false,2021-09-06T00:53:57-04:00,2026-08-28T05:03:39.423Z,https://www.predatoryfins.com/products/pearl-freshwater-stingray-potamotrygon-jabuti
predatory-fins,Pearl Freshwater Stingray (Potamotrygon jabuti),,,Potamotrygon jabuti,750,,USD,7 inches (special pattern),7,in,false,2021-09-06T00:53:57-04:00,2026-08-28T05:03:39.423Z,https://www.predatoryfins.com/products/pearl-freshwater-stingray-potamotrygon-jabuti
predatory-fins,Pearl Freshwater Stingray (Potamotrygon jabuti),,,Potamotrygon jabuti,950,,USD,11 - 12 inches,11.5,in,false,2021-09-06T00:53:57-04:00,2026-08-28T05:03:39.423Z,https://www.predatoryfins.com/products/pearl-freshwater-stingray-potamotrygon-jabuti
predatory-fins,Otorongo Stingray Potamotrygon Castexi,,,,350,,USD,"13"" - 16"" inches",13,in,false,2021-09-06T00:53:57-04:00,2026-08-28T05:03:39.423Z,https://www.predatoryfins.com/products/otorongo-stingray-potamotrygon-castexi
predatory-fins,Motoro Stingray (Potamotrygon motoro),,,Potamotrygon motoro,325,,USD,5 inches,5,in,false,2021-09-06T00:53:53-04:00,2026-08-28T05:03:39.423Z,https://www.predatoryfins.com/products/motoro-stingray-potamotrygon-motoro
predatory-fins,Motoro Stingray (Potamotrygon motoro),,,Potamotrygon motoro,375,,USD,6 - 6.5 inches,6.25,in,false,2021-09-06T00:53:53-04:00,2026-08-28T05:03:39.423Z,https://www.predatoryfins.com/products/motoro-stingray-potamotrygon-motoro
predatory-fins,Motoro Stingray (Potamotrygon motoro),,,Potamotrygon motoro,450,,USD,8 inches,8,in,false,2021-09-06T00:53:53-04:00,2026-08-28T05:03:39.423Z,https://www.predatoryfins.com/products/motoro-stingray-potamotrygon-motoro
predatory-fins,Orbignyi Stingray (Potamotrygon orbignyi),,,Potamotrygon orbignyi,325,,USD,6 inches,6,in,false,2021-09-06T00:53:53-04:00,2026-08-28T05:03:39.423Z,https://www.predatoryfins.com/products/orbignyi-stingray
predatory-fins,Motoro Hybrid Stingray (Potamotrygon motoro sp),,,Potamotrygon motoro,375,,USD,4.5 - 5 inches,4.75,in,false,2021-09-06T00:53:52-04:00,2026-08-28T05:03:39.423Z,https://www.predatoryfins.com/products/motoro-hybrid-stingrays
predatory-fins,Motoro Hybrid Stingray (Potamotrygon motoro sp),,,Potamotrygon motoro,395,,USD,6 inches (H4),6,in,false,2021-09-06T00:53:52-04:00,2026-08-28T05:03:39.423Z,https://www.predatoryfins.com/products/motoro-hybrid-stingrays
predatory-fins,Marbled Motoro Stingray (Potamotrygon motoro),,,Potamotrygon motoro,450,,USD,4 - 4.5 inches (mini - Select Grade),4.25,in,false,2021-09-06T00:53:51-04:00,2026-08-28T05:03:39.423Z,https://www.predatoryfins.com/products/marbled-motoro-stingray-potamotrygon-motoro
predatory-fins,Marbled Motoro Stingray (Potamotrygon motoro),,,Potamotrygon motoro,595,,USD,5 - 6 inches (mini - Select Grade),5.5,in,false,2021-09-06T00:53:51-04:00,2026-08-28T05:03:39.423Z,https://www.predatoryfins.com/products/marbled-motoro-stingray-potamotrygon-motoro
predatory-fins,Marbled Motoro Stingray (Potamotrygon motoro),,,Potamotrygon motoro,375,,USD,5 - 6 inches (Wild),5.5,in,false,2021-09-06T00:53:51-04:00,2026-08-28T05:03:39.423Z,https://www.predatoryfins.com/products/marbled-motoro-stingray-potamotrygon-motoro
predatory-fins,Marbled Motoro Stingray (Potamotrygon motoro),,,Potamotrygon motoro,475,,USD,7 - 8 inches (Wild),7.5,in,false,2021-09-06T00:53:51-04:00,2026-08-28T05:03:39.423Z,https://www.predatoryfins.com/products/marbled-motoro-stingray-potamotrygon-motoro
predatory-fins,Marbled Motoro Stingray (Potamotrygon motoro),,,Potamotrygon motoro,695,,USD,Mm2 male (10 - 11 inches),,,false,2021-09-06T00:53:51-04:00,2026-08-28T05:03:39.423Z,https://www.predatoryfins.com/products/marbled-motoro-stingray-potamotrygon-motoro
predatory-fins,Marbled Motoro Stingray (Potamotrygon motoro),,,Potamotrygon motoro,675,,USD,Mm4 female (6 - 6.5 inches),,,false,2021-09-06T00:53:51-04:00,2026-08-28T05:03:39.423Z,https://www.predatoryfins.com/products/marbled-motoro-stingray-potamotrygon-motoro
predatory-fins,Mini Marble Motoro Stingray,,,,595,,USD,5 - 5.5 inches,5.25,in,false,2021-09-06T00:53:51-04:00,2026-08-28T05:03:39.423Z,https://www.predatoryfins.com/products/mini-marble-motoro-stingray
predatory-fins,Mini Marble Motoro Stingray,,,,695,,USD,6 - 6.5 inches,6.25,in,false,2021-09-06T00:53:51-04:00,2026-08-28T05:03:39.423Z,https://www.predatoryfins.com/products/mini-marble-motoro-stingray
predatory-fins,MARBLE CEJA STINGRAY,,,,350,,USD,"10"" inches",10,in,false,2021-09-06T00:53:50-04:00,2026-08-28T05:03:39.423Z,https://www.predatoryfins.com/products/marble-ceja-stingray
predatory-fins,"HYSTRIX ""T CUP""STINGRAY",,,,275,,USD,"4"" - 5"" Inches",4,in,false,2021-09-06T00:53:50-04:00,2026-08-28T05:03:39.423Z,https://www.predatoryfins.com/products/hystrix-t-cupstingray
predatory-fins,Flower Stingray (Potamotrygon schroederi),,,Potamotrygon schroederi,525,,USD,6 - 6.5 inches,6.25,in,false,2021-09-06T00:53:49-04:00,2026-08-28T05:03:39.423Z,https://www.predatoryfins.com/products/flower-stingray-potamotrygon-schroederi
predatory-fins,Falkneri Stingray (Potamotrygon falkneri),,,Potamotrygon falkneri,750,,USD,"12""-13"" inches",12,in,false,2021-09-06T00:53:35-04:00,2026-08-28T05:03:39.423Z,https://www.predatoryfins.com/products/falkneri-stingray-potamotrygon-falkneri
predatory-fins,Designer Hybrid Stingray (Potamotrygon sp),,,,450,,USD,5 - 5.5 inches,5.25,in,false,2021-09-06T00:53:33-04:00,2026-08-28T05:03:39.423Z,https://www.predatoryfins.com/products/designer-black-diamond-hybrid-stingray-potamotrygon-sp
predatory-fins,Designer Hybrid Stingray (Potamotrygon sp),,,,595,,USD,6 inches (Mantilla Hybrid),6,in,false,2021-09-06T00:53:33-04:00,2026-08-28T05:03:39.423Z,https://www.predatoryfins.com/products/designer-black-diamond-hybrid-stingray-potamotrygon-sp
predatory-fins,Designer Hybrid Stingray (Potamotrygon sp),,,,595,,USD,5.5 inches (Pearl Hybrid),5.5,in,false,2021-09-06T00:53:33-04:00,2026-08-28T05:03:39.423Z,https://www.predatoryfins.com/products/designer-black-diamond-hybrid-stingray-potamotrygon-sp
predatory-fins,Super White / Super White Cross Big Spot Black Diamond Hybrid Stingray (Potamotrygon leopoldi sp),,,Potamotrygon leopoldi,995,,USD,5.5 - 6 inches,5.75,in,false,2021-09-06T00:53:32-04:00,2026-08-28T05:03:39.423Z,https://www.predatoryfins.com/products/big-spot-black-diamond-hybrid-stingray-potamotrygon-leopoldi-sp
predatory-fins,Super White / Super White Cross Big Spot Black Diamond Hybrid Stingray (Potamotrygon leopoldi sp),,,Potamotrygon leopoldi,850,,USD,B10 (Male 9 inches),,,false,2021-09-06T00:53:32-04:00,2026-08-28T05:03:39.423Z,https://www.predatoryfins.com/products/big-spot-black-diamond-hybrid-stingray-potamotrygon-leopoldi-sp
predatory-fins,Super White / Super White Cross Big Spot Black Diamond Hybrid Stingray (Potamotrygon leopoldi sp),,,Potamotrygon leopoldi,1600,,USD,B14 (Male 6 - 6.5 inches),,,false,2021-09-06T00:53:32-04:00,2026-08-28T05:03:39.423Z,https://www.predatoryfins.com/products/big-spot-black-diamond-hybrid-stingray-potamotrygon-leopoldi-sp
predatory-fins,Super White / Super White Cross Big Spot Black Diamond Hybrid Stingray (Potamotrygon leopoldi sp),,,Potamotrygon leopoldi,650,,USD,B17 (Male 5 inches),,,false,2021-09-06T00:53:32-04:00,2026-08-28T05:03:39.423Z,https://www.predatoryfins.com/products/big-spot-black-diamond-hybrid-stingray-potamotrygon-leopoldi-sp
predatory-fins,Super White / Super White Cross Big Spot Black Diamond Hybrid Stingray (Potamotrygon leopoldi sp),,,Potamotrygon leopoldi,650,,USD,B18 (Male 5 inches),,,false,2021-09-06T00:53:32-04:00,2026-08-28T05:03:39.423Z,https://www.predatoryfins.com/products/big-spot-black-diamond-hybrid-stingray-potamotrygon-leopoldi-sp
predatory-fins,Super White / Super White Cross Big Spot Black Diamond Hybrid Stingray (Potamotrygon leopoldi sp),,,Potamotrygon leopoldi,750,,USD,B19 (Female 6.5 inches),,,false,2021-09-06T00:53:32-04:00,2026-08-28T05:03:39.423Z,https://www.predatoryfins.com/products/big-spot-black-diamond-hybrid-stingray-potamotrygon-leopoldi-sp
predatory-fins,Super White / Super White Cross Big Spot Black Diamond Hybrid Stingray (Potamotrygon leopoldi sp),,,Potamotrygon leopoldi,1200,,USD,B20 (Female 6.5 inches),,,false,2021-09-06T00:53:32-04:00,2026-08-28T05:03:39.423Z,https://www.predatoryfins.com/products/big-spot-black-diamond-hybrid-stingray-potamotrygon-leopoldi-sp
predatory-fins,Super White / Super White Cross Big Spot Black Diamond Hybrid Stingray (Potamotrygon leopoldi sp),,,Potamotrygon leopoldi,1500,,USD,B21 (Male 6.5 inches),,,true,2021-09-06T00:53:32-04:00,2026-08-28T05:03:39.423Z,https://www.predatoryfins.com/products/big-spot-black-diamond-hybrid-stingray-potamotrygon-leopoldi-sp
predatory-fins,Black Diamond Super Hybrid Stingray (Potamotrygon leopoldi sp),,,Potamotrygon leopoldi,650,,USD,5 - 6 inches,5.5,in,false,2021-09-06T00:53:32-04:00,2026-08-28T05:03:39.423Z,https://www.predatoryfins.com/products/black-diamond-super-hybrid-stingray-potamotrygon-leopoldi-sp
predatory-fins,Black Diamond Super Hybrid Stingray (Potamotrygon leopoldi sp),,,Potamotrygon leopoldi,950,,USD,8 - 9 inches,8.5,in,false,2021-09-06T00:53:32-04:00,2026-08-28T05:03:39.423Z,https://www.predatoryfins.com/products/black-diamond-super-hybrid-stingray-potamotrygon-leopoldi-sp
predatory-fins,Black Diamond Super Hybrid Stingray (Potamotrygon leopoldi sp),,,Potamotrygon leopoldi,950,,USD,B2 Female (5.5 - 6 inches),,,false,2021-09-06T00:53:32-04:00,2026-08-28T05:03:39.423Z,https://www.predatoryfins.com/products/black-diamond-super-hybrid-stingray-potamotrygon-leopoldi-sp
predatory-fins,Atlantic Stingray (Dasyatis sabina),,,Dasyatis sabina,350,,USD,"4"" - 5"" Inches",4,in,false,2021-09-06T00:53:31-04:00,2026-08-28T05:03:39.423Z,https://www.predatoryfins.com/products/atlantic-stingray-dasyatis-sabina
predatory-fins,King Kong Red Mammon Parrot Cichlid (Cichlasoma sp),,,,325,,USD,8 - 8.5 inches,8.25,in,false,2021-09-06T00:42:47-04:00,2026-08-28T05:03:39.423Z,https://www.predatoryfins.com/products/king-kong-red-mammon-parrot-cichlid-cichlasoma-sp
predatory-fins,King Kong Red Mammon Parrot Cichlid (Cichlasoma sp),,,,575,,USD,9 inches,9,in,false,2021-09-06T00:42:47-04:00,2026-08-28T05:03:39.423Z,https://www.predatoryfins.com/products/king-kong-red-mammon-parrot-cichlid-cichlasoma-sp
predatory-fins,King Kong Red Mammon Parrot Cichlid (Cichlasoma sp),,,,750,,USD,11 - 12 inches,11.5,in,false,2021-09-06T00:42:47-04:00,2026-08-28T05:03:39.423Z,https://www.predatoryfins.com/products/king-kong-red-mammon-parrot-cichlid-cichlasoma-sp
predatory-fins,Giant Red Tail Gourami (Osphronemus laticlavius),,,Osphronemus laticlavius,45,,USD,2.5 inches,2.5,in,false,2021-09-06T00:41:06-04:00,2026-08-28T05:03:39.423Z,https://www.predatoryfins.com/products/giant-red-tail-gourami-osphronemus-laticlavius
predatory-fins,Giant Red Tail Gourami (Osphronemus laticlavius),,,Osphronemus laticlavius,55,,USD,3 - 3.5 inches,3.25,in,false,2021-09-06T00:41:06-04:00,2026-08-28T05:03:39.423Z,https://www.predatoryfins.com/products/giant-red-tail-gourami-osphronemus-laticlavius
predatory-fins,Giant Red Tail Gourami (Osphronemus laticlavius),,,Osphronemus laticlavius,75,,USD,4 inches,4,in,false,2021-09-06T00:41:06-04:00,2026-08-28T05:03:39.423Z,https://www.predatoryfins.com/products/giant-red-tail-gourami-osphronemus-laticlavius
predatory-fins,Giant Red Tail Gourami (Osphronemus laticlavius),,,Osphronemus laticlavius,125,,USD,5.5 - 6 inches,5.75,in,false,2021-09-06T00:41:06-04:00,2026-08-28T05:03:39.423Z,https://www.predatoryfins.com/products/giant-red-tail-gourami-osphronemus-laticlavius
predatory-fins,Giant Red Tail Gourami (Osphronemus laticlavius),,,Osphronemus laticlavius,175,,USD,6.5 - 7 inches,6.75,in,false,2021-09-06T00:41:06-04:00,2026-08-28T05:03:39.423Z,https://www.predatoryfins.com/products/giant-red-tail-gourami-osphronemus-laticlavius
predatory-fins,Giant Red Tail Gourami (Osphronemus laticlavius),,,Osphronemus laticlavius,195,,USD,6 - 6.5 inches (High Body),6.25,in,false,2021-09-06T00:41:06-04:00,2026-08-28T05:03:39.423Z,https://www.predatoryfins.com/products/giant-red-tail-gourami-osphronemus-laticlavius
predatory-fins,Giant Gourami (Osphronemus gorami),,,Osphronemus gorami,25,,USD,3 inches,3,in,false,2021-09-06T00:41:05-04:00,2026-08-28T05:03:39.423Z,https://www.predatoryfins.com/products/giant-gourami-osphronemus-gorami
predatory-fins,Giant Gourami (Osphronemus gorami),,,Osphronemus gorami,35,,USD,4 inches,4,in,false,2021-09-06T00:41:05-04:00,2026-08-28T05:03:39.423Z,https://www.predatoryfins.com/products/giant-gourami-osphronemus-gorami
predatory-fins,Short body Indo Datnoid (Datnioides microlepis),,,Datnioides microlepis,125,,USD,"1.5""-2"" inches",1.5,in,false,2021-09-06T00:39:24-04:00,2026-08-28T05:03:39.423Z,https://www.predatoryfins.com/products/short-body-indo-datnoid-datnioides-microlepis
predatory-fins,Short Body Mono Peacock Bass (Cichla monoculus),,,Cichla monoculus,185,,USD,"6"" - 7"" inches",6,in,false,2021-09-06T00:39:17-04:00,2026-08-28T05:03:39.423Z,https://www.predatoryfins.com/products/short-body-mono-peacock-bass-cichla-monoculus
predatory-fins,Longfin / Veiltail Tiger Oscar Cichlid (Astronotus ocellatus),,,Astronotus ocellatus,18,,USD,2.5 - 3 inches,2.75,in,false,2021-09-06T00:32:46-04:00,2026-08-28T05:03:39.423Z,https://www.predatoryfins.com/products/longfin-veiltail-tiger-oscar-cichlid-astronotus-ocellatus
predatory-fins,Longfin / Veiltail Tiger Oscar Cichlid (Astronotus ocellatus),,,Astronotus ocellatus,22,,USD,"3.5"" - 4"" inches",3.5,in,false,2021-09-06T00:32:46-04:00,2026-08-28T05:03:39.423Z,https://www.predatoryfins.com/products/longfin-veiltail-tiger-oscar-cichlid-astronotus-ocellatus
predatory-fins,Albino Snow Tiger Oscar (Astronotus ocellatus),,,Astronotus ocellatus,30,,USD,2 inches,2,in,false,2021-09-06T00:32:45-04:00,2026-08-28T05:03:39.423Z,https://www.predatoryfins.com/products/albino-snow-tiger-oscar-astronotus-ocellatus
predatory-fins,Albino Snow Tiger Oscar (Astronotus ocellatus),,,Astronotus ocellatus,55,,USD,3 inches,3,in,false,2021-09-06T00:32:45-04:00,2026-08-28T05:03:39.423Z,https://www.predatoryfins.com/products/albino-snow-tiger-oscar-astronotus-ocellatus
predatory-fins,Albino Snow Tiger Oscar (Astronotus ocellatus),,,Astronotus ocellatus,65,,USD,4 inches,4,in,false,2021-09-06T00:32:45-04:00,2026-08-28T05:03:39.423Z,https://www.predatoryfins.com/products/albino-snow-tiger-oscar-astronotus-ocellatus
predatory-fins,Short Body Albino Red Tiger Longfin Oscar Cichlid (Astronotus ocellatus),,,Astronotus ocellatus,100,,USD,4” inches,,,false,2021-09-06T00:32:36-04:00,2026-08-28T05:03:39.423Z,https://www.predatoryfins.com/products/short-body-albino-red-tiger-longfin-oscar-cichlid-astronotus-ocellatus
predatory-fins,Albino Lemon Oscar Cichlid (Astronotus ocellatus),,,Astronotus ocellatus,28,40,USD,1.5 - 1.75 inches,1.63,in,false,2021-09-06T00:32:35-04:00,2026-08-28T05:03:39.423Z,https://www.predatoryfins.com/products/lemon-oscar-cichlid-astronotus-ocellatus
predatory-fins,Albino Lemon Oscar Cichlid (Astronotus ocellatus),,,Astronotus ocellatus,45,55,USD,2.5 - 2.75 inches,2.63,in,false,2021-09-06T00:32:35-04:00,2026-08-28T05:03:39.423Z,https://www.predatoryfins.com/products/lemon-oscar-cichlid-astronotus-ocellatus
predatory-fins,Albino Lemon Oscar Cichlid (Astronotus ocellatus),,,Astronotus ocellatus,95,,USD,4 - 4.5 inches,4.25,in,true,2021-09-06T00:32:35-04:00,2026-08-28T05:03:39.423Z,https://www.predatoryfins.com/products/lemon-oscar-cichlid-astronotus-ocellatus
predatory-fins,Albino Lemon Oscar Cichlid (Astronotus ocellatus),,,Astronotus ocellatus,145,,USD,5 inches,5,in,false,2021-09-06T00:32:35-04:00,2026-08-28T05:03:39.423Z,https://www.predatoryfins.com/products/lemon-oscar-cichlid-astronotus-ocellatus
predatory-fins,Albino Lemon Oscar Cichlid (Astronotus ocellatus),,,Astronotus ocellatus,175,,USD,6 - 6.5 inches,6.25,in,false,2021-09-06T00:32:35-04:00,2026-08-28T05:03:39.423Z,https://www.predatoryfins.com/products/lemon-oscar-cichlid-astronotus-ocellatus
predatory-fins,Albino Lemon Oscar Cichlid (Astronotus ocellatus),,,Astronotus ocellatus,195,295,USD,8 inches,8,in,false,2021-09-06T00:32:35-04:00,2026-08-28T05:03:39.423Z,https://www.predatoryfins.com/products/lemon-oscar-cichlid-astronotus-ocellatus
predatory-fins,Albino Lemon Oscar Cichlid (Astronotus ocellatus),,,Astronotus ocellatus,350,,USD,9 - 10 inches,9.5,in,false,2021-09-06T00:32:35-04:00,2026-08-28T05:03:39.423Z,https://www.predatoryfins.com/products/lemon-oscar-cichlid-astronotus-ocellatus
predatory-fins,Platinum Butterfly Koi Fish (Cyprinus carpio),,,Cyprinus carpio,30,,USD,"4"" - 5"" Inches",4,in,false,2021-09-06T00:31:29-04:00,2026-08-28T05:03:39.423Z,https://www.predatoryfins.com/products/platinum-butterfly-koi-fish-cyprinus-carpio
predatory-fins,Ranchu Goldfish (Carassius auratus),,,Carassius auratus,7,,USD,"3"" - 3.5"" inches",3,in,false,2021-09-06T00:30:48-04:00,2026-08-28T05:03:39.423Z,https://www.predatoryfins.com/products/ranchu-goldfish-carassius-auratus
predatory-fins,Ping Pong Pearlscale Goldfish (Carassius auratus),,,Carassius auratus,15,,USD,2.5” - 3” inches,,,false,2021-09-06T00:30:47-04:00,2026-08-28T05:03:39.423Z,https://www.predatoryfins.com/products/ping-pong-pearlscale-goldfish-carassius-auratus
predatory-fins,Oranda Goldfish (Carassius auratus),,,Carassius auratus,60,,USD,4.5 - 5.5 inches,5,in,false,2021-09-06T00:30:46-04:00,2026-08-28T05:03:39.423Z,https://www.predatoryfins.com/products/oranda-goldfish-carassius-auratus
predatory-fins,Oranda Goldfish (Carassius auratus),,,Carassius auratus,55,,USD,6 - 6.5 inches,6.25,in,false,2021-09-06T00:30:46-04:00,2026-08-28T05:03:39.423Z,https://www.predatoryfins.com/products/oranda-goldfish-carassius-auratus
predatory-fins,Bubble Eye Goldfish (Carassius auratus),,,Carassius auratus,10,,USD,"3"" - 4"" inches",3,in,false,2021-09-06T00:30:45-04:00,2026-08-28T05:03:39.423Z,https://www.predatoryfins.com/products/bubble-eye-goldfish-carassius-auratus
predatory-fins,Moor Panda Butterfly Telescope Goldfish (Carassius auratus),,,Carassius auratus,19,,USD,1.5 inches,1.5,in,false,2021-09-06T00:30:45-04:00,2026-08-28T05:03:39.423Z,https://www.predatoryfins.com/products/moor-panda-butterfly-telescope-goldfish-carassius-auratus
predatory-fins,Moor Panda Butterfly Telescope Goldfish (Carassius auratus),,,Carassius auratus,26,,USD,2 - 2.5 inches,2.25,in,false,2021-09-06T00:30:45-04:00,2026-08-28T05:03:39.423Z,https://www.predatoryfins.com/products/moor-panda-butterfly-telescope-goldfish-carassius-auratus
predatory-fins,Short Body Flowerhorn Parrot (Cichlasoma trimaculatum sp),,,Cichlasoma trimaculatum,150,,USD,Default Title,,,false,2021-09-06T00:28:39-04:00,2026-08-28T05:03:39.423Z,https://www.predatoryfins.com/products/short-body-flowerhorn-parrot-cichlasoma-trimaculatum-sp
predatory-fins,Golden Red Pearl Flowerhorn Parrot Cichlid (Cichlasoma trimaculatum sp),,,Cichlasoma trimaculatum,100,150,USD,4 inches,4,in,false,2021-09-06T00:28:38-04:00,2026-08-28T05:03:39.423Z,https://www.predatoryfins.com/products/golden-red-pearl-flowerhorn-parrot-cichlid-cichlasoma-trimaculatum-sp
predatory-fins,Golden Red Pearl Flowerhorn Parrot Cichlid (Cichlasoma trimaculatum sp),,,Cichlasoma trimaculatum,275,,USD,5 - 5.5 inches,5.25,in,false,2021-09-06T00:28:38-04:00,2026-08-28T05:03:39.423Z,https://www.predatoryfins.com/products/golden-red-pearl-flowerhorn-parrot-cichlid-cichlasoma-trimaculatum-sp
predatory-fins,Golden Red Pearl Flowerhorn Parrot Cichlid (Cichlasoma trimaculatum sp),,,Cichlasoma trimaculatum,250,150,USD,6 .5 - 7 inches,,,false,2021-09-06T00:28:38-04:00,2026-08-28T05:03:39.423Z,https://www.predatoryfins.com/products/golden-red-pearl-flowerhorn-parrot-cichlid-cichlasoma-trimaculatum-sp
predatory-fins,Golden Base Flowerhorn Cichlid (Cichlasoma sp),sp_flowerhorn,alias,,195,250,USD,GB3 (4.5 - 5 inches),,,false,2021-09-06T00:28:35-04:00,2026-08-28T05:03:39.423Z,https://www.predatoryfins.com/products/golden-base-flowerhorn-cichlid-cichlasoma-sp
predatory-fins,Golden Base Flowerhorn Cichlid (Cichlasoma sp),sp_flowerhorn,alias,,325,,USD,GB12(6.5 - 7 inches),,,false,2021-09-06T00:28:35-04:00,2026-08-28T05:03:39.423Z,https://www.predatoryfins.com/products/golden-base-flowerhorn-cichlid-cichlasoma-sp
predatory-fins,Golden Base Flowerhorn Cichlid (Cichlasoma sp),sp_flowerhorn,alias,,285,,USD,GB13 (6.5 - 7 inches),,,false,2021-09-06T00:28:35-04:00,2026-08-28T05:03:39.423Z,https://www.predatoryfins.com/products/golden-base-flowerhorn-cichlid-cichlasoma-sp
predatory-fins,Kamfa Flowerhorn Cichlid (Cichlasoma sp),sp_flowerhorn,alias,,99,,USD,2.5 - 3 inches,2.75,in,false,2021-09-06T00:28:32-04:00,2026-08-28T05:03:39.423Z,https://www.predatoryfins.com/products/kamfa-flowerhorn-cichlid-cichlasoma-sp
predatory-fins,Boesemani Rainbowfish (Melanotaenia boesemani),,,Melanotaenia boesemani,10.99,,USD,1.5 - 2 inches,1.75,in,false,2021-09-06T00:26:39-04:00,2026-08-28T05:03:39.423Z,https://www.predatoryfins.com/products/boesemani-rainbowfish-melanotaenia-boesemani
predatory-fins,Boesemani Rainbowfish (Melanotaenia boesemani),,,Melanotaenia boesemani,28,,USD,2.75 - 3 inches,2.88,in,false,2021-09-06T00:26:39-04:00,2026-08-28T05:03:39.423Z,https://www.predatoryfins.com/products/boesemani-rainbowfish-melanotaenia-boesemani
predatory-fins,Albino Koi Guppy (Poecilia reticulata),sp_guppy,scientific-name,Poecilia reticulata,30,,USD,1.5 to 2 inches (Breeding Pair),1.75,in,false,2021-09-06T00:25:41-04:00,2026-08-28T05:03:39.423Z,https://www.predatoryfins.com/products/albino-koi-guppy-poecilia-reticulata
predatory-fins,Blackberry Silver Dollar (Myleus schomburgkii sp),,,Myleus schomburgkii,30,,USD,1.75 - 2 inches,1.88,in,true,2021-09-06T00:21:32-04:00,2026-08-28T05:03:39.423Z,https://www.predatoryfins.com/products/blackberry-silver-dollar-myleus-schomburgkii-sp
predatory-fins,Blackberry Silver Dollar (Myleus schomburgkii sp),,,Myleus schomburgkii,38,,USD,2.5 - 3 inches,2.75,in,false,2021-09-06T00:21:32-04:00,2026-08-28T05:03:39.423Z,https://www.predatoryfins.com/products/blackberry-silver-dollar-myleus-schomburgkii-sp
predatory-fins,Blackberry Silver Dollar (Myleus schomburgkii sp),,,Myleus schomburgkii,75,,USD,4 - 4.5 inches,4.25,in,false,2021-09-06T00:21:32-04:00,2026-08-28T05:03:39.423Z,https://www.predatoryfins.com/products/blackberry-silver-dollar-myleus-schomburgkii-sp
predatory-fins,Red Belly Pacu (Piaractus brachypomum),,,Piaractus brachypomum,30,,USD,3 - 4 Inches,3.5,in,false,2021-09-06T00:20:32-04:00,2026-08-28T05:03:39.423Z,https://www.predatoryfins.com/products/red-belly-pacu-piaractus-brachypomum
predatory-fins,Tiger Silver Dollar (Metynnis fasciatus),,,Metynnis fasciatus,25,,USD,.75 - 1 inches,,,false,2021-09-06T00:20:31-04:00,2026-08-28T05:03:39.423Z,https://www.predatoryfins.com/products/tiger-silver-dollar-metynnis-fasciatus
predatory-fins,Tiger Silver Dollar (Metynnis fasciatus),,,Metynnis fasciatus,30,,USD,1.5 inches,1.5,in,false,2021-09-06T00:20:31-04:00,2026-08-28T05:03:39.423Z,https://www.predatoryfins.com/products/tiger-silver-dollar-metynnis-fasciatus
predatory-fins,Tiger Silver Dollar (Metynnis fasciatus),,,Metynnis fasciatus,35,,USD,2 - 2.5 inches,2.25,in,false,2021-09-06T00:20:31-04:00,2026-08-28T05:03:39.423Z,https://www.predatoryfins.com/products/tiger-silver-dollar-metynnis-fasciatus
predatory-fins,Tiger Silver Dollar (Metynnis fasciatus),,,Metynnis fasciatus,100,,USD,4 - 5 Inches,4.5,in,false,2021-09-06T00:20:31-04:00,2026-08-28T05:03:39.423Z,https://www.predatoryfins.com/products/tiger-silver-dollar-metynnis-fasciatus
predatory-fins,Short Body Albino Tinfoil Barb (Barbonymus schwanenfeldii),,,Barbonymus schwanenfeldii,75,,USD,3.5 - 4 inches,3.75,in,false,2021-09-05T23:18:23-04:00,2026-08-28T05:03:39.423Z,https://www.predatoryfins.com/products/short-body-albino-tinfoil-barb-barbonymus-schwanenfeldii
predatory-fins,Short Body Albino Tinfoil Barb (Barbonymus schwanenfeldii),,,Barbonymus schwanenfeldii,75,125,USD,5 inches,5,in,false,2021-09-05T23:18:23-04:00,2026-08-28T05:03:39.423Z,https://www.predatoryfins.com/products/short-body-albino-tinfoil-barb-barbonymus-schwanenfeldii
predatory-fins,Siamese Giant Barb (Catlocarpio siamensis),,,Catlocarpio siamensis,45,,USD,3 - 3.5 inches,3.25,in,false,2021-09-05T23:18:22-04:00,2026-08-28T05:03:39.423Z,https://www.predatoryfins.com/products/siamese-giant-barb-catlocarpio-siamensis
predatory-fins,Siamese Giant Barb (Catlocarpio siamensis),,,Catlocarpio siamensis,55,,USD,4 - 4.5 inches,4.25,in,false,2021-09-05T23:18:22-04:00,2026-08-28T05:03:39.423Z,https://www.predatoryfins.com/products/siamese-giant-barb-catlocarpio-siamensis
predatory-fins,Siamese Giant Barb (Catlocarpio siamensis),,,Catlocarpio siamensis,85,,USD,5 - 5.5 inches,5.25,in,false,2021-09-05T23:18:22-04:00,2026-08-28T05:03:39.423Z,https://www.predatoryfins.com/products/siamese-giant-barb-catlocarpio-siamensis
predatory-fins,Siamese Giant Barb (Catlocarpio siamensis),,,Catlocarpio siamensis,95,,USD,6 - 6.5 inches,6.25,in,false,2021-09-05T23:18:22-04:00,2026-08-28T05:03:39.423Z,https://www.predatoryfins.com/products/siamese-giant-barb-catlocarpio-siamensis
predatory-fins,Wild Green Discus (Symphysodon aequifasciatus),,,Symphysodon aequifasciatus,85,,USD,6 inches,6,in,false,2021-09-05T02:08:09-04:00,2026-08-28T05:03:39.423Z,https://www.predatoryfins.com/products/wild-green-discus-symphysodon-aequifasciatus
predatory-fins,Tiger Pigeon Snakeskin Discus (Symphysodon aequifasciatus),,,Symphysodon aequifasciatus,95,,USD,4.5 inches,4.5,in,false,2021-09-05T02:08:08-04:00,2026-08-28T05:03:39.423Z,https://www.predatoryfins.com/products/tiger-pigeon-snakeskin-discus-symphysodon-aequifasciatus
predatory-fins,Red Congo Puffer Fish (Tetraodon miurus),sp_congo_puffer,scientific-name,Tetraodon miurus,95,,USD,1 - 1.25 inches,1.13,in,false,2021-09-04T01:13:28-04:00,2026-08-28T05:03:39.423Z,https://www.predatoryfins.com/products/red-congo-puffer-fish-tetraodon-miurus
predatory-fins,Red Congo Puffer Fish (Tetraodon miurus),sp_congo_puffer,scientific-name,Tetraodon miurus,175,,USD,1 - 1.25 inches (Super Red),1.13,in,false,2021-09-04T01:13:28-04:00,2026-08-28T05:03:39.423Z,https://www.predatoryfins.com/products/red-congo-puffer-fish-tetraodon-miurus
predatory-fins,Red Congo Puffer Fish (Tetraodon miurus),sp_congo_puffer,scientific-name,Tetraodon miurus,110,,USD,2.5 inches,2.5,in,false,2021-09-04T01:13:28-04:00,2026-08-28T05:03:39.423Z,https://www.predatoryfins.com/products/red-congo-puffer-fish-tetraodon-miurus
predatory-fins,Red Congo Puffer Fish (Tetraodon miurus),sp_congo_puffer,scientific-name,Tetraodon miurus,195,,USD,1.5 - 2 inches (Super Red),1.75,in,false,2021-09-04T01:13:28-04:00,2026-08-28T05:03:39.423Z,https://www.predatoryfins.com/products/red-congo-puffer-fish-tetraodon-miurus
predatory-fins,Red Congo Puffer Fish (Tetraodon miurus),sp_congo_puffer,scientific-name,Tetraodon miurus,125,,USD,3 inches,3,in,false,2021-09-04T01:13:28-04:00,2026-08-28T05:03:39.423Z,https://www.predatoryfins.com/products/red-congo-puffer-fish-tetraodon-miurus
predatory-fins,Orange Saddle Fugu Puffer Fish (Takifugu ocellatus),,,Takifugu ocellatus,40,,USD,"3"" - 4"" inches",3,in,false,2021-09-04T01:13:27-04:00,2026-08-28T05:03:39.423Z,https://www.predatoryfins.com/products/orange-saddle-fugu-puffer-fish-takifugu-ocellatus
predatory-fins,Giant Mbu Puffer Fish (Tetraodon mbu),,,Tetraodon mbu,175,,USD,2 - 2.5 inches,2.25,in,false,2021-09-04T01:13:27-04:00,2026-08-28T05:03:39.423Z,https://www.predatoryfins.com/products/giant-mbu-puffer-fish-tetraodon-mbu
predatory-fins,Giant Mbu Puffer Fish (Tetraodon mbu),,,Tetraodon mbu,195,,USD,3 - 3.5 inches,3.25,in,false,2021-09-04T01:13:27-04:00,2026-08-28T05:03:39.423Z,https://www.predatoryfins.com/products/giant-mbu-puffer-fish-tetraodon-mbu
predatory-fins,Giant Mbu Puffer Fish (Tetraodon mbu),,,Tetraodon mbu,235,,USD,4 - 4.5 inches,4.25,in,true,2021-09-04T01:13:27-04:00,2026-08-28T05:03:39.423Z,https://www.predatoryfins.com/products/giant-mbu-puffer-fish-tetraodon-mbu
predatory-fins,Giant Mbu Puffer Fish (Tetraodon mbu),,,Tetraodon mbu,255,,USD,5 - 5.5 inches,5.25,in,false,2021-09-04T01:13:27-04:00,2026-08-28T05:03:39.423Z,https://www.predatoryfins.com/products/giant-mbu-puffer-fish-tetraodon-mbu
predatory-fins,Giant Mbu Puffer Fish (Tetraodon mbu),,,Tetraodon mbu,295,,USD,6 - 6.5 inches,6.25,in,false,2021-09-04T01:13:27-04:00,2026-08-28T05:03:39.423Z,https://www.predatoryfins.com/products/giant-mbu-puffer-fish-tetraodon-mbu
predatory-fins,Giant Mbu Puffer Fish (Tetraodon mbu),,,Tetraodon mbu,350,,USD,7 - 7.5 inches,7.25,in,false,2021-09-04T01:13:27-04:00,2026-08-28T05:03:39.423Z,https://www.predatoryfins.com/products/giant-mbu-puffer-fish-tetraodon-mbu
predatory-fins,Giant Mbu Puffer Fish (Tetraodon mbu),,,Tetraodon mbu,425,,USD,8 - 8.5 inches,8.25,in,false,2021-09-04T01:13:27-04:00,2026-08-28T05:03:39.423Z,https://www.predatoryfins.com/products/giant-mbu-puffer-fish-tetraodon-mbu
predatory-fins,Giant Mbu Puffer Fish (Tetraodon mbu),,,Tetraodon mbu,595,,USD,9 - 10 inches,9.5,in,false,2021-09-04T01:13:27-04:00,2026-08-28T05:03:39.423Z,https://www.predatoryfins.com/products/giant-mbu-puffer-fish-tetraodon-mbu
predatory-fins,Giant Mbu Puffer Fish (Tetraodon mbu),,,Tetraodon mbu,850,,USD,13 - 14 inches,13.5,in,false,2021-09-04T01:13:27-04:00,2026-08-28T05:03:39.423Z,https://www.predatoryfins.com/products/giant-mbu-puffer-fish-tetraodon-mbu
predatory-fins,Spotted Congo Puffer Fish (Tetraodon schoutedeni),,,Tetraodon schoutedeni,95,,USD,1.5 inches,1.5,in,false,2021-09-04T01:13:26-04:00,2026-08-28T05:03:39.423Z,https://www.predatoryfins.com/products/spotted-congo-puffer-fish-tetraodon-schoutedeni
predatory-fins,Spotted Congo Puffer Fish (Tetraodon schoutedeni),,,Tetraodon schoutedeni,110,,USD,2 - 2.25 inches,2.13,in,false,2021-09-04T01:13:26-04:00,2026-08-28T05:03:39.423Z,https://www.predatoryfins.com/products/spotted-congo-puffer-fish-tetraodon-schoutedeni
predatory-fins,Spotted Congo Puffer Fish (Tetraodon schoutedeni),,,Tetraodon schoutedeni,145,,USD,2.75 - 3 inches,2.88,in,false,2021-09-04T01:13:26-04:00,2026-08-28T05:03:39.423Z,https://www.predatoryfins.com/products/spotted-congo-puffer-fish-tetraodon-schoutedeni
predatory-fins,Golden Avocado Puffer Fish (Auriglobus modestus),,,Auriglobus modestus,25,,USD,1.5 - 2 inches,1.75,in,false,2021-09-04T01:13:25-04:00,2026-08-28T05:03:39.423Z,https://www.predatoryfins.com/products/golden-avocado-puffer-fish-auriglobus-modestus
predatory-fins,Golden Avocado Puffer Fish (Auriglobus modestus),,,Auriglobus modestus,35,,USD,2.5 - 3 inches,2.75,in,false,2021-09-04T01:13:25-04:00,2026-08-28T05:03:39.423Z,https://www.predatoryfins.com/products/golden-avocado-puffer-fish-auriglobus-modestus
predatory-fins,Golden Avocado Puffer Fish (Auriglobus modestus),,,Auriglobus modestus,45,,USD,3.5 inches,3.5,in,false,2021-09-04T01:13:25-04:00,2026-08-28T05:03:39.423Z,https://www.predatoryfins.com/products/golden-avocado-puffer-fish-auriglobus-modestus
predatory-fins,Golden Avocado Puffer Fish (Auriglobus modestus),,,Auriglobus modestus,55,,USD,4.5 inches,4.5,in,false,2021-09-04T01:13:25-04:00,2026-08-28T05:03:39.423Z,https://www.predatoryfins.com/products/golden-avocado-puffer-fish-auriglobus-modestus
predatory-fins,Congo Puffer Fish (Tetraodon miurus),sp_congo_puffer,scientific-name,Tetraodon miurus,45,,USD,1 inches,1,in,false,2021-09-04T01:13:25-04:00,2026-08-28T05:03:39.423Z,https://www.predatoryfins.com/products/congo-puffer-fish-tetraodon-miurus
predatory-fins,Congo Puffer Fish (Tetraodon miurus),sp_congo_puffer,scientific-name,Tetraodon miurus,65,,USD,2 - 2.5 inches,2.25,in,false,2021-09-04T01:13:25-04:00,2026-08-28T05:03:39.423Z,https://www.predatoryfins.com/products/congo-puffer-fish-tetraodon-miurus
predatory-fins,Congo Puffer Fish (Tetraodon miurus),sp_congo_puffer,scientific-name,Tetraodon miurus,95,,USD,3 - 3.5 inches,3.25,in,false,2021-09-04T01:13:25-04:00,2026-08-28T05:03:39.423Z,https://www.predatoryfins.com/products/congo-puffer-fish-tetraodon-miurus
predatory-fins,Platinum Angelfish veiltail (Pterophyllum scalare),,,Pterophyllum scalare,12,,USD,1.5 inches,1.5,in,false,2021-09-04T01:06:45-04:00,2026-08-28T05:03:39.423Z,https://www.predatoryfins.com/products/platinum-angelfish-pterophyllum-scalare
predatory-fins,Platinum Angelfish veiltail (Pterophyllum scalare),,,Pterophyllum scalare,18,,USD,2 - 2.5 inches,2.25,in,false,2021-09-04T01:06:45-04:00,2026-08-28T05:03:39.423Z,https://www.predatoryfins.com/products/platinum-angelfish-pterophyllum-scalare
predatory-fins,Platinum Angelfish veiltail (Pterophyllum scalare),,,Pterophyllum scalare,40,,USD,3 - 3.5 inches,3.25,in,false,2021-09-04T01:06:45-04:00,2026-08-28T05:03:39.423Z,https://www.predatoryfins.com/products/platinum-angelfish-pterophyllum-scalare
predatory-fins,Platinum Angelfish veiltail (Pterophyllum scalare),,,Pterophyllum scalare,65,,USD,4.5 - 5 inches,4.75,in,false,2021-09-04T01:06:45-04:00,2026-08-28T05:03:39.423Z,https://www.predatoryfins.com/products/platinum-angelfish-pterophyllum-scalare
predatory-fins,Calico Angelfish (Pterophyllum scalare),,,Pterophyllum scalare,25,,USD,3 inches,3,in,false,2021-09-04T01:06:39-04:00,2026-08-28T05:03:39.423Z,https://www.predatoryfins.com/products/calico-angelfish-pterophyllum-scalare
predatory-fins,Calico Angelfish (Pterophyllum scalare),,,Pterophyllum scalare,20,45,USD,4 - 4.5 inches (Veiltail),4.25,in,false,2021-09-04T01:06:39-04:00,2026-08-28T05:03:39.423Z,https://www.predatoryfins.com/products/calico-angelfish-pterophyllum-scalare
predatory-fins,Belonesox Saber Tooth Pike (Belonesox belizanus),,,Belonesox belizanus,25,,USD,"4"" - 5"" Inches",4,in,false,2021-09-04T00:51:51-04:00,2026-08-28T05:03:39.423Z,https://www.predatoryfins.com/products/belonesox-saber-tooth-pike-belonesox-belizanus
predatory-fins,Red Atabapo Pike Cichlid (Crenicichla sp),,,,65,,USD,4 - 4.5 inches,4.25,in,false,2021-09-04T00:51:44-04:00,2026-08-28T05:03:39.423Z,https://www.predatoryfins.com/products/red-atabapo-pike-cichlid-crenicichla-sp
predatory-fins,Red Atabapo Pike Cichlid (Crenicichla sp),,,,95,220,USD,8 - 8.5 inches (Super red),8.25,in,false,2021-09-04T00:51:44-04:00,2026-08-28T05:03:39.423Z,https://www.predatoryfins.com/products/red-atabapo-pike-cichlid-crenicichla-sp
predatory-fins,Red Atabapo Pike Cichlid (Crenicichla sp),,,,225,295,USD,11 - 12 inches,11.5,in,false,2021-09-04T00:51:44-04:00,2026-08-28T05:03:39.423Z,https://www.predatoryfins.com/products/red-atabapo-pike-cichlid-crenicichla-sp
predatory-fins,Red Atabapo Pike Cichlid (Crenicichla sp),,,,250,,USD,13 - 14 inches,13.5,in,false,2021-09-04T00:51:44-04:00,2026-08-28T05:03:39.423Z,https://www.predatoryfins.com/products/red-atabapo-pike-cichlid-crenicichla-sp
predatory-fins,Red Finned Johanna Pike Cichlid (Crencichla johanna),,,Crencichla johanna,95,120,USD,7 -8 inches,7.5,in,false,2021-09-04T00:51:42-04:00,2026-08-28T05:03:39.423Z,https://www.predatoryfins.com/products/red-finned-johanna-pike-cichlid-crencichla-johanna
predatory-fins,Chain Pickerel (Esox niger),,,Esox niger,65,,USD,3 - 3.5 inches,3.25,in,false,2021-09-04T00:51:41-04:00,2026-08-28T05:03:39.423Z,https://www.predatoryfins.com/products/chain-pickerel-esox-niger
predatory-fins,Chain Pickerel (Esox niger),,,Esox niger,85,,USD,5 inches,5,in,false,2021-09-04T00:51:41-04:00,2026-08-28T05:03:39.423Z,https://www.predatoryfins.com/products/chain-pickerel-esox-niger
predatory-fins,Green Pike Cichlid (Crenicichla cincta),,,Crenicichla cincta,100,,USD,"13"" - 14"" inches",13,in,false,2021-09-04T00:51:41-04:00,2026-08-28T05:03:39.423Z,https://www.predatoryfins.com/products/green-pike-cichlid-crenicichla-cincta
predatory-fins,Bala Shark (Balantiocheilos melanopterus),,,Balantiocheilos melanopterus,65,,USD,"6"" - 7"" inches",6,in,false,2021-09-04T00:39:45-04:00,2026-08-28T05:03:39.423Z,https://www.predatoryfins.com/products/bala-shark-balantiocheilos-melanopterus
predatory-fins,Bala Shark (Balantiocheilos melanopterus),,,Balantiocheilos melanopterus,85,,USD,"8"" - 10"" Inches",8,in,false,2021-09-04T00:39:45-04:00,2026-08-28T05:03:39.423Z,https://www.predatoryfins.com/products/bala-shark-balantiocheilos-melanopterus
predatory-fins,Bala Shark (Balantiocheilos melanopterus),,,Balantiocheilos melanopterus,155,,USD,"9"" - 12""",9,in,false,2021-09-04T00:39:45-04:00,2026-08-28T05:03:39.423Z,https://www.predatoryfins.com/products/bala-shark-balantiocheilos-melanopterus
predatory-fins,Chinese High Fin Loach (Myxocyprinus asiaticus),,,Myxocyprinus asiaticus,15,,USD,1 inch,1,in,false,2021-09-04T00:39:44-04:00,2026-08-28T05:03:39.423Z,https://www.predatoryfins.com/products/chinese-high-fin-loach-myxocyprinus-asiaticus
predatory-fins,Chinese High Fin Loach (Myxocyprinus asiaticus),,,Myxocyprinus asiaticus,25,,USD,2.5 inches,2.5,in,false,2021-09-04T00:39:44-04:00,2026-08-28T05:03:39.423Z,https://www.predatoryfins.com/products/chinese-high-fin-loach-myxocyprinus-asiaticus
predatory-fins,Chinese High Fin Loach (Myxocyprinus asiaticus),,,Myxocyprinus asiaticus,65,,USD,3 - 3.5 inches (Short Body),3.25,in,true,2021-09-04T00:39:44-04:00,2026-08-28T05:03:39.423Z,https://www.predatoryfins.com/products/chinese-high-fin-loach-myxocyprinus-asiaticus
predatory-fins,Chinese High Fin Loach (Myxocyprinus asiaticus),,,Myxocyprinus asiaticus,38,,USD,4 - 4.5 inches,4.25,in,false,2021-09-04T00:39:44-04:00,2026-08-28T05:03:39.423Z,https://www.predatoryfins.com/products/chinese-high-fin-loach-myxocyprinus-asiaticus
predatory-fins,Chinese High Fin Loach (Myxocyprinus asiaticus),,,Myxocyprinus asiaticus,75,,USD,4.5 - 5 inches (Select Grade - red stripe potential),4.75,in,true,2021-09-04T00:39:44-04:00,2026-08-28T05:03:39.423Z,https://www.predatoryfins.com/products/chinese-high-fin-loach-myxocyprinus-asiaticus
predatory-fins,Chinese High Fin Loach (Myxocyprinus asiaticus),,,Myxocyprinus asiaticus,75,,USD,6.- 6.5 inches,,,false,2021-09-04T00:39:44-04:00,2026-08-28T05:03:39.423Z,https://www.predatoryfins.com/products/chinese-high-fin-loach-myxocyprinus-asiaticus
predatory-fins,Chinese High Fin Loach (Myxocyprinus asiaticus),,,Myxocyprinus asiaticus,195,,USD,7 - 7.5 inches,7.25,in,false,2021-09-04T00:39:44-04:00,2026-08-28T05:03:39.423Z,https://www.predatoryfins.com/products/chinese-high-fin-loach-myxocyprinus-asiaticus
predatory-fins,Chinese High Fin Loach (Myxocyprinus asiaticus),,,Myxocyprinus asiaticus,235,,USD,8 - 9 inches,8.5,in,false,2021-09-04T00:39:44-04:00,2026-08-28T05:03:39.423Z,https://www.predatoryfins.com/products/chinese-high-fin-loach-myxocyprinus-asiaticus
predatory-fins,Chinese High Fin Loach (Myxocyprinus asiaticus),,,Myxocyprinus asiaticus,375,,USD,11 - 12 inches,11.5,in,false,2021-09-04T00:39:44-04:00,2026-08-28T05:03:39.423Z,https://www.predatoryfins.com/products/chinese-high-fin-loach-myxocyprinus-asiaticus
predatory-fins,Chinese High Fin Loach (Myxocyprinus asiaticus),,,Myxocyprinus asiaticus,550,,USD,14 - 16 inches,15,in,false,2021-09-04T00:39:44-04:00,2026-08-28T05:03:39.423Z,https://www.predatoryfins.com/products/chinese-high-fin-loach-myxocyprinus-asiaticus
predatory-fins,Chinese High Fin Loach (Myxocyprinus asiaticus),,,Myxocyprinus asiaticus,3800,,USD,30 inches,30,in,false,2021-09-04T00:39:44-04:00,2026-08-28T05:03:39.423Z,https://www.predatoryfins.com/products/chinese-high-fin-loach-myxocyprinus-asiaticus
predatory-fins,Chinese High Fin Loach (Myxocyprinus asiaticus),,,Myxocyprinus asiaticus,8500,,USD,36 inches (Red Stripe),36,in,true,2021-09-04T00:39:44-04:00,2026-08-28T05:03:39.423Z,https://www.predatoryfins.com/products/chinese-high-fin-loach-myxocyprinus-asiaticus
predatory-fins,Rainbow Shark (Epalzeorhynchos frenatum),,,Epalzeorhynchos frenatum,30,,USD,"5"" - 6"" inches",5,in,false,2021-09-04T00:39:40-04:00,2026-08-28T05:03:39.423Z,https://www.predatoryfins.com/products/rainbow-shark-epalzeorhynchos-frenatum
predatory-fins,Tricolor Ghost Crayfish (Procambarus clarkii),,,Procambarus clarkii,28,,USD,"3"" - 4"" inches",3,in,false,2021-09-04T00:35:45-04:00,2026-08-28T05:03:39.423Z,https://www.predatoryfins.com/products/tricolor-ghost-crayfish-procambarus-clarkii
predatory-fins,Fire Ball Ghost Crayfish (Procambarus clarkii),,,Procambarus clarkii,20,,USD,"3"" inches",3,in,false,2021-09-04T00:34:59-04:00,2026-08-28T05:03:39.423Z,https://www.predatoryfins.com/products/fire-ball-ghost-crayfish-procambarus-clarkii
predatory-fins,Giant Australian Redclaw Crayfish (Cherax quadricarinatus),,,Cherax quadricarinatus,85,,USD,"5"" - 6"" inches",5,in,false,2021-09-04T00:32:12-04:00,2026-08-28T05:03:39.423Z,https://www.predatoryfins.com/products/giant-australian-redclaw-crayfish-cherax-quadricarinatus
predatory-fins,Giant Australian Redclaw Crayfish (Cherax quadricarinatus),,,Cherax quadricarinatus,85,,USD,"7"" - 8"" inches",7,in,false,2021-09-04T00:32:12-04:00,2026-08-28T05:03:39.423Z,https://www.predatoryfins.com/products/giant-australian-redclaw-crayfish-cherax-quadricarinatus
predatory-fins,Water Cow Goby (Bleotris fusca),,,Bleotris fusca,75,,USD,"10"" to 12"" inches",10,in,false,2021-09-04T00:29:57-04:00,2026-08-28T05:03:39.423Z,https://www.predatoryfins.com/products/water-cow-goby-bleotris-fusca
predatory-fins,Jade Sleeper Goby (Dormitator maculatus),,,Dormitator maculatus,115,,USD,8 - 9 inches,8.5,in,false,2021-09-04T00:29:55-04:00,2026-08-28T05:03:39.423Z,https://www.predatoryfins.com/products/jade-sleeper-goby-dormitator-maculatus
predatory-fins,Jade Sleeper Goby (Dormitator maculatus),,,Dormitator maculatus,185,,USD,12-14”,,,false,2021-09-04T00:29:55-04:00,2026-08-28T05:03:39.423Z,https://www.predatoryfins.com/products/jade-sleeper-goby-dormitator-maculatus
predatory-fins,Marble Sleeper Goby (Oxyeleotris marmorata),,,Oxyeleotris marmorata,35,,USD,2.5 - 3 inches,2.75,in,false,2021-09-04T00:29:55-04:00,2026-08-28T05:03:39.423Z,https://www.predatoryfins.com/products/marble-sleeper-goby-oxyeleotris-marmorata
predatory-fins,Marble Sleeper Goby (Oxyeleotris marmorata),,,Oxyeleotris marmorata,30,45,USD,4 - 4.5 inches,4.25,in,false,2021-09-04T00:29:55-04:00,2026-08-28T05:03:39.423Z,https://www.predatoryfins.com/products/marble-sleeper-goby-oxyeleotris-marmorata
predatory-fins,Clown Loach (Chromobotia macracanthus),,,Chromobotia macracanthus,28,,USD,3 - 3.5 inches,3.25,in,false,2021-09-04T00:28:20-04:00,2026-08-28T05:03:39.423Z,https://www.predatoryfins.com/products/clown-loach-chromobotia-macracanthus
predatory-fins,Clown Loach (Chromobotia macracanthus),,,Chromobotia macracanthus,195,,USD,6 - 6.5 inches,6.25,in,false,2021-09-04T00:28:20-04:00,2026-08-28T05:03:39.423Z,https://www.predatoryfins.com/products/clown-loach-chromobotia-macracanthus
predatory-fins,Clown Loach (Chromobotia macracanthus),,,Chromobotia macracanthus,450,,USD,8 - 8.5 inches,8.25,in,false,2021-09-04T00:28:20-04:00,2026-08-28T05:03:39.423Z,https://www.predatoryfins.com/products/clown-loach-chromobotia-macracanthus
predatory-fins,Clown Loach (Chromobotia macracanthus),,,Chromobotia macracanthus,525,,USD,9 - 9.5 inches,9.25,in,false,2021-09-04T00:28:20-04:00,2026-08-28T05:03:39.423Z,https://www.predatoryfins.com/products/clown-loach-chromobotia-macracanthus
predatory-fins,Clown Loach (Chromobotia macracanthus),,,Chromobotia macracanthus,595,,USD,10 - 11 inches,10.5,in,false,2021-09-04T00:28:20-04:00,2026-08-28T05:03:39.423Z,https://www.predatoryfins.com/products/clown-loach-chromobotia-macracanthus
predatory-fins,Clown Loach (Chromobotia macracanthus),,,Chromobotia macracanthus,895,,USD,12 - 13 inches,12.5,in,false,2021-09-04T00:28:20-04:00,2026-08-28T05:03:39.423Z,https://www.predatoryfins.com/products/clown-loach-chromobotia-macracanthus
predatory-fins,Imperial Loach (Leptobotia elongata),,,Leptobotia elongata,59,,USD,3 to 3.5 inches,3.25,in,false,2021-09-04T00:28:20-04:00,2026-08-28T05:03:39.423Z,https://www.predatoryfins.com/products/imperial-loach-leptobotia-elongata
predatory-fins,Imperial Loach (Leptobotia elongata),,,Leptobotia elongata,95,,USD,4 inches,4,in,false,2021-09-04T00:28:20-04:00,2026-08-28T05:03:39.423Z,https://www.predatoryfins.com/products/imperial-loach-leptobotia-elongata
predatory-fins,Imperial Loach (Leptobotia elongata),,,Leptobotia elongata,150,,USD,5 - 5.5 inches,5.25,in,false,2021-09-04T00:28:20-04:00,2026-08-28T05:03:39.423Z,https://www.predatoryfins.com/products/imperial-loach-leptobotia-elongata
predatory-fins,Imperial Loach (Leptobotia elongata),,,Leptobotia elongata,175,,USD,6 - 6.5 inches,6.25,in,false,2021-09-04T00:28:20-04:00,2026-08-28T05:03:39.423Z,https://www.predatoryfins.com/products/imperial-loach-leptobotia-elongata
predatory-fins,Imperial Loach (Leptobotia elongata),,,Leptobotia elongata,250,,USD,7 - 7.5 inches,7.25,in,false,2021-09-04T00:28:20-04:00,2026-08-28T05:03:39.423Z,https://www.predatoryfins.com/products/imperial-loach-leptobotia-elongata
predatory-fins,Imperial Loach (Leptobotia elongata),,,Leptobotia elongata,395,,USD,9 - 10 inches,9.5,in,true,2021-09-04T00:28:20-04:00,2026-08-28T05:03:39.423Z,https://www.predatoryfins.com/products/imperial-loach-leptobotia-elongata
predatory-fins,Tire Track Eel (Mastacembelus favus),sp_tire_track_eel,scientific-name,Mastacembelus favus,25,,USD,3 - 4 inches,3.5,in,false,2021-09-04T00:24:39-04:00,2026-08-28T05:03:39.423Z,https://www.predatoryfins.com/products/tire-track-eel-mastacembelus-favus
predatory-fins,Tire Track Eel (Mastacembelus favus),sp_tire_track_eel,scientific-name,Mastacembelus favus,45,,USD,6 - 7 inches,6.5,in,true,2021-09-04T00:24:39-04:00,2026-08-28T05:03:39.423Z,https://www.predatoryfins.com/products/tire-track-eel-mastacembelus-favus
predatory-fins,Xanthic Fire Eel (Mastacembelus erythrotaenia),,,Mastacembelus erythrotaenia,695,,USD,10 - 12 inches,11,in,false,2021-09-04T00:24:39-04:00,2026-08-28T05:03:39.423Z,https://www.predatoryfins.com/products/xanthic-fire-eel-mastacembelus-erythrotaenia
predatory-fins,Xanthic Fire Eel (Mastacembelus erythrotaenia),,,Mastacembelus erythrotaenia,1000,,USD,14 - 16 inches,15,in,false,2021-09-04T00:24:39-04:00,2026-08-28T05:03:39.423Z,https://www.predatoryfins.com/products/xanthic-fire-eel-mastacembelus-erythrotaenia
predatory-fins,Marbled Swamp Eel (Synbranchus marmoratus),,,Synbranchus marmoratus,25,,USD,"4"" inches",4,in,false,2021-09-04T00:24:36-04:00,2026-08-28T05:03:39.423Z,https://www.predatoryfins.com/products/marbled-swamp-eel-synbranchus-marmoratus
predatory-fins,Fire Eel (Mastacembelus erythrotaenia),,,Mastacembelus erythrotaenia,36,,USD,4 inches,4,in,false,2021-09-04T00:24:35-04:00,2026-08-28T05:03:39.423Z,https://www.predatoryfins.com/products/fire-eel-mastacembelus-erythrotaenia
predatory-fins,Fire Eel (Mastacembelus erythrotaenia),,,Mastacembelus erythrotaenia,48,,USD,5 inches,5,in,false,2021-09-04T00:24:35-04:00,2026-08-28T05:03:39.423Z,https://www.predatoryfins.com/products/fire-eel-mastacembelus-erythrotaenia
predatory-fins,Fire Eel (Mastacembelus erythrotaenia),,,Mastacembelus erythrotaenia,65,,USD,6 - 6.5 inches,6.25,in,false,2021-09-04T00:24:35-04:00,2026-08-28T05:03:39.423Z,https://www.predatoryfins.com/products/fire-eel-mastacembelus-erythrotaenia
predatory-fins,Fire Eel (Mastacembelus erythrotaenia),,,Mastacembelus erythrotaenia,75,,USD,7 - 7.5 inches,7.25,in,false,2021-09-04T00:24:35-04:00,2026-08-28T05:03:39.423Z,https://www.predatoryfins.com/products/fire-eel-mastacembelus-erythrotaenia
predatory-fins,Fire Eel (Mastacembelus erythrotaenia),,,Mastacembelus erythrotaenia,95,,USD,8 - 8.5 inches,8.25,in,false,2021-09-04T00:24:35-04:00,2026-08-28T05:03:39.423Z,https://www.predatoryfins.com/products/fire-eel-mastacembelus-erythrotaenia
predatory-fins,Fire Eel (Mastacembelus erythrotaenia),,,Mastacembelus erythrotaenia,115,,USD,10 - 11 inches,10.5,in,false,2021-09-04T00:24:35-04:00,2026-08-28T05:03:39.423Z,https://www.predatoryfins.com/products/fire-eel-mastacembelus-erythrotaenia
predatory-fins,Fire Eel (Mastacembelus erythrotaenia),,,Mastacembelus erythrotaenia,165,,USD,13 - 14 inches,13.5,in,true,2021-09-04T00:24:35-04:00,2026-08-28T05:03:39.423Z,https://www.predatoryfins.com/products/fire-eel-mastacembelus-erythrotaenia
predatory-fins,Fire Eel (Mastacembelus erythrotaenia),,,Mastacembelus erythrotaenia,325,,USD,16 - 17 inches,16.5,in,false,2021-09-04T00:24:35-04:00,2026-08-28T05:03:39.423Z,https://www.predatoryfins.com/products/fire-eel-mastacembelus-erythrotaenia
predatory-fins,Fire Eel (Mastacembelus erythrotaenia),,,Mastacembelus erythrotaenia,400,,USD,20 inches,20,in,false,2021-09-04T00:24:35-04:00,2026-08-28T05:03:39.423Z,https://www.predatoryfins.com/products/fire-eel-mastacembelus-erythrotaenia
predatory-fins,Fire Eel (Mastacembelus erythrotaenia),,,Mastacembelus erythrotaenia,450,,USD,22 - 24 inches,23,in,false,2021-09-04T00:24:35-04:00,2026-08-28T05:03:39.423Z,https://www.predatoryfins.com/products/fire-eel-mastacembelus-erythrotaenia
predatory-fins,Indo Pacific Tarpon (Megalops cyprinoides),,,Megalops cyprinoides,35,,USD,3 inches,3,in,false,2021-09-04T00:22:51-04:00,2026-08-28T05:03:39.423Z,https://www.predatoryfins.com/products/indo-pacific-tarpon-megalops-cyprinoides
predatory-fins,Indo Pacific Tarpon (Megalops cyprinoides),,,Megalops cyprinoides,55,,USD,4 - 4.5 inches,4.25,in,false,2021-09-04T00:22:51-04:00,2026-08-28T05:03:39.423Z,https://www.predatoryfins.com/products/indo-pacific-tarpon-megalops-cyprinoides
predatory-fins,Indo Pacific Tarpon (Megalops cyprinoides),,,Megalops cyprinoides,75,,USD,5 - 5.5 inches,5.25,in,false,2021-09-04T00:22:51-04:00,2026-08-28T05:03:39.423Z,https://www.predatoryfins.com/products/indo-pacific-tarpon-megalops-cyprinoides
predatory-fins,Indo Pacific Tarpon (Megalops cyprinoides),,,Megalops cyprinoides,95,,USD,6 - 6.5 inches,6.25,in,true,2021-09-04T00:22:51-04:00,2026-08-28T05:03:39.423Z,https://www.predatoryfins.com/products/indo-pacific-tarpon-megalops-cyprinoides
predatory-fins,Indo Pacific Tarpon (Megalops cyprinoides),,,Megalops cyprinoides,150,,USD,7-8 Inches,7.5,in,false,2021-09-04T00:22:51-04:00,2026-08-28T05:03:39.423Z,https://www.predatoryfins.com/products/indo-pacific-tarpon-megalops-cyprinoides
predatory-fins,Indo Pacific Tarpon (Megalops cyprinoides),,,Megalops cyprinoides,195,,USD,9-10 Inches,9.5,in,false,2021-09-04T00:22:51-04:00,2026-08-28T05:03:39.423Z,https://www.predatoryfins.com/products/indo-pacific-tarpon-megalops-cyprinoides
predatory-fins,Atlantic Tarpon (Megalops atlanticus),,,Megalops atlanticus,38,,USD,2 inches,2,in,false,2021-09-04T00:22:51-04:00,2026-08-28T05:03:39.423Z,https://www.predatoryfins.com/products/atlantic-tarpon-megalops-atlanticus
predatory-fins,Atlantic Tarpon (Megalops atlanticus),,,Megalops atlanticus,48,,USD,2.5 - 3 inches,2.75,in,false,2021-09-04T00:22:51-04:00,2026-08-28T05:03:39.423Z,https://www.predatoryfins.com/products/atlantic-tarpon-megalops-atlanticus
predatory-fins,Atlantic Tarpon (Megalops atlanticus),,,Megalops atlanticus,58,,USD,3.5 - 4 inches,3.75,in,false,2021-09-04T00:22:51-04:00,2026-08-28T05:03:39.423Z,https://www.predatoryfins.com/products/atlantic-tarpon-megalops-atlanticus
predatory-fins,Atlantic Tarpon (Megalops atlanticus),,,Megalops atlanticus,75,,USD,5 - 5.5 inches,5.25,in,false,2021-09-04T00:22:51-04:00,2026-08-28T05:03:39.423Z,https://www.predatoryfins.com/products/atlantic-tarpon-megalops-atlanticus
predatory-fins,Atlantic Tarpon (Megalops atlanticus),,,Megalops atlanticus,85,,USD,6 - 6.5 inches,6.25,in,false,2021-09-04T00:22:51-04:00,2026-08-28T05:03:39.423Z,https://www.predatoryfins.com/products/atlantic-tarpon-megalops-atlanticus
predatory-fins,Atlantic Tarpon (Megalops atlanticus),,,Megalops atlanticus,110,,USD,7 - 7.5 inches,7.25,in,false,2021-09-04T00:22:51-04:00,2026-08-28T05:03:39.423Z,https://www.predatoryfins.com/products/atlantic-tarpon-megalops-atlanticus
predatory-fins,Atlantic Tarpon (Megalops atlanticus),,,Megalops atlanticus,150,,USD,8 - 8.5 inches,8.25,in,false,2021-09-04T00:22:51-04:00,2026-08-28T05:03:39.423Z,https://www.predatoryfins.com/products/atlantic-tarpon-megalops-atlanticus
predatory-fins,Atlantic Tarpon (Megalops atlanticus),,,Megalops atlanticus,180,,USD,10 inches,10,in,false,2021-09-04T00:22:51-04:00,2026-08-28T05:03:39.423Z,https://www.predatoryfins.com/products/atlantic-tarpon-megalops-atlanticus
predatory-fins,Atlantic Tarpon (Megalops atlanticus),,,Megalops atlanticus,225,,USD,11 - 12 inches,11.5,in,false,2021-09-04T00:22:51-04:00,2026-08-28T05:03:39.423Z,https://www.predatoryfins.com/products/atlantic-tarpon-megalops-atlanticus
predatory-fins,Diamondback Sturgeon (Acipenser gueldenstaedtii),,,Acipenser gueldenstaedtii,165,,USD,5 inches,5,in,false,2021-09-04T00:21:59-04:00,2026-08-28T05:03:39.423Z,https://www.predatoryfins.com/products/diamondback-sturgeon-acipenser-gueldenstaedtii
predatory-fins,Diamondback Sturgeon (Acipenser gueldenstaedtii),,,Acipenser gueldenstaedtii,225,,USD,5 - 5.5 inches (Super White variant),5.25,in,true,2021-09-04T00:21:59-04:00,2026-08-28T05:03:39.423Z,https://www.predatoryfins.com/products/diamondback-sturgeon-acipenser-gueldenstaedtii
predatory-fins,Diamondback Sturgeon (Acipenser gueldenstaedtii),,,Acipenser gueldenstaedtii,210,,USD,7 - 8 inches,7.5,in,false,2021-09-04T00:21:59-04:00,2026-08-28T05:03:39.423Z,https://www.predatoryfins.com/products/diamondback-sturgeon-acipenser-gueldenstaedtii
predatory-fins,Diamondback Sturgeon (Acipenser gueldenstaedtii),,,Acipenser gueldenstaedtii,395,,USD,10 -12 inches,11,in,false,2021-09-04T00:21:59-04:00,2026-08-28T05:03:39.423Z,https://www.predatoryfins.com/products/diamondback-sturgeon-acipenser-gueldenstaedtii
predatory-fins,Diamondback Sturgeon (Acipenser gueldenstaedtii),,,Acipenser gueldenstaedtii,650,,USD,15 - 16 inches (Super White variant),15.5,in,false,2021-09-04T00:21:59-04:00,2026-08-28T05:03:39.423Z,https://www.predatoryfins.com/products/diamondback-sturgeon-acipenser-gueldenstaedtii
predatory-fins,Leucistic Senegal Bichir (Polypterus senegalus),sp_senegal_bichir,scientific-name,Polypterus senegalus,115,,USD,3-3.5 inches,3.25,in,false,2021-09-04T00:18:31-04:00,2026-08-28T05:03:39.423Z,https://www.predatoryfins.com/products/platinum-senegal-bichir-polypterus-senegalus
predatory-fins,Senegal Bichir (Polypterus senegalus),sp_senegal_bichir,scientific-name,Polypterus senegalus,12,19.99,USD,3.5 - 4 inches,3.75,in,false,2021-09-04T00:18:31-04:00,2026-08-28T05:03:39.423Z,https://www.predatoryfins.com/products/senegal-bichir-polypterus-senegalus
predatory-fins,Senegal Bichir (Polypterus senegalus),sp_senegal_bichir,scientific-name,Polypterus senegalus,45,,USD,6 - 7 inches,6.5,in,false,2021-09-04T00:18:31-04:00,2026-08-28T05:03:39.423Z,https://www.predatoryfins.com/products/senegal-bichir-polypterus-senegalus
predatory-fins,Polli Marbled Bichir (Polypterus polli),,,Polypterus polli,45,,USD,"3"" - 4"" inches",3,in,false,2021-09-04T00:18:21-04:00,2026-08-28T05:03:39.423Z,https://www.predatoryfins.com/products/polli-marbled-bichir-polypterus-polli
predatory-fins,Ornate Bichir (Polypterus ornatipinnis),sp_ornate_bichir,scientific-name,Polypterus ornatipinnis,38,,USD,2 inches,2,in,false,2021-09-04T00:18:20-04:00,2026-08-28T05:03:39.423Z,https://www.predatoryfins.com/products/ornate-bichir-polypterus-ornatipinnis
predatory-fins,Ornate Bichir (Polypterus ornatipinnis),sp_ornate_bichir,scientific-name,Polypterus ornatipinnis,50,,USD,3 - 3.5 inches,3.25,in,false,2021-09-04T00:18:20-04:00,2026-08-28T05:03:39.423Z,https://www.predatoryfins.com/products/ornate-bichir-polypterus-ornatipinnis
predatory-fins,Ornate Bichir (Polypterus ornatipinnis),sp_ornate_bichir,scientific-name,Polypterus ornatipinnis,65,,USD,4 - 4.5 inches,4.25,in,false,2021-09-04T00:18:20-04:00,2026-08-28T05:03:39.423Z,https://www.predatoryfins.com/products/ornate-bichir-polypterus-ornatipinnis
predatory-fins,Ornate Bichir (Polypterus ornatipinnis),sp_ornate_bichir,scientific-name,Polypterus ornatipinnis,85,,USD,5 - 5.5 inches,5.25,in,false,2021-09-04T00:18:20-04:00,2026-08-28T05:03:39.423Z,https://www.predatoryfins.com/products/ornate-bichir-polypterus-ornatipinnis
predatory-fins,Ornate Bichir (Polypterus ornatipinnis),sp_ornate_bichir,scientific-name,Polypterus ornatipinnis,125,,USD,7 - 7.5 inches,7.25,in,false,2021-09-04T00:18:20-04:00,2026-08-28T05:03:39.423Z,https://www.predatoryfins.com/products/ornate-bichir-polypterus-ornatipinnis
predatory-fins,Ornate Bichir (Polypterus ornatipinnis),sp_ornate_bichir,scientific-name,Polypterus ornatipinnis,175,,USD,8 - 9 inches,8.5,in,false,2021-09-04T00:18:20-04:00,2026-08-28T05:03:39.423Z,https://www.predatoryfins.com/products/ornate-bichir-polypterus-ornatipinnis
predatory-fins,Ornate Bichir (Polypterus ornatipinnis),sp_ornate_bichir,scientific-name,Polypterus ornatipinnis,195,,USD,10 - 11 inches,10.5,in,false,2021-09-04T00:18:20-04:00,2026-08-28T05:03:39.423Z,https://www.predatoryfins.com/products/ornate-bichir-polypterus-ornatipinnis
predatory-fins,Ornate Bichir (Polypterus ornatipinnis),sp_ornate_bichir,scientific-name,Polypterus ornatipinnis,295,,USD,15 inches,15,in,false,2021-09-04T00:18:20-04:00,2026-08-28T05:03:39.423Z,https://www.predatoryfins.com/products/ornate-bichir-polypterus-ornatipinnis
predatory-fins,Nile Bichir (Polypterus bichir bichir),,,Polypterus bichir bichir,550,,USD,8 - 9 inches,8.5,in,false,2021-09-04T00:18:19-04:00,2026-08-28T05:03:39.423Z,https://www.predatoryfins.com/products/nile-bichir-polypterus-bichir-bichir
predatory-fins,Nile Bichir (Polypterus bichir bichir),,,Polypterus bichir bichir,550,,USD,13 - 14 inches,13.5,in,false,2021-09-04T00:18:19-04:00,2026-08-28T05:03:39.423Z,https://www.predatoryfins.com/products/nile-bichir-polypterus-bichir-bichir
predatory-fins,Nile Bichir (Polypterus bichir bichir),,,Polypterus bichir bichir,800,,USD,15 - 16 inches,15.5,in,false,2021-09-04T00:18:19-04:00,2026-08-28T05:03:39.423Z,https://www.predatoryfins.com/products/nile-bichir-polypterus-bichir-bichir
predatory-fins,Nile Bichir (Polypterus bichir bichir),,,Polypterus bichir bichir,1800,0,USD,20 - 22 inches (Lake Chad),21,in,true,2021-09-04T00:18:19-04:00,2026-08-28T05:03:39.423Z,https://www.predatoryfins.com/products/nile-bichir-polypterus-bichir-bichir
predatory-fins,Marbled Palmas Bichir (Polypterus Palmas),,,,80,,USD,"8"" - 10"" Inches",8,in,false,2021-09-04T00:18:19-04:00,2026-08-28T05:03:39.423Z,https://www.predatoryfins.com/products/marbled-palmas-bichir-polypterus-palmas
predatory-fins,Endlicheri Bichir (Polypterus endlicheri),,,Polypterus endlicheri,18,,USD,2.5 inches,2.5,in,false,2021-09-04T00:18:18-04:00,2026-08-28T05:03:39.423Z,https://www.predatoryfins.com/products/endlicheri-bichir-polypterus-endlicheri
predatory-fins,Endlicheri Bichir (Polypterus endlicheri),,,Polypterus endlicheri,25,,USD,3 - 3.5 inches,3.25,in,false,2021-09-04T00:18:18-04:00,2026-08-28T05:03:39.423Z,https://www.predatoryfins.com/products/endlicheri-bichir-polypterus-endlicheri
predatory-fins,Endlicheri Bichir (Polypterus endlicheri),,,Polypterus endlicheri,30,,USD,4 - 4.5 inches,4.25,in,false,2021-09-04T00:18:18-04:00,2026-08-28T05:03:39.423Z,https://www.predatoryfins.com/products/endlicheri-bichir-polypterus-endlicheri
predatory-fins,Endlicheri Bichir (Polypterus endlicheri),,,Polypterus endlicheri,65,,USD,6 - 6.5 inches,6.25,in,false,2021-09-04T00:18:18-04:00,2026-08-28T05:03:39.423Z,https://www.predatoryfins.com/products/endlicheri-bichir-polypterus-endlicheri
predatory-fins,Endlicheri Bichir (Polypterus endlicheri),,,Polypterus endlicheri,250,,USD,10 - 12 inches,11,in,false,2021-09-04T00:18:18-04:00,2026-08-28T05:03:39.423Z,https://www.predatoryfins.com/products/endlicheri-bichir-polypterus-endlicheri
predatory-fins,Delhezi Bichir (Polypterus delhezi),sp_delhezi_bichir,scientific-name,Polypterus delhezi,35,,USD,3 inches,3,in,false,2021-09-04T00:18:17-04:00,2026-08-28T05:03:39.423Z,https://www.predatoryfins.com/products/delhezi-bichir-polypterus-delhezi
predatory-fins,Delhezi Bichir (Polypterus delhezi),sp_delhezi_bichir,scientific-name,Polypterus delhezi,48,,USD,4 inches,4,in,false,2021-09-04T00:18:17-04:00,2026-08-28T05:03:39.423Z,https://www.predatoryfins.com/products/delhezi-bichir-polypterus-delhezi
predatory-fins,Delhezi Bichir (Polypterus delhezi),sp_delhezi_bichir,scientific-name,Polypterus delhezi,60,,USD,5- 5.5 inches,5.25,in,false,2021-09-04T00:18:17-04:00,2026-08-28T05:03:39.423Z,https://www.predatoryfins.com/products/delhezi-bichir-polypterus-delhezi
predatory-fins,Delhezi Bichir (Polypterus delhezi),sp_delhezi_bichir,scientific-name,Polypterus delhezi,72,,USD,6 inches,6,in,false,2021-09-04T00:18:17-04:00,2026-08-28T05:03:39.423Z,https://www.predatoryfins.com/products/delhezi-bichir-polypterus-delhezi
predatory-fins,Zebra Parrot Cichlid (Amatitlania nigrofasciata sp),,,Amatitlania nigrofasciata,15,,USD,1.5 inches,1.5,in,false,2021-09-04T00:14:04-04:00,2026-08-28T05:03:39.423Z,https://www.predatoryfins.com/products/zebra-parrot-cichlid-amatitlania-nigrofasciata-sp
predatory-fins,Zebra Parrot Cichlid (Amatitlania nigrofasciata sp),,,Amatitlania nigrofasciata,23,,USD,2.5 inches,2.5,in,false,2021-09-04T00:14:04-04:00,2026-08-28T05:03:39.423Z,https://www.predatoryfins.com/products/zebra-parrot-cichlid-amatitlania-nigrofasciata-sp
predatory-fins,Yellowhump Eartheater (Geophagus pellegrini),,,Geophagus pellegrini,55,,USD,4 inches,4,in,false,2021-09-04T00:14:04-04:00,2026-08-28T05:03:39.423Z,https://www.predatoryfins.com/products/yellowhump-eartheater-geophagus-pellegrini
predatory-fins,Yellowhump Eartheater (Geophagus pellegrini),,,Geophagus pellegrini,85,,USD,5 inches,5,in,false,2021-09-04T00:14:04-04:00,2026-08-28T05:03:39.423Z,https://www.predatoryfins.com/products/yellowhump-eartheater-geophagus-pellegrini
predatory-fins,Yellowhump Eartheater (Geophagus pellegrini),,,Geophagus pellegrini,150,,USD,6 - 6.5 inches,6.25,in,false,2021-09-04T00:14:04-04:00,2026-08-28T05:03:39.423Z,https://www.predatoryfins.com/products/yellowhump-eartheater-geophagus-pellegrini
predatory-fins,Yellow Ingot Parrot Fish Cichlid (Cichlasoma sp),,,,65,,USD,4 - 4.5 inches,4.25,in,false,2021-09-04T00:14:03-04:00,2026-08-28T05:03:39.423Z,https://www.predatoryfins.com/products/yellow-ingot-parrot-fish-cichlid-cichlasoma-sp
predatory-fins,Yellow Ingot Parrot Fish Cichlid (Cichlasoma sp),,,,75,,USD,5 - 5.5 inches,5.25,in,false,2021-09-04T00:14:03-04:00,2026-08-28T05:03:39.423Z,https://www.predatoryfins.com/products/yellow-ingot-parrot-fish-cichlid-cichlasoma-sp
predatory-fins,Yellow Ingot Parrot Fish Cichlid (Cichlasoma sp),,,,110,,USD,6 - 6.5 inches,6.25,in,false,2021-09-04T00:14:03-04:00,2026-08-28T05:03:39.423Z,https://www.predatoryfins.com/products/yellow-ingot-parrot-fish-cichlid-cichlasoma-sp
predatory-fins,Yellow Ingot Parrot Fish Cichlid (Cichlasoma sp),,,,350,,USD,8 - 9 inches,8.5,in,false,2021-09-04T00:14:03-04:00,2026-08-28T05:03:39.423Z,https://www.predatoryfins.com/products/yellow-ingot-parrot-fish-cichlid-cichlasoma-sp
predatory-fins,Red Tiger Oscar Cichlid (Astronotus ocellatus),,,Astronotus ocellatus,18,,USD,2 inches,2,in,false,2021-09-04T00:13:52-04:00,2026-08-28T05:03:39.423Z,https://www.predatoryfins.com/products/red-tiger-oscar-cichlid-astronotus-ocellatus
predatory-fins,Red Tiger Oscar Cichlid (Astronotus ocellatus),,,Astronotus ocellatus,22,,USD,2.5 inches,2.5,in,false,2021-09-04T00:13:52-04:00,2026-08-28T05:03:39.423Z,https://www.predatoryfins.com/products/red-tiger-oscar-cichlid-astronotus-ocellatus
predatory-fins,Red Tiger Oscar Cichlid (Astronotus ocellatus),,,Astronotus ocellatus,27,,USD,3 - 3.5 inches,3.25,in,false,2021-09-04T00:13:52-04:00,2026-08-28T05:03:39.423Z,https://www.predatoryfins.com/products/red-tiger-oscar-cichlid-astronotus-ocellatus
predatory-fins,Red King Umbee Cichlid (Kronoheros umbriferus),,,Kronoheros umbriferus,400,,USD,"6"" - 7"" inches",6,in,false,2021-09-04T00:13:42-04:00,2026-08-28T05:03:39.423Z,https://www.predatoryfins.com/products/red-king-umbee-cichlid-kronoheros-umbriferus
predatory-fins,Red Hook Silver Dollar (Myloplus rubripinnis),,,Myloplus rubripinnis,18,,USD,"3"" - 4"" inches",3,in,false,2021-09-04T00:13:39-04:00,2026-08-28T05:03:39.423Z,https://www.predatoryfins.com/products/red-hook-silver-dollar-myloplus-rubripinnis
predatory-fins,Red Pearl Texas Cichlid (Herichthys cyanoguttatus sp),,,Herichthys cyanoguttatus,450,,USD,"7"" - 8"" inches",7,in,false,2021-09-04T00:13:15-04:00,2026-08-28T05:03:39.423Z,https://www.predatoryfins.com/products/red-pearl-texas-cichlid-herichthys-cyanoguttatus-sp
predatory-fins,Panda Uaru Cichlid (Uaru fernandezyepezi),,,Uaru fernandezyepezi,38,,USD,1.5 inches,1.5,in,false,2021-09-04T00:13:14-04:00,2026-08-28T05:03:39.423Z,https://www.predatoryfins.com/products/panda-uaru-cichlid-uaru-fernandezyepezi
predatory-fins,Panda Uaru Cichlid (Uaru fernandezyepezi),,,Uaru fernandezyepezi,48,,USD,2.5 - 2.75 inches,2.63,in,false,2021-09-04T00:13:14-04:00,2026-08-28T05:03:39.423Z,https://www.predatoryfins.com/products/panda-uaru-cichlid-uaru-fernandezyepezi
predatory-fins,Panda Uaru Cichlid (Uaru fernandezyepezi),,,Uaru fernandezyepezi,75,,USD,3 - 3.5 inches,3.25,in,false,2021-09-04T00:13:14-04:00,2026-08-28T05:03:39.423Z,https://www.predatoryfins.com/products/panda-uaru-cichlid-uaru-fernandezyepezi
predatory-fins,Panda Uaru Cichlid (Uaru fernandezyepezi),,,Uaru fernandezyepezi,95,,USD,4 - 4.5 inches,4.25,in,false,2021-09-04T00:13:14-04:00,2026-08-28T05:03:39.423Z,https://www.predatoryfins.com/products/panda-uaru-cichlid-uaru-fernandezyepezi
predatory-fins,Panda Uaru Cichlid (Uaru fernandezyepezi),,,Uaru fernandezyepezi,115,,USD,5 - 5.5 inches,5.25,in,false,2021-09-04T00:13:14-04:00,2026-08-28T05:03:39.423Z,https://www.predatoryfins.com/products/panda-uaru-cichlid-uaru-fernandezyepezi
predatory-fins,Panda Uaru Cichlid (Uaru fernandezyepezi),,,Uaru fernandezyepezi,145,,USD,6 - 6.5 inches,6.25,in,false,2021-09-04T00:13:14-04:00,2026-08-28T05:03:39.423Z,https://www.predatoryfins.com/products/panda-uaru-cichlid-uaru-fernandezyepezi
predatory-fins,Nicaragua Cichlid (Hypsophrys nicaraguensis),,,Hypsophrys nicaraguensis,45,,USD,"4"" - 5"" Inches",4,in,false,2021-09-04T00:09:27-04:00,2026-08-28T05:03:39.423Z,https://www.predatoryfins.com/products/nicaragua-cichlid-hypsophrys-nicaraguensis
predatory-fins,Pinstripe Damba Cichlid (Paretroplus menarambo),,,Paretroplus menarambo,45,,USD,2 inches,2,in,false,2021-09-04T00:09:26-04:00,2026-08-28T05:03:39.423Z,https://www.predatoryfins.com/products/pinstripe-damba-cichlid-paretroplus-menarambo
predatory-fins,Pinstripe Damba Cichlid (Paretroplus menarambo),,,Paretroplus menarambo,120,,USD,4 - 4.5 inches,4.25,in,false,2021-09-04T00:09:26-04:00,2026-08-28T05:03:39.423Z,https://www.predatoryfins.com/products/pinstripe-damba-cichlid-paretroplus-menarambo
predatory-fins,Jaguar Cichlid (Parachromis managuensis),sp_jaguar_cichlid,scientific-name,Parachromis managuensis,12,,USD,1 - 1.5 inches,1.25,in,false,2021-09-04T00:09:24-04:00,2026-08-28T05:03:39.423Z,https://www.predatoryfins.com/products/jaguar-managuense-cichlid-parachromis-managuensis
predatory-fins,Jaguar Cichlid (Parachromis managuensis),sp_jaguar_cichlid,scientific-name,Parachromis managuensis,18,,USD,2 inches,2,in,false,2021-09-04T00:09:24-04:00,2026-08-28T05:03:39.423Z,https://www.predatoryfins.com/products/jaguar-managuense-cichlid-parachromis-managuensis
predatory-fins,Jaguar Cichlid (Parachromis managuensis),sp_jaguar_cichlid,scientific-name,Parachromis managuensis,25,,USD,3 - 3.5 inches,3.25,in,false,2021-09-04T00:09:24-04:00,2026-08-28T05:03:39.423Z,https://www.predatoryfins.com/products/jaguar-managuense-cichlid-parachromis-managuensis
predatory-fins,Jaguar Cichlid (Parachromis managuensis),sp_jaguar_cichlid,scientific-name,Parachromis managuensis,38,,USD,4 - 4.5 inches,4.25,in,false,2021-09-04T00:09:24-04:00,2026-08-28T05:03:39.423Z,https://www.predatoryfins.com/products/jaguar-managuense-cichlid-parachromis-managuensis
predatory-fins,Jaguar Cichlid (Parachromis managuensis),sp_jaguar_cichlid,scientific-name,Parachromis managuensis,55,,USD,5 - 5.5 inches,5.25,in,false,2021-09-04T00:09:24-04:00,2026-08-28T05:03:39.423Z,https://www.predatoryfins.com/products/jaguar-managuense-cichlid-parachromis-managuensis
predatory-fins,Jaguar Cichlid (Parachromis managuensis),sp_jaguar_cichlid,scientific-name,Parachromis managuensis,85,,USD,6 - 6.5 inches,6.25,in,false,2021-09-04T00:09:24-04:00,2026-08-28T05:03:39.423Z,https://www.predatoryfins.com/products/jaguar-managuense-cichlid-parachromis-managuensis
predatory-fins,Jaguar Cichlid (Parachromis managuensis),sp_jaguar_cichlid,scientific-name,Parachromis managuensis,150,,USD,7 - 8 inches,7.5,in,false,2021-09-04T00:09:24-04:00,2026-08-28T05:03:39.423Z,https://www.predatoryfins.com/products/jaguar-managuense-cichlid-parachromis-managuensis
predatory-fins,Jaguar Cichlid (Parachromis managuensis),sp_jaguar_cichlid,scientific-name,Parachromis managuensis,195,,USD,9 - 10 inches,9.5,in,false,2021-09-04T00:09:24-04:00,2026-08-28T05:03:39.423Z,https://www.predatoryfins.com/products/jaguar-managuense-cichlid-parachromis-managuensis
predatory-fins,Jaguar Cichlid (Parachromis managuensis),sp_jaguar_cichlid,scientific-name,Parachromis managuensis,250,,USD,12 inches,12,in,false,2021-09-04T00:09:24-04:00,2026-08-28T05:03:39.423Z,https://www.predatoryfins.com/products/jaguar-managuense-cichlid-parachromis-managuensis
predatory-fins,Half-banded Pike Cichlid (Crenicichla geayi),,,Crenicichla geayi,35,,USD,"5"" - 6"" inches",5,in,false,2021-09-04T00:09:22-04:00,2026-08-28T05:03:39.423Z,https://www.predatoryfins.com/products/half-banded-pike-cichlid-crenicichla-geayi
predatory-fins,Sipaliwini Red Spot Cichlid (Guianacara sphenozona),,,Guianacara sphenozona,25,,USD,1 - 1.25 inches,1.13,in,false,2021-09-04T00:09:21-04:00,2026-08-28T05:03:39.423Z,https://www.predatoryfins.com/products/guianacara-sphenozona-cichlid
predatory-fins,Sipaliwini Red Spot Cichlid (Guianacara sphenozona),,,Guianacara sphenozona,40,,USD,2.5 - 3 inches,2.75,in,false,2021-09-04T00:09:21-04:00,2026-08-28T05:03:39.423Z,https://www.predatoryfins.com/products/guianacara-sphenozona-cichlid
predatory-fins,Green Terror Cichlid (Andinoacara rivulatus),,,Andinoacara rivulatus,25,,USD,3 - 3.5 inches,3.25,in,false,2021-09-04T00:09:20-04:00,2026-08-28T05:03:39.423Z,https://www.predatoryfins.com/products/green-terror-cichlid-andinoacara-rivulatus
predatory-fins,Green Terror Cichlid (Andinoacara rivulatus),,,Andinoacara rivulatus,100,,USD,7 - 8 inches,7.5,in,false,2021-09-04T00:09:20-04:00,2026-08-28T05:03:39.423Z,https://www.predatoryfins.com/products/green-terror-cichlid-andinoacara-rivulatus
predatory-fins,Green Texas Cichlid (Herichthys carpintis sp),,,Herichthys carpintis,28,,USD,3 inches,3,in,false,2021-09-04T00:09:19-04:00,2026-08-28T05:03:39.423Z,https://www.predatoryfins.com/products/green-texas-cichlid-herichthys-carpintis-sp
predatory-fins,Green Texas Cichlid (Herichthys carpintis sp),,,Herichthys carpintis,55,,USD,4 inches,4,in,false,2021-09-04T00:09:19-04:00,2026-08-28T05:03:39.423Z,https://www.predatoryfins.com/products/green-texas-cichlid-herichthys-carpintis-sp
predatory-fins,Green Texas Cichlid (Herichthys carpintis sp),,,Herichthys carpintis,70,,USD,5 - 5.5 inches,5.25,in,false,2021-09-04T00:09:19-04:00,2026-08-28T05:03:39.423Z,https://www.predatoryfins.com/products/green-texas-cichlid-herichthys-carpintis-sp
predatory-fins,Green Texas Cichlid (Herichthys carpintis sp),,,Herichthys carpintis,125,,USD,6 - 6.5 inches,6.25,in,false,2021-09-04T00:09:19-04:00,2026-08-28T05:03:39.423Z,https://www.predatoryfins.com/products/green-texas-cichlid-herichthys-carpintis-sp
predatory-fins,Green Texas Cichlid (Herichthys carpintis sp),,,Herichthys carpintis,185,,USD,7.5 - 8 inches,7.75,in,false,2021-09-04T00:09:19-04:00,2026-08-28T05:03:39.423Z,https://www.predatoryfins.com/products/green-texas-cichlid-herichthys-carpintis-sp
predatory-fins,Sveni Eartheater Cichlid Parana (Geophagus sveni),sp_geophagus_sveni,scientific-name,Geophagus sveni,18,,USD,1.5 inches,1.5,in,false,2021-09-04T00:09:17-04:00,2026-08-28T05:03:39.423Z,https://www.predatoryfins.com/products/sveni-eartheater-cichlid-geophagus-sveni
predatory-fins,Sveni Eartheater Cichlid Parana (Geophagus sveni),sp_geophagus_sveni,scientific-name,Geophagus sveni,28,,USD,2 - 2.5 inches,2.25,in,false,2021-09-04T00:09:17-04:00,2026-08-28T05:03:39.423Z,https://www.predatoryfins.com/products/sveni-eartheater-cichlid-geophagus-sveni
predatory-fins,Sveni Eartheater Cichlid Parana (Geophagus sveni),sp_geophagus_sveni,scientific-name,Geophagus sveni,48,,USD,3 - 3.5 inches,3.25,in,false,2021-09-04T00:09:17-04:00,2026-08-28T05:03:39.423Z,https://www.predatoryfins.com/products/sveni-eartheater-cichlid-geophagus-sveni
predatory-fins,Sveni Eartheater Cichlid Parana (Geophagus sveni),sp_geophagus_sveni,scientific-name,Geophagus sveni,55,,USD,4 - 4.5 inches,4.25,in,false,2021-09-04T00:09:17-04:00,2026-08-28T05:03:39.423Z,https://www.predatoryfins.com/products/sveni-eartheater-cichlid-geophagus-sveni
predatory-fins,Sveni Eartheater Cichlid Parana (Geophagus sveni),sp_geophagus_sveni,scientific-name,Geophagus sveni,85,,USD,5 inches,5,in,false,2021-09-04T00:09:17-04:00,2026-08-28T05:03:39.423Z,https://www.predatoryfins.com/products/sveni-eartheater-cichlid-geophagus-sveni
predatory-fins,Sveni Eartheater Cichlid Parana (Geophagus sveni),sp_geophagus_sveni,scientific-name,Geophagus sveni,175,,USD,6 - 6.5 inches,6.25,in,false,2021-09-04T00:09:17-04:00,2026-08-28T05:03:39.423Z,https://www.predatoryfins.com/products/sveni-eartheater-cichlid-geophagus-sveni
predatory-fins,Sveni Eartheater Cichlid Parana (Geophagus sveni),sp_geophagus_sveni,scientific-name,Geophagus sveni,250,,USD,7.5 - 8 inches,7.75,in,false,2021-09-04T00:09:17-04:00,2026-08-28T05:03:39.423Z,https://www.predatoryfins.com/products/sveni-eartheater-cichlid-geophagus-sveni
predatory-fins,Geophagus Jurupari Cichlid (Satanoperca jurupari),,,Satanoperca jurupari,15,,USD,2 inches,2,in,false,2021-09-04T00:08:54-04:00,2026-08-28T05:03:39.423Z,https://www.predatoryfins.com/products/geophagus-jurupari-cichlid-satanoperca-jurupari
predatory-fins,Geophagus Jurupari Cichlid (Satanoperca jurupari),,,Satanoperca jurupari,35,,USD,4 - 4.5 inches (wild),4.25,in,false,2021-09-04T00:08:54-04:00,2026-08-28T05:03:39.423Z,https://www.predatoryfins.com/products/geophagus-jurupari-cichlid-satanoperca-jurupari
predatory-fins,Super Red Dragon Flowerhorn Cichlid (Cichlasoma sp),sp_flowerhorn,alias,,95,,USD,3 - 3.5 inches,3.25,in,false,2021-09-04T00:08:53-04:00,2026-08-28T05:03:39.423Z,https://www.predatoryfins.com/products/super-red-dragon-flowerhorn-cichlid-cichlasoma-sp
predatory-fins,Super Red Dragon Flowerhorn Cichlid (Cichlasoma sp),sp_flowerhorn,alias,,110,,USD,4 - 4.5 inches,4.25,in,true,2021-09-04T00:08:53-04:00,2026-08-28T05:03:39.423Z,https://www.predatoryfins.com/products/super-red-dragon-flowerhorn-cichlid-cichlasoma-sp
predatory-fins,Super Red Dragon Flowerhorn Cichlid (Cichlasoma sp),sp_flowerhorn,alias,,150,,USD,5 - 5.5 inches,5.25,in,false,2021-09-04T00:08:53-04:00,2026-08-28T05:03:39.423Z,https://www.predatoryfins.com/products/super-red-dragon-flowerhorn-cichlid-cichlasoma-sp
predatory-fins,Firemouth Cichlid (Thorichthys meeki),,,Thorichthys meeki,10,,USD,"3"" - 4"" inches",3,in,false,2021-09-04T00:08:52-04:00,2026-08-28T05:03:39.423Z,https://www.predatoryfins.com/products/firemouth-cichlid-thorichthys-meeki
predatory-fins,Flame Pike Cichlid (Crenicichla multispinosa),,,Crenicichla multispinosa,85,,USD,5 inches,5,in,false,2021-09-04T00:08:52-04:00,2026-08-28T05:03:39.423Z,https://www.predatoryfins.com/products/flame-pike-cichlid-crenicichla-multispinosa
predatory-fins,Flame Pike Cichlid (Crenicichla multispinosa),,,Crenicichla multispinosa,250,,USD,12”,,,false,2021-09-04T00:08:52-04:00,2026-08-28T05:03:39.423Z,https://www.predatoryfins.com/products/flame-pike-cichlid-crenicichla-multispinosa
predatory-fins,Regani Dwarf Pike Cichlid (Crenicichla Regani),,,,45,,USD,"2""-3"" inches",2,in,false,2021-09-04T00:08:31-04:00,2026-08-28T05:03:39.423Z,https://www.predatoryfins.com/products/regani-dwarf-pike-cichlid-crenicichla-regani
predatory-fins,Cupid Cichlid (Biotodoma cupido),,,Biotodoma cupido,25,,USD,"3"" - 4"" inches",3,in,false,2021-09-04T00:08:30-04:00,2026-08-28T05:03:39.423Z,https://www.predatoryfins.com/products/cupid-cichlid-biotodoma-cupido
predatory-fins,Cuban Cichlid (Nandopsis tetracanthus),,,Nandopsis tetracanthus,25,,USD,"3"" - 4"" inches",3,in,false,2021-09-04T00:08:29-04:00,2026-08-28T05:03:39.423Z,https://www.predatoryfins.com/products/cuban-cichlid-nandopsis-tetracanthus
predatory-fins,Chocolate Cichlid (Hypselecara temporalis),,,Hypselecara temporalis,175,,USD,"7"" - 8"" inches",7,in,false,2021-09-04T00:08:28-04:00,2026-08-28T05:03:39.423Z,https://www.predatoryfins.com/products/hypselecara-temporalis
predatory-fins,Flavescens Cichlid (Chaetobranchus flavescens),,,Chaetobranchus flavescens,150,,USD,"8"" - 9"" inches",8,in,false,2021-09-04T00:08:16-04:00,2026-08-28T05:03:39.423Z,https://www.predatoryfins.com/products/chaetobranchus-flavescens-cichlid
predatory-fins,Buttikoferi Cichlid (Tilapia buttikoferi),,,Tilapia buttikoferi,20,,USD,"3"" inches",3,in,false,2021-09-04T00:08:15-04:00,2026-08-28T05:03:39.423Z,https://www.predatoryfins.com/products/buttikoferi-cichlid-tilapia-buttikoferi
predatory-fins,Blue Turquoise Discus (Symphysodon aequifaciatus),,,Symphysodon aequifaciatus,100,,USD,3.5” - 4.5” inches,,,false,2021-09-04T00:08:14-04:00,2026-08-28T05:03:39.423Z,https://www.predatoryfins.com/products/blue-turquoise-discus-symphysodon-aequifaciatus
predatory-fins,Blue Guianacara Cichlid (Guianacara owroewefi),,,Guianacara owroewefi,30,,USD,2.5” - 3” inches,,,false,2021-09-04T00:08:00-04:00,2026-08-28T05:03:39.423Z,https://www.predatoryfins.com/products/blue-guianacara-cichlid-guianacara-owroewefi
predatory-fins,Blood Red Ingot Parrot Cichlid (Cichlasoma sp),,,,45,,USD,3 - 3.5 inches,3.25,in,false,2021-09-04T00:07:59-04:00,2026-08-28T05:03:39.423Z,https://www.predatoryfins.com/products/blood-red-ingot-parrot-cichlid-cichlasoma-sp
predatory-fins,Blood Red Ingot Parrot Cichlid (Cichlasoma sp),,,,65,,USD,4 - 4.5 inches,4.25,in,false,2021-09-04T00:07:59-04:00,2026-08-28T05:03:39.423Z,https://www.predatoryfins.com/products/blood-red-ingot-parrot-cichlid-cichlasoma-sp
predatory-fins,Blood Red Ingot Parrot Cichlid (Cichlasoma sp),,,,75,,USD,5 - 5.5 inches,5.25,in,true,2021-09-04T00:07:59-04:00,2026-08-28T05:03:39.423Z,https://www.predatoryfins.com/products/blood-red-ingot-parrot-cichlid-cichlasoma-sp
predatory-fins,Blood Red Ingot Parrot Cichlid (Cichlasoma sp),,,,95,,USD,6 - 6.5 inches,6.25,in,false,2021-09-04T00:07:59-04:00,2026-08-28T05:03:39.423Z,https://www.predatoryfins.com/products/blood-red-ingot-parrot-cichlid-cichlasoma-sp
predatory-fins,Blood Red Ingot Parrot Cichlid (Cichlasoma sp),,,,275,,USD,8 inches,8,in,false,2021-09-04T00:07:59-04:00,2026-08-28T05:03:39.423Z,https://www.predatoryfins.com/products/blood-red-ingot-parrot-cichlid-cichlasoma-sp
predatory-fins,Blood Red Ingot Parrot Cichlid (Cichlasoma sp),,,,325,,USD,9 - 10 inches,9.5,in,false,2021-09-04T00:07:59-04:00,2026-08-28T05:03:39.423Z,https://www.predatoryfins.com/products/blood-red-ingot-parrot-cichlid-cichlasoma-sp
predatory-fins,Starry Night Cichlid (Paratilapia polleni),,,Paratilapia polleni,35,,USD,3 inches,3,in,false,2021-09-04T00:07:56-04:00,2026-08-28T05:03:39.423Z,https://www.predatoryfins.com/products/starry-night-cichlid-paratilapia-polleni
predatory-fins,Starry Night Cichlid (Paratilapia polleni),,,Paratilapia polleni,50,,USD,4 - 5 inches,4.5,in,false,2021-09-04T00:07:56-04:00,2026-08-28T05:03:39.423Z,https://www.predatoryfins.com/products/starry-night-cichlid-paratilapia-polleni
predatory-fins,Starry Night Cichlid (Paratilapia polleni),,,Paratilapia polleni,120,,USD,6 - 7 inches,6.5,in,false,2021-09-04T00:07:56-04:00,2026-08-28T05:03:39.423Z,https://www.predatoryfins.com/products/starry-night-cichlid-paratilapia-polleni
predatory-fins,Argentina Humphead Cichlid (Gymnogeophagus balzanii),,,Gymnogeophagus balzanii,48,,USD,3 - 3.5 inches,3.25,in,false,2021-09-04T00:07:47-04:00,2026-08-28T05:03:39.423Z,https://www.predatoryfins.com/products/argentina-humphead-cichlid-gymnogeophagus-balzanii
predatory-fins,Argentina Humphead Cichlid (Gymnogeophagus balzanii),,,Gymnogeophagus balzanii,85,,USD,4.5 - 5 inches,4.75,in,false,2021-09-04T00:07:47-04:00,2026-08-28T05:03:39.423Z,https://www.predatoryfins.com/products/argentina-humphead-cichlid-gymnogeophagus-balzanii
predatory-fins,Argentina Humphead Cichlid (Gymnogeophagus balzanii),,,Gymnogeophagus balzanii,120,,USD,6 - 7 inches,6.5,in,false,2021-09-04T00:07:47-04:00,2026-08-28T05:03:39.423Z,https://www.predatoryfins.com/products/argentina-humphead-cichlid-gymnogeophagus-balzanii
predatory-fins,Argentina Humphead Cichlid (Gymnogeophagus balzanii),,,Gymnogeophagus balzanii,95,,USD,5-5.5”,,,false,2021-09-04T00:07:47-04:00,2026-08-28T05:03:39.423Z,https://www.predatoryfins.com/products/argentina-humphead-cichlid-gymnogeophagus-balzanii
predatory-fins,Zebra Knifefish (Gymnotus pedanopterus),,,Gymnotus pedanopterus,35,,USD,"5"" - 6"" inches",5,in,false,2021-09-03T23:43:00-04:00,2026-08-28T05:03:39.423Z,https://www.predatoryfins.com/products/zebra-knifefish-gymnotus-pedanopterus
predatory-fins,Zebra Knifefish (Gymnotus pedanopterus),,,Gymnotus pedanopterus,45,,USD,"7"" - 8"" inches",7,in,false,2021-09-03T23:43:00-04:00,2026-08-28T05:03:39.423Z,https://www.predatoryfins.com/products/zebra-knifefish-gymnotus-pedanopterus
predatory-fins,L056 Yellow Rubber Pleco (Parancistrus aurantiacus),,,Parancistrus aurantiacus,300,,USD,"5"" - 6"" inches",5,in,false,2021-09-03T23:42:26-04:00,2026-08-28T05:03:39.423Z,https://www.predatoryfins.com/products/l056-yellow-rubber-pleco-parancistrus-aurantiacus
predatory-fins,Yellow Amur Catfish (Tachysurus fulvidraco),,,Tachysurus fulvidraco,500,,USD,8” inches,,,false,2021-09-03T23:42:21-04:00,2026-08-28T05:03:39.423Z,https://www.predatoryfins.com/products/yellow-amur-catfish-tachysurus-fulvidraco
predatory-fins,Platinum White Tiger Shovelnose Catfish (Pseudoplatystoma tigrinum),,,Pseudoplatystoma tigrinum,2200,,USD,11 - 12 inches,11.5,in,false,2021-09-03T23:42:18-04:00,2026-08-28T05:03:39.423Z,https://www.predatoryfins.com/products/platinum-white-tiger-shovelnose-catfish-pseudoplatystoma-tigrinum
predatory-fins,Vulture Catfish (Calophysus macropterus),,,Calophysus macropterus,45,,USD,4.5 inches,4.5,in,false,2021-09-03T23:42:15-04:00,2026-08-28T05:03:39.423Z,https://www.predatoryfins.com/products/vulture-catfish-calophysus-macropterus
predatory-fins,Vulture Catfish (Calophysus macropterus),,,Calophysus macropterus,55,,USD,6 inches,6,in,false,2021-09-03T23:42:15-04:00,2026-08-28T05:03:39.423Z,https://www.predatoryfins.com/products/vulture-catfish-calophysus-macropterus
predatory-fins,Vulture Catfish (Calophysus macropterus),,,Calophysus macropterus,110,,USD,10 - 12 inches,11,in,false,2021-09-03T23:42:15-04:00,2026-08-28T05:03:39.423Z,https://www.predatoryfins.com/products/vulture-catfish-calophysus-macropterus
predatory-fins,Vulture Catfish (Calophysus macropterus),,,Calophysus macropterus,220,325,USD,14 - 15 inches,14.5,in,false,2021-09-03T23:42:15-04:00,2026-08-28T05:03:39.423Z,https://www.predatoryfins.com/products/vulture-catfish-calophysus-macropterus
predatory-fins,Vaillanti Catfish (Brachyplatystoma vaillantii),,,Brachyplatystoma vaillantii,295,,USD,6 - 6.5 inches,6.25,in,false,2021-09-03T23:42:13-04:00,2026-08-28T05:03:39.423Z,https://www.predatoryfins.com/products/vaillanti-catfish-brachyplatystoma-vaillantii
predatory-fins,Vaillanti Catfish (Brachyplatystoma vaillantii),,,Brachyplatystoma vaillantii,400,,USD,12 - 14 inches,13,in,false,2021-09-03T23:42:13-04:00,2026-08-28T05:03:39.423Z,https://www.predatoryfins.com/products/vaillanti-catfish-brachyplatystoma-vaillantii
predatory-fins,LDA105 Typhoon Pleco (Pseudacanthicus sp),,,,275,,USD,1.25 inches,1.25,in,false,2021-09-03T23:42:12-04:00,2026-08-28T05:03:39.423Z,https://www.predatoryfins.com/products/lda105-typhoon-pleco-pseudacanthicus-sp
predatory-fins,LDA105 Typhoon Pleco (Pseudacanthicus sp),,,,295,,USD,2 inches,2,in,true,2021-09-03T23:42:12-04:00,2026-08-28T05:03:39.423Z,https://www.predatoryfins.com/products/lda105-typhoon-pleco-pseudacanthicus-sp
predatory-fins,LDA105 Typhoon Pleco (Pseudacanthicus sp),,,,650,,USD,3 inches,3,in,false,2021-09-03T23:42:12-04:00,2026-08-28T05:03:39.423Z,https://www.predatoryfins.com/products/lda105-typhoon-pleco-pseudacanthicus-sp
predatory-fins,LDA105 Typhoon Pleco (Pseudacanthicus sp),,,,900,,USD,4.5 inches,4.5,in,false,2021-09-03T23:42:12-04:00,2026-08-28T05:03:39.423Z,https://www.predatoryfins.com/products/lda105-typhoon-pleco-pseudacanthicus-sp
predatory-fins,Tiger Shovelnose Marble Achara Hybrid Catfish,,,,85,,USD,5 - 5.5 inches,5.25,in,false,2021-09-03T23:42:11-04:00,2026-08-28T05:03:39.423Z,https://www.predatoryfins.com/products/tiger-shovelnose-marble-achara-hybrid-catfish
predatory-fins,Tiger Shovelnose Marble Achara Hybrid Catfish,,,,115,,USD,6 - 6.5 inches,6.25,in,false,2021-09-03T23:42:11-04:00,2026-08-28T05:03:39.423Z,https://www.predatoryfins.com/products/tiger-shovelnose-marble-achara-hybrid-catfish
predatory-fins,Trimaculatus Dolphin Catfish (Tenellus trimaculatus),,,Tenellus trimaculatus,28,,USD,2.5 - 3 inches,2.75,in,false,2021-09-03T23:42:09-04:00,2026-08-28T05:03:39.423Z,https://www.predatoryfins.com/products/trimaculatus-dolphin-catfish-tenellus-trimaculatus
predatory-fins,Tropical Gar (Atractosteus tropicus),,,Atractosteus tropicus,75,,USD,4.5 - 5 inches,4.75,in,false,2021-09-03T23:42:09-04:00,2026-08-28T05:03:39.423Z,https://www.predatoryfins.com/products/tropical-gar-atractosteus-tropicus
predatory-fins,Tropical Gar (Atractosteus tropicus),,,Atractosteus tropicus,145,,USD,- 7.5 inches,,,false,2021-09-03T23:42:09-04:00,2026-08-28T05:03:39.423Z,https://www.predatoryfins.com/products/tropical-gar-atractosteus-tropicus
predatory-fins,Tropical Gar (Atractosteus tropicus),,,Atractosteus tropicus,150,,USD,8 - 9 inches,8.5,in,false,2021-09-03T23:42:09-04:00,2026-08-28T05:03:39.423Z,https://www.predatoryfins.com/products/tropical-gar-atractosteus-tropicus
predatory-fins,L271 Brazilian Tiger Pleco (Panaqolus sp),,,,30,,USD,"3"" inches",3,in,false,2021-09-03T23:42:06-04:00,2026-08-28T05:03:39.423Z,https://www.predatoryfins.com/products/l271-brazilian-tiger-pleco-panaqolus-sp
predatory-fins,Tiger Shovelnose Catfish (Pseudoplatystoma fasciatum),,,Pseudoplatystoma fasciatum,28,,USD,2 - 2.5 inches,2.25,in,false,2021-09-03T23:42:05-04:00,2026-08-28T05:03:39.423Z,https://www.predatoryfins.com/products/tiger-shovelnose-catfish-pseudoplatystoma-fasciatum
predatory-fins,Tiger Shovelnose Catfish (Pseudoplatystoma fasciatum),,,Pseudoplatystoma fasciatum,38,,USD,3 inches,3,in,false,2021-09-03T23:42:05-04:00,2026-08-28T05:03:39.423Z,https://www.predatoryfins.com/products/tiger-shovelnose-catfish-pseudoplatystoma-fasciatum
predatory-fins,Tiger Shovelnose Catfish (Pseudoplatystoma fasciatum),,,Pseudoplatystoma fasciatum,45,,USD,4 - 4.5 inches,4.25,in,false,2021-09-03T23:42:05-04:00,2026-08-28T05:03:39.423Z,https://www.predatoryfins.com/products/tiger-shovelnose-catfish-pseudoplatystoma-fasciatum
predatory-fins,Tiger Shovelnose Catfish (Pseudoplatystoma fasciatum),,,Pseudoplatystoma fasciatum,55,,USD,5 inches,5,in,false,2021-09-03T23:42:05-04:00,2026-08-28T05:03:39.423Z,https://www.predatoryfins.com/products/tiger-shovelnose-catfish-pseudoplatystoma-fasciatum
predatory-fins,Tiger Shovelnose Catfish (Pseudoplatystoma fasciatum),,,Pseudoplatystoma fasciatum,75,,USD,6 - 6.5 inches,6.25,in,false,2021-09-03T23:42:05-04:00,2026-08-28T05:03:39.423Z,https://www.predatoryfins.com/products/tiger-shovelnose-catfish-pseudoplatystoma-fasciatum
predatory-fins,Tiger Shovelnose Catfish (Pseudoplatystoma fasciatum),,,Pseudoplatystoma fasciatum,395,,USD,6.5 - 7 inches (Short Body),6.75,in,false,2021-09-03T23:42:05-04:00,2026-08-28T05:03:39.423Z,https://www.predatoryfins.com/products/tiger-shovelnose-catfish-pseudoplatystoma-fasciatum
predatory-fins,Tiger Shovelnose Catfish (Pseudoplatystoma fasciatum),,,Pseudoplatystoma fasciatum,250,,USD,12 inches,12,in,false,2021-09-03T23:42:05-04:00,2026-08-28T05:03:39.423Z,https://www.predatoryfins.com/products/tiger-shovelnose-catfish-pseudoplatystoma-fasciatum
predatory-fins,L398 Tankei Tiger Pleco (Panaqolus tankei),,,Panaqolus tankei,40,,USD,3.5 - 4 inch,3.75,in,true,2021-09-03T23:41:35-04:00,2026-08-28T05:03:39.423Z,https://www.predatoryfins.com/products/l398-tankei-tiger-pleco-panaqolus-tankei
predatory-fins,L398 Tankei Tiger Pleco (Panaqolus tankei),,,Panaqolus tankei,30,,USD,3 inch,3,in,false,2021-09-03T23:41:35-04:00,2026-08-28T05:03:39.423Z,https://www.predatoryfins.com/products/l398-tankei-tiger-pleco-panaqolus-tankei
predatory-fins,Tabla Barba Slobbering Catfish (Brachyplatystoma platynemum),,,Brachyplatystoma platynemum,120,,USD,5 inches,5,in,false,2021-09-03T23:41:34-04:00,2026-08-28T05:03:39.423Z,https://www.predatoryfins.com/products/tabla-barba-slobbering-catfish-brachyplatystoma-platynemum
predatory-fins,Tabla Barba Slobbering Catfish (Brachyplatystoma platynemum),,,Brachyplatystoma platynemum,180,,USD,6 inches,6,in,false,2021-09-03T23:41:34-04:00,2026-08-28T05:03:39.423Z,https://www.predatoryfins.com/products/tabla-barba-slobbering-catfish-brachyplatystoma-platynemum
predatory-fins,Ocellifer Catfish (Synodontis ocellifer),,,Synodontis ocellifer,20,,USD,"2""-3"" inches",2,in,false,2021-09-03T23:41:33-04:00,2026-08-28T05:03:39.423Z,https://www.predatoryfins.com/products/synodontis-ocellifer-catfish
predatory-fins,Marbled Synodontis Catfish (Synodontis schoutedeni),,,Synodontis schoutedeni,26,,USD,2 - 2.5 inches,2.25,in,false,2021-09-03T23:41:32-04:00,2026-08-28T05:03:39.423Z,https://www.predatoryfins.com/products/synodontis-eupterus
predatory-fins,Marbled Synodontis Catfish (Synodontis schoutedeni),,,Synodontis schoutedeni,38,,USD,3 - 3.5 inches,3.25,in,false,2021-09-03T23:41:32-04:00,2026-08-28T05:03:39.423Z,https://www.predatoryfins.com/products/synodontis-eupterus
predatory-fins,Marbled Synodontis Catfish (Synodontis schoutedeni),,,Synodontis schoutedeni,48,,USD,4 - 4.5 inches,4.25,in,false,2021-09-03T23:41:32-04:00,2026-08-28T05:03:39.423Z,https://www.predatoryfins.com/products/synodontis-eupterus
predatory-fins,L025 Red Scarlet Cactus Pleco (Pseudacanthicus pirarara),,,Pseudacanthicus pirarara,475,,USD,9 - 9.5 inches (7 Pointer Super Red),9.25,in,false,2021-09-03T23:41:30-04:00,2026-08-28T05:03:39.423Z,https://www.predatoryfins.com/products/l025-red-scarlet-cactus-pleco-pseudacanthicus-pirarara
predatory-fins,L025 Red Scarlet Cactus Pleco (Pseudacanthicus pirarara),,,Pseudacanthicus pirarara,600,,USD,12-14 inches (7 Pointer Super Red),13,in,false,2021-09-03T23:41:30-04:00,2026-08-28T05:03:39.423Z,https://www.predatoryfins.com/products/l025-red-scarlet-cactus-pleco-pseudacanthicus-pirarara
predatory-fins,L025 Red Scarlet Cactus Pleco (Pseudacanthicus pirarara),,,Pseudacanthicus pirarara,1200,,USD,10 - 11 inches (Super Red Select Grade AAA),10.5,in,false,2021-09-03T23:41:30-04:00,2026-08-28T05:03:39.423Z,https://www.predatoryfins.com/products/l025-red-scarlet-cactus-pleco-pseudacanthicus-pirarara
predatory-fins,L264 Sultan Pleco (Leporacanthicus joselimai),,,Leporacanthicus joselimai,40,,USD,1.5 inches,1.5,in,false,2021-09-03T23:41:28-04:00,2026-08-28T05:03:39.423Z,https://www.predatoryfins.com/products/l264-sultan-pleco-leporacanthicus-joselimai
predatory-fins,L264 Sultan Pleco (Leporacanthicus joselimai),,,Leporacanthicus joselimai,45,,USD,2 - 2.5 inches,2.25,in,true,2021-09-03T23:41:28-04:00,2026-08-28T05:03:39.423Z,https://www.predatoryfins.com/products/l264-sultan-pleco-leporacanthicus-joselimai
predatory-fins,L264 Sultan Pleco (Leporacanthicus joselimai),,,Leporacanthicus joselimai,65,,USD,4 inches,4,in,false,2021-09-03T23:41:28-04:00,2026-08-28T05:03:39.423Z,https://www.predatoryfins.com/products/l264-sultan-pleco-leporacanthicus-joselimai
predatory-fins,L264 Sultan Pleco (Leporacanthicus joselimai),,,Leporacanthicus joselimai,75,,USD,4.5 - 5 inches,4.75,in,false,2021-09-03T23:41:28-04:00,2026-08-28T05:03:39.423Z,https://www.predatoryfins.com/products/l264-sultan-pleco-leporacanthicus-joselimai
predatory-fins,L264 Sultan Pleco (Leporacanthicus joselimai),,,Leporacanthicus joselimai,95,,USD,6 - 6.5 inches,6.25,in,false,2021-09-03T23:41:28-04:00,2026-08-28T05:03:39.423Z,https://www.predatoryfins.com/products/l264-sultan-pleco-leporacanthicus-joselimai
predatory-fins,L014 Sunshine Pleco (Scobiancistrus aureautus),,,Scobiancistrus aureautus,75,,USD,1.5 inches,1.5,in,false,2021-09-03T23:41:28-04:00,2026-08-28T05:03:39.423Z,https://www.predatoryfins.com/products/l014-sunshine-pleco-scobiancistrus-aureautus
predatory-fins,L014 Sunshine Pleco (Scobiancistrus aureautus),,,Scobiancistrus aureautus,115,,USD,2.5 inches,2.5,in,false,2021-09-03T23:41:28-04:00,2026-08-28T05:03:39.423Z,https://www.predatoryfins.com/products/l014-sunshine-pleco-scobiancistrus-aureautus
predatory-fins,L014 Sunshine Pleco (Scobiancistrus aureautus),,,Scobiancistrus aureautus,135,,USD,3 inches,3,in,false,2021-09-03T23:41:28-04:00,2026-08-28T05:03:39.423Z,https://www.predatoryfins.com/products/l014-sunshine-pleco-scobiancistrus-aureautus
predatory-fins,L014 Sunshine Pleco (Scobiancistrus aureautus),,,Scobiancistrus aureautus,175,,USD,4 - 4.5 inches,4.25,in,false,2021-09-03T23:41:28-04:00,2026-08-28T05:03:39.423Z,https://www.predatoryfins.com/products/l014-sunshine-pleco-scobiancistrus-aureautus
predatory-fins,L014 Sunshine Pleco (Scobiancistrus aureautus),,,Scobiancistrus aureautus,195,,USD,5 - 5.5 inches,5.25,in,false,2021-09-03T23:41:28-04:00,2026-08-28T05:03:39.423Z,https://www.predatoryfins.com/products/l014-sunshine-pleco-scobiancistrus-aureautus
predatory-fins,L014 Sunshine Pleco (Scobiancistrus aureautus),,,Scobiancistrus aureautus,285,,USD,7.5 - 8 inches,7.75,in,false,2021-09-03T23:41:28-04:00,2026-08-28T05:03:39.423Z,https://www.predatoryfins.com/products/l014-sunshine-pleco-scobiancistrus-aureautus
predatory-fins,L014 Sunshine Pleco (Scobiancistrus aureautus),,,Scobiancistrus aureautus,320,375,USD,9 - 9.5 inches,9.25,in,false,2021-09-03T23:41:28-04:00,2026-08-28T05:03:39.423Z,https://www.predatoryfins.com/products/l014-sunshine-pleco-scobiancistrus-aureautus
predatory-fins,L014 Sunshine Pleco (Scobiancistrus aureautus),,,Scobiancistrus aureautus,360,425,USD,11  inches,11,in,false,2021-09-03T23:41:28-04:00,2026-08-28T05:03:39.423Z,https://www.predatoryfins.com/products/l014-sunshine-pleco-scobiancistrus-aureautus
predatory-fins,Striped Raphael Catfish (Platydoras armatulus),sp_raphael_catfish,scientific-name,Platydoras armatulus,28,,USD,3 inches,3,in,false,2021-09-03T23:41:27-04:00,2026-08-28T05:03:39.423Z,https://www.predatoryfins.com/products/striped-raphael-catfish-platydoras-armatulus
predatory-fins,Striped Raphael Catfish (Platydoras armatulus),sp_raphael_catfish,scientific-name,Platydoras armatulus,68,,USD,4.5 - 5 inches,4.75,in,false,2021-09-03T23:41:27-04:00,2026-08-28T05:03:39.423Z,https://www.predatoryfins.com/products/striped-raphael-catfish-platydoras-armatulus
predatory-fins,Striped Raphael Catfish (Platydoras armatulus),sp_raphael_catfish,scientific-name,Platydoras armatulus,95,130,USD,7 - 8 inches,7.5,in,false,2021-09-03T23:41:27-04:00,2026-08-28T05:03:39.423Z,https://www.predatoryfins.com/products/striped-raphael-catfish-platydoras-armatulus
predatory-fins,Sterlet Sturgeon (Acipenser ruthenus),,,Acipenser ruthenus,45,,USD,"2.5"" - 3"" inches",2.5,in,false,2021-09-03T23:41:25-04:00,2026-08-28T05:03:39.423Z,https://www.predatoryfins.com/products/sterlet-sturgeon-acipenser-ruthenus
predatory-fins,L096 / L160 Spiny Monster Pleco (Pseudacanthicus spinosus),,,Pseudacanthicus spinosus,75,,USD,3 - 3.5 inches,3.25,in,false,2021-09-03T23:41:22-04:00,2026-08-28T05:03:39.423Z,https://www.predatoryfins.com/products/l160-spiny-monster-pleco-pseudacanthicus-spinosus
predatory-fins,L096 / L160 Spiny Monster Pleco (Pseudacanthicus spinosus),,,Pseudacanthicus spinosus,95,,USD,4 - 4.5 inches,4.25,in,false,2021-09-03T23:41:22-04:00,2026-08-28T05:03:39.423Z,https://www.predatoryfins.com/products/l160-spiny-monster-pleco-pseudacanthicus-spinosus
predatory-fins,L096 / L160 Spiny Monster Pleco (Pseudacanthicus spinosus),,,Pseudacanthicus spinosus,135,,USD,6 - 6.5 inches,6.25,in,false,2021-09-03T23:41:22-04:00,2026-08-28T05:03:39.423Z,https://www.predatoryfins.com/products/l160-spiny-monster-pleco-pseudacanthicus-spinosus
predatory-fins,L096 / L160 Spiny Monster Pleco (Pseudacanthicus spinosus),,,Pseudacanthicus spinosus,650,,USD,14 - 15 inches,14.5,in,false,2021-09-03T23:41:22-04:00,2026-08-28T05:03:39.423Z,https://www.predatoryfins.com/products/l160-spiny-monster-pleco-pseudacanthicus-spinosus
predatory-fins,L142 / LDA033 Snowball Pleco (Baryancistrus sp),,,,48,,USD,2 - 2.5 inches,2.25,in,false,2021-09-03T23:41:22-04:00,2026-08-28T05:03:39.423Z,https://www.predatoryfins.com/products/l142-lda033-snowball-pleco-baryancistrus-sp
predatory-fins,Short Body Featherfin Catfish (Synodontis eupterus),,,Synodontis eupterus,175,,USD,"6"" - 7"" inches",6,in,false,2021-09-03T23:41:19-04:00,2026-08-28T05:03:39.423Z,https://www.predatoryfins.com/products/short-body-featherfin-catfish-synodontis-eupterus
predatory-fins,Sailfin Marble Achara Catfish (Leiarius pictus),,,Leiarius pictus,225,,USD,8 - 9 inches,8.5,in,false,2021-09-03T23:41:17-04:00,2026-08-28T05:03:39.423Z,https://www.predatoryfins.com/products/sailfin-marble-achara-catfish-leiarius-pictus
predatory-fins,L027 Xingu Royal Pleco (Panaque armbrusteri),,,Panaque armbrusteri,45,,USD,3 - 3.5 inches,3.25,in,false,2021-09-03T23:41:16-04:00,2026-08-28T05:03:39.423Z,https://www.predatoryfins.com/products/l027-xingu-royal-pleco-panaque-armbrusteri
predatory-fins,L027 Xingu Royal Pleco (Panaque armbrusteri),,,Panaque armbrusteri,55,,USD,4 - 5 inches,4.5,in,false,2021-09-03T23:41:16-04:00,2026-08-28T05:03:39.423Z,https://www.predatoryfins.com/products/l027-xingu-royal-pleco-panaque-armbrusteri
predatory-fins,Ripsaw Catfish (Oxydoras niger),,,Oxydoras niger,45,,USD,2.5 - 3 inches,2.75,in,false,2021-09-03T23:40:52-04:00,2026-08-28T05:03:39.423Z,https://www.predatoryfins.com/products/ripsaw-catfish-oxydoras-niger
predatory-fins,Ripsaw Catfish (Oxydoras niger),,,Oxydoras niger,55,,USD,3.5 - 4 inches,3.75,in,false,2021-09-03T23:40:52-04:00,2026-08-28T05:03:39.423Z,https://www.predatoryfins.com/products/ripsaw-catfish-oxydoras-niger
predatory-fins,Ripsaw Catfish (Oxydoras niger),,,Oxydoras niger,75,,USD,5 - 5.5 inches,5.25,in,false,2021-09-03T23:40:52-04:00,2026-08-28T05:03:39.423Z,https://www.predatoryfins.com/products/ripsaw-catfish-oxydoras-niger
predatory-fins,Ripsaw Catfish (Oxydoras niger),,,Oxydoras niger,85,,USD,6 - 6.5 inches,6.25,in,false,2021-09-03T23:40:52-04:00,2026-08-28T05:03:39.423Z,https://www.predatoryfins.com/products/ripsaw-catfish-oxydoras-niger
predatory-fins,Ripsaw Catfish (Oxydoras niger),,,Oxydoras niger,125,,USD,10 - 11 inches,10.5,in,false,2021-09-03T23:40:52-04:00,2026-08-28T05:03:39.423Z,https://www.predatoryfins.com/products/ripsaw-catfish-oxydoras-niger
predatory-fins,Ripsaw Catfish (Oxydoras niger),,,Oxydoras niger,175,,USD,12 - 14 inches,13,in,false,2021-09-03T23:40:52-04:00,2026-08-28T05:03:39.423Z,https://www.predatoryfins.com/products/ripsaw-catfish-oxydoras-niger
predatory-fins,Royal Clown Knifefish (Chitala blanci),,,Chitala blanci,32,,USD,2.5 inches,2.5,in,false,2021-09-03T23:40:52-04:00,2026-08-28T05:03:39.423Z,https://www.predatoryfins.com/products/royal-clown-knifefish-chitala-blanci
predatory-fins,Royal Clown Knifefish (Chitala blanci),,,Chitala blanci,40,,USD,3 inches,3,in,false,2021-09-03T23:40:52-04:00,2026-08-28T05:03:39.423Z,https://www.predatoryfins.com/products/royal-clown-knifefish-chitala-blanci
predatory-fins,Royal Clown Knifefish (Chitala blanci),,,Chitala blanci,55,,USD,4 - 4.5 inches,4.25,in,false,2021-09-03T23:40:52-04:00,2026-08-28T05:03:39.423Z,https://www.predatoryfins.com/products/royal-clown-knifefish-chitala-blanci
predatory-fins,Royal Clown Knifefish (Chitala blanci),,,Chitala blanci,65,,USD,5 - 5.5 inches,5.25,in,false,2021-09-03T23:40:52-04:00,2026-08-28T05:03:39.423Z,https://www.predatoryfins.com/products/royal-clown-knifefish-chitala-blanci
predatory-fins,Royal Clown Knifefish (Chitala blanci),,,Chitala blanci,75,,USD,6 - 6.5 inches,6.25,in,false,2021-09-03T23:40:52-04:00,2026-08-28T05:03:39.423Z,https://www.predatoryfins.com/products/royal-clown-knifefish-chitala-blanci
predatory-fins,Royal Clown Knifefish (Chitala blanci),,,Chitala blanci,110,,USD,7 - 7.5 inches,7.25,in,false,2021-09-03T23:40:52-04:00,2026-08-28T05:03:39.423Z,https://www.predatoryfins.com/products/royal-clown-knifefish-chitala-blanci
predatory-fins,Royal Clown Knifefish (Chitala blanci),,,Chitala blanci,150,,USD,8 - 8.5 inches,8.25,in,true,2021-09-03T23:40:52-04:00,2026-08-28T05:03:39.423Z,https://www.predatoryfins.com/products/royal-clown-knifefish-chitala-blanci
predatory-fins,Royal Clown Knifefish (Chitala blanci),,,Chitala blanci,165,,USD,9 - 10 inches,9.5,in,false,2021-09-03T23:40:52-04:00,2026-08-28T05:03:39.423Z,https://www.predatoryfins.com/products/royal-clown-knifefish-chitala-blanci
predatory-fins,Royal Clown Knifefish (Chitala blanci),,,Chitala blanci,185,,USD,11 - 12 inches,11.5,in,false,2021-09-03T23:40:52-04:00,2026-08-28T05:03:39.423Z,https://www.predatoryfins.com/products/royal-clown-knifefish-chitala-blanci
predatory-fins,Red Tail Barracuda (Acestrorhynchus falcatus),,,Acestrorhynchus falcatus,35,,USD,2.5 - 3 inches,2.75,in,false,2021-09-03T23:40:47-04:00,2026-08-28T05:03:39.423Z,https://www.predatoryfins.com/products/red-tail-barracuda-acestrorhynchus-falcatus
predatory-fins,Red Tail Barracuda (Acestrorhynchus falcatus),,,Acestrorhynchus falcatus,55,,USD,3.5 - 4 inches,3.75,in,false,2021-09-03T23:40:47-04:00,2026-08-28T05:03:39.423Z,https://www.predatoryfins.com/products/red-tail-barracuda-acestrorhynchus-falcatus
predatory-fins,Red Tail Barracuda (Acestrorhynchus falcatus),,,Acestrorhynchus falcatus,95,,USD,5 - 5.5 inches,5.25,in,false,2021-09-03T23:40:47-04:00,2026-08-28T05:03:39.423Z,https://www.predatoryfins.com/products/red-tail-barracuda-acestrorhynchus-falcatus
predatory-fins,Red Tail Barracuda (Acestrorhynchus falcatus),,,Acestrorhynchus falcatus,125,,USD,6 - 6.5 inches,6.25,in,false,2021-09-03T23:40:47-04:00,2026-08-28T05:03:39.423Z,https://www.predatoryfins.com/products/red-tail-barracuda-acestrorhynchus-falcatus
predatory-fins,Red Tail Barracuda (Acestrorhynchus falcatus),,,Acestrorhynchus falcatus,155,,USD,8 - 9 inches,8.5,in,false,2021-09-03T23:40:47-04:00,2026-08-28T05:03:39.423Z,https://www.predatoryfins.com/products/red-tail-barracuda-acestrorhynchus-falcatus
predatory-fins,Red Tail Barracuda (Acestrorhynchus falcatus),,,Acestrorhynchus falcatus,175,,USD,10 -11 inches,10.5,in,false,2021-09-03T23:40:47-04:00,2026-08-28T05:03:39.423Z,https://www.predatoryfins.com/products/red-tail-barracuda-acestrorhynchus-falcatus
predatory-fins,Redtail Catfish (Phractocephalus hemioliopterus),,,Phractocephalus hemioliopterus,22,,USD,1.5 - 1.75 inches,1.63,in,false,2021-09-03T23:40:47-04:00,2026-08-28T05:03:39.423Z,https://www.predatoryfins.com/products/redtail-catfish-phractocephalus-hemioliopterus
predatory-fins,Redtail Catfish (Phractocephalus hemioliopterus),,,Phractocephalus hemioliopterus,28,,USD,2.5 inches,2.5,in,false,2021-09-03T23:40:47-04:00,2026-08-28T05:03:39.423Z,https://www.predatoryfins.com/products/redtail-catfish-phractocephalus-hemioliopterus
predatory-fins,Redtail Catfish (Phractocephalus hemioliopterus),,,Phractocephalus hemioliopterus,35,,USD,3 inches,3,in,false,2021-09-03T23:40:47-04:00,2026-08-28T05:03:39.423Z,https://www.predatoryfins.com/products/redtail-catfish-phractocephalus-hemioliopterus
predatory-fins,Redtail Catfish (Phractocephalus hemioliopterus),,,Phractocephalus hemioliopterus,45,,USD,4 inches,4,in,false,2021-09-03T23:40:47-04:00,2026-08-28T05:03:39.423Z,https://www.predatoryfins.com/products/redtail-catfish-phractocephalus-hemioliopterus
predatory-fins,Redtail Catfish (Phractocephalus hemioliopterus),,,Phractocephalus hemioliopterus,65,,USD,5 - 5.5 inches,5.25,in,false,2021-09-03T23:40:47-04:00,2026-08-28T05:03:39.423Z,https://www.predatoryfins.com/products/redtail-catfish-phractocephalus-hemioliopterus
predatory-fins,Redtail Catfish (Phractocephalus hemioliopterus),,,Phractocephalus hemioliopterus,325,,USD,13 - 14 inches,13.5,in,false,2021-09-03T23:40:47-04:00,2026-08-28T05:03:39.423Z,https://www.predatoryfins.com/products/redtail-catfish-phractocephalus-hemioliopterus
predatory-fins,Redtail Catfish (Phractocephalus hemioliopterus),,,Phractocephalus hemioliopterus,395,,USD,17 - 18 inches,17.5,in,false,2021-09-03T23:40:47-04:00,2026-08-28T05:03:39.423Z,https://www.predatoryfins.com/products/redtail-catfish-phractocephalus-hemioliopterus
predatory-fins,Tigrinum Shovelnose Catfish (Pseudoplatystoma tigrinum),,,Pseudoplatystoma tigrinum,65,,USD,2.5 - 3 inches,2.75,in,false,2021-09-03T23:40:45-04:00,2026-08-28T05:03:39.423Z,https://www.predatoryfins.com/products/tigrinum-shovelnose-catfish-pseudoplatystoma-tigrinum
predatory-fins,Tigrinum Shovelnose Catfish (Pseudoplatystoma tigrinum),,,Pseudoplatystoma tigrinum,120,,USD,5 - 5.5 inches,5.25,in,false,2021-09-03T23:40:45-04:00,2026-08-28T05:03:39.423Z,https://www.predatoryfins.com/products/tigrinum-shovelnose-catfish-pseudoplatystoma-tigrinum
predatory-fins,Tigrinum Shovelnose Catfish (Pseudoplatystoma tigrinum),,,Pseudoplatystoma tigrinum,150,,USD,6 - 6.5 inches,6.25,in,false,2021-09-03T23:40:45-04:00,2026-08-28T05:03:39.423Z,https://www.predatoryfins.com/products/tigrinum-shovelnose-catfish-pseudoplatystoma-tigrinum
predatory-fins,Platinum Redtail Catfish (Phractocephalus hemioliopterus),,,Phractocephalus hemioliopterus,295,,USD,2.5 inches,2.5,in,false,2021-09-03T23:40:43-04:00,2026-08-28T05:03:39.423Z,https://www.predatoryfins.com/products/platinum-redtail-catfish-phractocephalus-hemioliopterus
predatory-fins,Platinum Redtail Catfish (Phractocephalus hemioliopterus),,,Phractocephalus hemioliopterus,395,,USD,3.5 inches,3.5,in,false,2021-09-03T23:40:43-04:00,2026-08-28T05:03:39.423Z,https://www.predatoryfins.com/products/platinum-redtail-catfish-phractocephalus-hemioliopterus
predatory-fins,Platinum Redtail Catfish (Phractocephalus hemioliopterus),,,Phractocephalus hemioliopterus,450,,USD,5 - 5.5 inches,5.25,in,false,2021-09-03T23:40:43-04:00,2026-08-28T05:03:39.423Z,https://www.predatoryfins.com/products/platinum-redtail-catfish-phractocephalus-hemioliopterus
predatory-fins,Platinum Redtail Catfish (Phractocephalus hemioliopterus),,,Phractocephalus hemioliopterus,550,,USD,6 - 6.5 inches,6.25,in,false,2021-09-03T23:40:43-04:00,2026-08-28T05:03:39.423Z,https://www.predatoryfins.com/products/platinum-redtail-catfish-phractocephalus-hemioliopterus
predatory-fins,Platinum Redtail Catfish (Phractocephalus hemioliopterus),,,Phractocephalus hemioliopterus,850,,USD,7 - 7.5 inches,7.25,in,false,2021-09-03T23:40:43-04:00,2026-08-28T05:03:39.423Z,https://www.predatoryfins.com/products/platinum-redtail-catfish-phractocephalus-hemioliopterus
predatory-fins,Platinum Redtail Catfish (Phractocephalus hemioliopterus),,,Phractocephalus hemioliopterus,475,,USD,9 - 10 inches (curled pectoral fin),9.5,in,false,2021-09-03T23:40:43-04:00,2026-08-28T05:03:39.423Z,https://www.predatoryfins.com/products/platinum-redtail-catfish-phractocephalus-hemioliopterus
predatory-fins,Platinum Redtail Catfish (Phractocephalus hemioliopterus),,,Phractocephalus hemioliopterus,185,,USD,6 - 8 inches (semi platinum - black speckles),7,in,false,2021-09-03T23:40:43-04:00,2026-08-28T05:03:39.423Z,https://www.predatoryfins.com/products/platinum-redtail-catfish-phractocephalus-hemioliopterus
predatory-fins,Phantom Redtail Catfish (Phractocephalus hemioliopterus),,,Phractocephalus hemioliopterus,75,,USD,1.5 inches,1.5,in,true,2021-09-03T23:40:40-04:00,2026-08-28T05:03:39.423Z,https://www.predatoryfins.com/products/phantom-redtail-catfish-phractocephalus-hemioliopterus
predatory-fins,Phantom Redtail Catfish (Phractocephalus hemioliopterus),,,Phractocephalus hemioliopterus,85,,USD,2 inches,2,in,true,2021-09-03T23:40:40-04:00,2026-08-28T05:03:39.423Z,https://www.predatoryfins.com/products/phantom-redtail-catfish-phractocephalus-hemioliopterus
predatory-fins,Phantom Redtail Catfish (Phractocephalus hemioliopterus),,,Phractocephalus hemioliopterus,105,,USD,3 inches,3,in,false,2021-09-03T23:40:40-04:00,2026-08-28T05:03:39.423Z,https://www.predatoryfins.com/products/phantom-redtail-catfish-phractocephalus-hemioliopterus
predatory-fins,Phantom Redtail Catfish (Phractocephalus hemioliopterus),,,Phractocephalus hemioliopterus,120,,USD,4 - 4.5 inches,4.25,in,false,2021-09-03T23:40:40-04:00,2026-08-28T05:03:39.423Z,https://www.predatoryfins.com/products/phantom-redtail-catfish-phractocephalus-hemioliopterus
predatory-fins,Phantom Redtail Catfish (Phractocephalus hemioliopterus),,,Phractocephalus hemioliopterus,150,,USD,5 - 5.5 inches,5.25,in,false,2021-09-03T23:40:40-04:00,2026-08-28T05:03:39.423Z,https://www.predatoryfins.com/products/phantom-redtail-catfish-phractocephalus-hemioliopterus
predatory-fins,Phantom Redtail Catfish (Phractocephalus hemioliopterus),,,Phractocephalus hemioliopterus,185,,USD,6 - 6.5 inches,6.25,in,false,2021-09-03T23:40:40-04:00,2026-08-28T05:03:39.423Z,https://www.predatoryfins.com/products/phantom-redtail-catfish-phractocephalus-hemioliopterus
predatory-fins,Phantom Redtail Catfish (Phractocephalus hemioliopterus),,,Phractocephalus hemioliopterus,250,,USD,7 - 7.5 inches,7.25,in,false,2021-09-03T23:40:40-04:00,2026-08-28T05:03:39.423Z,https://www.predatoryfins.com/products/phantom-redtail-catfish-phractocephalus-hemioliopterus
predatory-fins,Phantom Redtail Catfish (Phractocephalus hemioliopterus),,,Phractocephalus hemioliopterus,275,,USD,8 - 8.5 inches,8.25,in,false,2021-09-03T23:40:40-04:00,2026-08-28T05:03:39.423Z,https://www.predatoryfins.com/products/phantom-redtail-catfish-phractocephalus-hemioliopterus
predatory-fins,Phantom Redtail Catfish (Phractocephalus hemioliopterus),,,Phractocephalus hemioliopterus,395,,USD,9 - 9.5 inches,9.25,in,false,2021-09-03T23:40:40-04:00,2026-08-28T05:03:39.423Z,https://www.predatoryfins.com/products/phantom-redtail-catfish-phractocephalus-hemioliopterus
predatory-fins,Spotted Phago (Phago maculatus),,,Phago maculatus,25,,USD,2.5 - 3 inches,2.75,in,false,2021-09-03T23:40:40-04:00,2026-08-28T05:03:39.423Z,https://www.predatoryfins.com/products/spotted-phago-phago-maculatus
predatory-fins,Melanistic Upside Down Catfish (Synodontis nigriventris),,,Synodontis nigriventris,40,,USD,"5"" - 6"" inches",5,in,false,2021-09-03T23:40:36-04:00,2026-08-28T05:03:39.423Z,https://www.predatoryfins.com/products/melanistic-upside-down-catfish-synodontis-nigriventris
predatory-fins,Spotted Marble Amazon Gar (Boulengerella maculata),,,Boulengerella maculata,50,,USD,"8"" - 9"" inches",8,in,false,2021-09-03T23:40:35-04:00,2026-08-28T05:03:39.423Z,https://www.predatoryfins.com/products/spotted-marble-amazon-gar-boulengerella-maculata
predatory-fins,Marble Achara Catfish (Leiarius marmoratus),,,Leiarius marmoratus,95,,USD,"4"" - 5"" Inches",4,in,false,2021-09-03T23:40:16-04:00,2026-08-28T05:03:39.423Z,https://www.predatoryfins.com/products/marble-achara-catfish-leiarius-marmoratus
predatory-fins,Longnose Gar (Lepisosteus osseus),,,Lepisosteus osseus,45,,USD,6 inches,6,in,false,2021-09-03T23:40:14-04:00,2026-08-28T05:03:39.423Z,https://www.predatoryfins.com/products/longnose-gar-lepisosteus-osseus
predatory-fins,Longnose Gar (Lepisosteus osseus),,,Lepisosteus osseus,180,,USD,12 -14 inches,13,in,false,2021-09-03T23:40:14-04:00,2026-08-28T05:03:39.423Z,https://www.predatoryfins.com/products/longnose-gar-lepisosteus-osseus
predatory-fins,Lince Catfish (Platynematichthys notatus),,,Platynematichthys notatus,595,,USD,6 - 7 inches,6.5,in,false,2021-09-03T23:40:13-04:00,2026-08-28T05:03:39.423Z,https://www.predatoryfins.com/products/lince-catfish-platynematichthys-notatus
predatory-fins,Lince Catfish (Platynematichthys notatus),,,Platynematichthys notatus,695,,USD,8 - 9 inches,8.5,in,false,2021-09-03T23:40:13-04:00,2026-08-28T05:03:39.423Z,https://www.predatoryfins.com/products/lince-catfish-platynematichthys-notatus
predatory-fins,Lince Catfish (Platynematichthys notatus),,,Platynematichthys notatus,895,,USD,10 - 11 inches,10.5,in,false,2021-09-03T23:40:13-04:00,2026-08-28T05:03:39.423Z,https://www.predatoryfins.com/products/lince-catfish-platynematichthys-notatus
predatory-fins,Lince Catfish (Platynematichthys notatus),,,Platynematichthys notatus,1100,,USD,13 - 14 inches,13.5,in,false,2021-09-03T23:40:13-04:00,2026-08-28T05:03:39.423Z,https://www.predatoryfins.com/products/lince-catfish-platynematichthys-notatus
predatory-fins,Lince Catfish (Platynematichthys notatus),,,Platynematichthys notatus,1500,,USD,20 - 24 inches,22,in,false,2021-09-03T23:40:13-04:00,2026-08-28T05:03:39.423Z,https://www.predatoryfins.com/products/lince-catfish-platynematichthys-notatus
predatory-fins,Black Melanistic Tropical Gar (Atractosteus tropicus),,,Atractosteus tropicus,600,,USD,"10"" to 12"" inches",10,in,false,2021-09-03T23:40:03-04:00,2026-08-28T05:03:39.423Z,https://www.predatoryfins.com/products/black-melanistic-tropical-gar-atractosteus-tropicus
predatory-fins,Jau Catfish (Zungaro zungaro),,,Zungaro zungaro,395,,USD,7 - 8 inches,7.5,in,false,2021-09-03T23:40:02-04:00,2026-08-28T05:03:39.423Z,https://www.predatoryfins.com/products/jau-catfish-zungaro-zungaro
predatory-fins,Jau Catfish (Zungaro zungaro),,,Zungaro zungaro,900,,USD,28”-36”,,,false,2021-09-03T23:40:02-04:00,2026-08-28T05:03:39.423Z,https://www.predatoryfins.com/products/jau-catfish-zungaro-zungaro
predatory-fins,Jaguar Catfish (Liosomadoras oncinus),,,Liosomadoras oncinus,38,,USD,2.5 inches,2.5,in,false,2021-09-03T23:39:33-04:00,2026-08-28T05:03:39.423Z,https://www.predatoryfins.com/products/jaguar-catfish-liosomadoras-oncinus
predatory-fins,Jaguar Catfish (Liosomadoras oncinus),,,Liosomadoras oncinus,68,,USD,3.5 - 4 inches,3.75,in,false,2021-09-03T23:39:33-04:00,2026-08-28T05:03:39.423Z,https://www.predatoryfins.com/products/jaguar-catfish-liosomadoras-oncinus
predatory-fins,Jaguar Catfish (Liosomadoras oncinus),,,Liosomadoras oncinus,175,,USD,5 - 5.5 inches (Select Grade),5.25,in,false,2021-09-03T23:39:33-04:00,2026-08-28T05:03:39.423Z,https://www.predatoryfins.com/products/jaguar-catfish-liosomadoras-oncinus
predatory-fins,Jaguar Catfish (Liosomadoras oncinus),,,Liosomadoras oncinus,195,,USD,6 - 6.5 inches (Select Grade),6.25,in,false,2021-09-03T23:39:33-04:00,2026-08-28T05:03:39.423Z,https://www.predatoryfins.com/products/jaguar-catfish-liosomadoras-oncinus
predatory-fins,Iridescent Shark (Pangasianodon hypophthalmus),,,Pangasianodon hypophthalmus,25,,USD,4 inches,4,in,false,2021-09-03T23:39:31-04:00,2026-08-28T05:03:39.423Z,https://www.predatoryfins.com/products/iridescent-shark-pangasianodon-hypophthalmus
predatory-fins,Iridescent Shark (Pangasianodon hypophthalmus),,,Pangasianodon hypophthalmus,35,,USD,5 inches,5,in,false,2021-09-03T23:39:31-04:00,2026-08-28T05:03:39.423Z,https://www.predatoryfins.com/products/iridescent-shark-pangasianodon-hypophthalmus
predatory-fins,Iridescent Shark (Pangasianodon hypophthalmus),,,Pangasianodon hypophthalmus,60,,USD,7 inches,7,in,false,2021-09-03T23:39:31-04:00,2026-08-28T05:03:39.423Z,https://www.predatoryfins.com/products/iridescent-shark-pangasianodon-hypophthalmus
predatory-fins,Irwini Catfish (Megalodoras uranoscopus),,,Megalodoras uranoscopus,40,,USD,3 - 3.5 inches,3.25,in,false,2021-09-03T23:39:31-04:00,2026-08-28T05:03:39.423Z,https://www.predatoryfins.com/products/irwini-catfish-megalodoras-uranoscopus
predatory-fins,Irwini Catfish (Megalodoras uranoscopus),,,Megalodoras uranoscopus,55,,USD,5 inches,5,in,false,2021-09-03T23:39:31-04:00,2026-08-28T05:03:39.423Z,https://www.predatoryfins.com/products/irwini-catfish-megalodoras-uranoscopus
predatory-fins,Irwini Catfish (Megalodoras uranoscopus),,,Megalodoras uranoscopus,75,,USD,6 - 7 inches,6.5,in,false,2021-09-03T23:39:31-04:00,2026-08-28T05:03:39.423Z,https://www.predatoryfins.com/products/irwini-catfish-megalodoras-uranoscopus
predatory-fins,Irwini Catfish (Megalodoras uranoscopus),,,Megalodoras uranoscopus,225,,USD,13 -14 inches,13.5,in,false,2021-09-03T23:39:31-04:00,2026-08-28T05:03:39.423Z,https://www.predatoryfins.com/products/irwini-catfish-megalodoras-uranoscopus
predatory-fins,Hoplo Armored Catfish (Hoplosternum littorale),,,Hoplosternum littorale,45,,USD,6”-8” inches,,,false,2021-09-03T23:39:29-04:00,2026-08-28T05:03:39.423Z,https://www.predatoryfins.com/products/hoplo-armored-catfish-hoplosternum-littorale
predatory-fins,Harlequin Lancer Catfish (Bagroides melapterus),,,Bagroides melapterus,38,,USD,1.5 - 2 inches,1.75,in,false,2021-09-03T23:39:28-04:00,2026-08-28T05:03:39.423Z,https://www.predatoryfins.com/products/harlequin-lancer-catfish-bagroides-melapterus
predatory-fins,Harlequin Lancer Catfish (Bagroides melapterus),,,Bagroides melapterus,65,,USD,4 - 5 inches,4.5,in,false,2021-09-03T23:39:28-04:00,2026-08-28T05:03:39.423Z,https://www.predatoryfins.com/products/harlequin-lancer-catfish-bagroides-melapterus
predatory-fins,Granulosus Catfish (Pterodoras granulosus),,,Pterodoras granulosus,15,,USD,"3"" - 4"" inches",3,in,false,2021-09-03T23:39:27-04:00,2026-08-28T05:03:39.423Z,https://www.predatoryfins.com/products/granulosus-catfish-pterodoras-granulosus
predatory-fins,Yarrelli Goonch Catfish (Bagarius yarrelli),,,Bagarius yarrelli,75,,USD,2.5 - 3.5 inches,3,in,false,2021-09-03T23:39:26-04:00,2026-08-28T05:03:39.423Z,https://www.predatoryfins.com/products/yarrelli-goonch-catfish-bagarius
predatory-fins,Yarrelli Goonch Catfish (Bagarius yarrelli),,,Bagarius yarrelli,165,,USD,4 - 4.5 inches,4.25,in,false,2021-09-03T23:39:26-04:00,2026-08-28T05:03:39.423Z,https://www.predatoryfins.com/products/yarrelli-goonch-catfish-bagarius
predatory-fins,Yarrelli Goonch Catfish (Bagarius yarrelli),,,Bagarius yarrelli,195,,USD,5.5 - 6 inches,5.75,in,false,2021-09-03T23:39:26-04:00,2026-08-28T05:03:39.423Z,https://www.predatoryfins.com/products/yarrelli-goonch-catfish-bagarius
predatory-fins,Yarrelli Goonch Catfish (Bagarius yarrelli),,,Bagarius yarrelli,225,,USD,6.5 - 7 inches,6.75,in,false,2021-09-03T23:39:26-04:00,2026-08-28T05:03:39.423Z,https://www.predatoryfins.com/products/yarrelli-goonch-catfish-bagarius
predatory-fins,Yarrelli Goonch Catfish (Bagarius yarrelli),,,Bagarius yarrelli,265,,USD,9 - 10 inches,9.5,in,false,2021-09-03T23:39:26-04:00,2026-08-28T05:03:39.423Z,https://www.predatoryfins.com/products/yarrelli-goonch-catfish-bagarius
predatory-fins,Yarrelli Goonch Catfish (Bagarius yarrelli),,,Bagarius yarrelli,295,,USD,12 - 13 inches,12.5,in,true,2021-09-03T23:39:26-04:00,2026-08-28T05:03:39.423Z,https://www.predatoryfins.com/products/yarrelli-goonch-catfish-bagarius
predatory-fins,Golden Chinese Wels Catfish (Silurus merdionalis),,,Silurus merdionalis,350,,USD,7 - 7.5 inches,7.25,in,false,2021-09-03T23:39:25-04:00,2026-08-28T05:03:39.423Z,https://www.predatoryfins.com/products/golden-chinese-wels-catfish-silurus-merdionalis
predatory-fins,Golden Chinese Wels Catfish (Silurus merdionalis),,,Silurus merdionalis,495,,USD,8 - 9 inches,8.5,in,false,2021-09-03T23:39:25-04:00,2026-08-28T05:03:39.423Z,https://www.predatoryfins.com/products/golden-chinese-wels-catfish-silurus-merdionalis
predatory-fins,Gold Clown Knifefish (Chitala ornata),,,Chitala ornata,25,,USD,4 inches,4,in,false,2021-09-03T23:39:24-04:00,2026-08-28T05:03:39.423Z,https://www.predatoryfins.com/products/gold-clown-knifefish-chitala-ornata
predatory-fins,Gold Clown Knifefish (Chitala ornata),,,Chitala ornata,45,,USD,6 - 7 inches,6.5,in,false,2021-09-03T23:39:24-04:00,2026-08-28T05:03:39.423Z,https://www.predatoryfins.com/products/gold-clown-knifefish-chitala-ornata
predatory-fins,Glass Catfish (Kryptopterus bicirrhis),,,Kryptopterus bicirrhis,30,,USD,4” inches,,,false,2021-09-03T23:39:23-04:00,2026-08-28T05:03:39.423Z,https://www.predatoryfins.com/products/glass-catfish-kryptopterus-bicirrhis
predatory-fins,Giraffe Catfish (Auchenoglanis occidentalis),,,Auchenoglanis occidentalis,35,,USD,2 - 2.5 inches,2.25,in,false,2021-09-03T23:39:20-04:00,2026-08-28T05:03:39.423Z,https://www.predatoryfins.com/products/giraffe-catfish-auchenoglanis-occidentalis
predatory-fins,Giraffe Catfish (Auchenoglanis occidentalis),,,Auchenoglanis occidentalis,30,55,USD,3 - 3.5 inches,3.25,in,false,2021-09-03T23:39:20-04:00,2026-08-28T05:03:39.423Z,https://www.predatoryfins.com/products/giraffe-catfish-auchenoglanis-occidentalis
predatory-fins,Giraffe Catfish (Auchenoglanis occidentalis),,,Auchenoglanis occidentalis,45,65,USD,4 - 4.5 inches,4.25,in,false,2021-09-03T23:39:20-04:00,2026-08-28T05:03:39.423Z,https://www.predatoryfins.com/products/giraffe-catfish-auchenoglanis-occidentalis
predatory-fins,Giraffe Catfish (Auchenoglanis occidentalis),,,Auchenoglanis occidentalis,75,,USD,5 - 5.5 inches,5.25,in,false,2021-09-03T23:39:20-04:00,2026-08-28T05:03:39.423Z,https://www.predatoryfins.com/products/giraffe-catfish-auchenoglanis-occidentalis
predatory-fins,Giraffe Catfish (Auchenoglanis occidentalis),,,Auchenoglanis occidentalis,110,,USD,6 - 6.5 inches,6.25,in,false,2021-09-03T23:39:20-04:00,2026-08-28T05:03:39.423Z,https://www.predatoryfins.com/products/giraffe-catfish-auchenoglanis-occidentalis
predatory-fins,Giraffe Catfish (Auchenoglanis occidentalis),,,Auchenoglanis occidentalis,175,,USD,7 - 7.5 inches,7.25,in,false,2021-09-03T23:39:20-04:00,2026-08-28T05:03:39.423Z,https://www.predatoryfins.com/products/giraffe-catfish-auchenoglanis-occidentalis
predatory-fins,Giraffe Catfish (Auchenoglanis occidentalis),,,Auchenoglanis occidentalis,250,,USD,8 - 8.5 inches,8.25,in,false,2021-09-03T23:39:20-04:00,2026-08-28T05:03:39.423Z,https://www.predatoryfins.com/products/giraffe-catfish-auchenoglanis-occidentalis
predatory-fins,Galaxy Wood Catfish (Tatia galaxias),,,Tatia galaxias,45,,USD,"2""-3"" inches",2,in,false,2021-09-03T23:39:19-04:00,2026-08-28T05:03:39.423Z,https://www.predatoryfins.com/products/galaxy-wood-catfish-tatia-galaxias
predatory-fins,Firewood Catfish (Sorubimichthys planiceps),,,Sorubimichthys planiceps,195,,USD,5 inches,5,in,false,2021-09-03T23:39:16-04:00,2026-08-28T05:03:39.423Z,https://www.predatoryfins.com/products/firewood-catfish-sorubimichthys-planiceps
predatory-fins,Firewood Catfish (Sorubimichthys planiceps),,,Sorubimichthys planiceps,250,,USD,6 - 7 inches,6.5,in,false,2021-09-03T23:39:16-04:00,2026-08-28T05:03:39.423Z,https://www.predatoryfins.com/products/firewood-catfish-sorubimichthys-planiceps
predatory-fins,Firewood Catfish (Sorubimichthys planiceps),,,Sorubimichthys planiceps,650,,USD,11 - 12 inches,11.5,in,false,2021-09-03T23:39:16-04:00,2026-08-28T05:03:39.423Z,https://www.predatoryfins.com/products/firewood-catfish-sorubimichthys-planiceps
predatory-fins,Flash Zebra Catfish (Brachyplatystoma juruense),,,Brachyplatystoma juruense,125,,USD,2.5 - 3 inches,2.75,in,false,2021-09-03T23:39:16-04:00,2026-08-28T05:03:39.423Z,https://www.predatoryfins.com/products/flash-zebra-catfish-brachyplatystoma-juruen
predatory-fins,Flash Zebra Catfish (Brachyplatystoma juruense),,,Brachyplatystoma juruense,145,,USD,3.5 - 4 inches,3.75,in,true,2021-09-03T23:39:16-04:00,2026-08-28T05:03:39.423Z,https://www.predatoryfins.com/products/flash-zebra-catfish-brachyplatystoma-juruen
predatory-fins,Flash Zebra Catfish (Brachyplatystoma juruense),,,Brachyplatystoma juruense,165,,USD,5 - 5.5 inches,5.25,in,true,2021-09-03T23:39:16-04:00,2026-08-28T05:03:39.423Z,https://www.predatoryfins.com/products/flash-zebra-catfish-brachyplatystoma-juruen
predatory-fins,Flash Zebra Catfish (Brachyplatystoma juruense),,,Brachyplatystoma juruense,875,,USD,11-12 inches,11.5,in,false,2021-09-03T23:39:16-04:00,2026-08-28T05:03:39.423Z,https://www.predatoryfins.com/products/flash-zebra-catfish-brachyplatystoma-juruen
predatory-fins,Dwarf Giraffe Catfish (Notoglanidium macrostoma),,,Notoglanidium macrostoma,30,,USD,"2""-3""",2,in,false,2021-09-03T23:39:15-04:00,2026-08-28T05:03:39.423Z,https://www.predatoryfins.com/products/dwarf-giraffe-catfish-notoglanidium-macrostoma
predatory-fins,Driftwood Catfish (Trachycorystes trachycorystes),,,Trachycorystes trachycorystes,115,,USD,5 inches,5,in,false,2021-09-03T23:39:12-04:00,2026-08-28T05:03:39.423Z,https://www.predatoryfins.com/products/driftwood-catfish-trachycorystes-trachycorystes
predatory-fins,Driftwood Catfish (Trachycorystes trachycorystes),,,Trachycorystes trachycorystes,135,,USD,7 inches,7,in,false,2021-09-03T23:39:12-04:00,2026-08-28T05:03:39.423Z,https://www.predatoryfins.com/products/driftwood-catfish-trachycorystes-trachycorystes
predatory-fins,Colombian Shark Catfish (Arius jordani),,,Arius jordani,10,,USD,"2""-3"" inches",2,in,false,2021-09-03T23:39:10-04:00,2026-08-28T05:03:39.423Z,https://www.predatoryfins.com/products/colombian-shark-catfish-arius-jordani
predatory-fins,Chinese Wels Catfish (Silurus merdionalis),,,Silurus merdionalis,38,,USD,2.5 - 3 inches,2.75,in,false,2021-09-03T23:38:27-04:00,2026-08-28T05:03:39.423Z,https://www.predatoryfins.com/products/chinese-wels-catfish-silurus-merdionalis
predatory-fins,Chinese Wels Catfish (Silurus merdionalis),,,Silurus merdionalis,45,,USD,4 inches,4,in,false,2021-09-03T23:38:27-04:00,2026-08-28T05:03:39.423Z,https://www.predatoryfins.com/products/chinese-wels-catfish-silurus-merdionalis
predatory-fins,Chinese Wels Catfish (Silurus merdionalis),,,Silurus merdionalis,95,,USD,6 inches,6,in,false,2021-09-03T23:38:27-04:00,2026-08-28T05:03:39.423Z,https://www.predatoryfins.com/products/chinese-wels-catfish-silurus-merdionalis
predatory-fins,Indian Frogmouth Catfish (Chaca Chaca),,,,55,,USD,"5"" - 6"" inches",5,in,false,2021-09-03T23:38:26-04:00,2026-08-28T05:03:39.423Z,https://www.predatoryfins.com/products/indian-frogmouth-catfish-chaca-chaca
predatory-fins,Capapretum Catfish (Brachyplatystoma capapretum),,,Brachyplatystoma capapretum,90,,USD,4 inches,4,in,false,2021-09-03T23:38:25-04:00,2026-08-28T05:03:39.423Z,https://www.predatoryfins.com/products/capapretum-catfish-brachyplatystoma-capapretum
predatory-fins,Capapretum Catfish (Brachyplatystoma capapretum),,,Brachyplatystoma capapretum,125,,USD,5 inches,5,in,false,2021-09-03T23:38:25-04:00,2026-08-28T05:03:39.423Z,https://www.predatoryfins.com/products/capapretum-catfish-brachyplatystoma-capapretum
predatory-fins,Capapretum Catfish (Brachyplatystoma capapretum),,,Brachyplatystoma capapretum,210,,USD,7 - 8 inches,7.5,in,false,2021-09-03T23:38:25-04:00,2026-08-28T05:03:39.423Z,https://www.predatoryfins.com/products/capapretum-catfish-brachyplatystoma-capapretum
predatory-fins,Dwarf Bumblebee Catfish (Microglanis iheringi),,,Microglanis iheringi,16,,USD,2 - 2.5 inches,2.25,in,false,2021-09-03T23:38:21-04:00,2026-08-28T05:03:39.423Z,https://www.predatoryfins.com/products/dwarf-bumblebee-catfish-microglanis-iheringi
predatory-fins,Dwarf Bumblebee Catfish (Microglanis iheringi),,,Microglanis iheringi,22,,USD,3.5 - 4 inches,3.75,in,false,2021-09-03T23:38:21-04:00,2026-08-28T05:03:39.423Z,https://www.predatoryfins.com/products/dwarf-bumblebee-catfish-microglanis-iheringi
predatory-fins,Brown Hoplo Catfish (Hoplosternum littorale),,,Hoplosternum littorale,50,,USD,"6"" - 7"" inches",6,in,false,2021-09-03T23:38:20-04:00,2026-08-28T05:03:39.423Z,https://www.predatoryfins.com/products/brown-hoplo-catfish-hoplosternum-littorale
predatory-fins,Brown Hoplo Catfish (Hoplosternum littorale),,,Hoplosternum littorale,35,,USD,"4"" - 5"" Inches",4,in,false,2021-09-03T23:38:20-04:00,2026-08-28T05:03:39.423Z,https://www.predatoryfins.com/products/brown-hoplo-catfish-hoplosternum-littorale
predatory-fins,Boofhead catfish (Neoarius leptaspis),,,Neoarius leptaspis,250,,USD,"7"" - 8"" inches",7,in,false,2021-09-03T23:38:18-04:00,2026-08-28T05:03:39.423Z,https://www.predatoryfins.com/products/boofhead-catfish-neoarius-leptaspis
predatory-fins,Boofhead catfish (Neoarius leptaspis),,,Neoarius leptaspis,250,,USD,"8"" - 9"" inches",8,in,false,2021-09-03T23:38:18-04:00,2026-08-28T05:03:39.423Z,https://www.predatoryfins.com/products/boofhead-catfish-neoarius-leptaspis
predatory-fins,Bolt Catfish (Aguarunichthys torosus),,,Aguarunichthys torosus,150,,USD,2 - 2.5 inches,2.25,in,false,2021-09-03T23:38:18-04:00,2026-08-28T05:03:39.423Z,https://www.predatoryfins.com/products/bolt-catfish-aguarunichthys-torosus
predatory-fins,Bolt Catfish (Aguarunichthys torosus),,,Aguarunichthys torosus,225,,USD,5.5 - 6 inches,5.75,in,false,2021-09-03T23:38:18-04:00,2026-08-28T05:03:39.423Z,https://www.predatoryfins.com/products/bolt-catfish-aguarunichthys-torosus
predatory-fins,Bolt Catfish (Aguarunichthys torosus),,,Aguarunichthys torosus,275,350,USD,6.5 - 7 inches,6.75,in,false,2021-09-03T23:38:18-04:00,2026-08-28T05:03:39.423Z,https://www.predatoryfins.com/products/bolt-catfish-aguarunichthys-torosus
predatory-fins,Bolt Catfish (Aguarunichthys torosus),,,Aguarunichthys torosus,175,,USD,4 inches,4,in,false,2021-09-03T23:38:18-04:00,2026-08-28T05:03:39.423Z,https://www.predatoryfins.com/products/bolt-catfish-aguarunichthys-torosus
predatory-fins,Marbled Hammerhead Catfish (Ageneiosus marmoratus),,,Ageneiosus marmoratus,28,,USD,3 inches,3,in,false,2021-09-03T23:38:16-04:00,2026-08-28T05:03:39.423Z,https://www.predatoryfins.com/products/hammerhead-catfish-ageneiosus-marmoratus
predatory-fins,Marbled Hammerhead Catfish (Ageneiosus marmoratus),,,Ageneiosus marmoratus,65,,USD,4.5 - 5 inches,4.75,in,false,2021-09-03T23:38:16-04:00,2026-08-28T05:03:39.423Z,https://www.predatoryfins.com/products/hammerhead-catfish-ageneiosus-marmoratus
predatory-fins,Marbled Hammerhead Catfish (Ageneiosus marmoratus),,,Ageneiosus marmoratus,85,,USD,7 - 8 inches,7.5,in,false,2021-09-03T23:38:16-04:00,2026-08-28T05:03:39.423Z,https://www.predatoryfins.com/products/hammerhead-catfish-ageneiosus-marmoratus
predatory-fins,Turushuki Blue Mouse Catfish (Hemidoras sp),,,,30,,USD,4” inches,,,false,2021-09-03T23:38:15-04:00,2026-08-28T05:03:39.423Z,https://www.predatoryfins.com/products/turushuki-blue-mouse-catfish-hemidoras-sp
predatory-fins,Blue Whale Catfish (Cetopsis coecutiens),,,Cetopsis coecutiens,40,,USD,"3"" - 4"" inches",3,in,false,2021-09-03T23:38:15-04:00,2026-08-28T05:03:39.423Z,https://www.predatoryfins.com/products/blue-whale-catfish-cetopsis-coecutiens
predatory-fins,Bloch’s Catfish (Pimelodus blochii),,,Pimelodus blochii,65,,USD,7” inches,,,false,2021-09-03T23:38:13-04:00,2026-08-28T05:03:39.423Z,https://www.predatoryfins.com/products/blochs-catfish-pimelodus-blochii
predatory-fins,Black Melanistic Florida Gar (Lepisosteus platyrhincus),,,Lepisosteus platyrhincus,250,,USD,"12""-13"" inches",12,in,false,2021-09-03T23:38:11-04:00,2026-08-28T05:03:39.423Z,https://www.predatoryfins.com/products/black-melanistic-florida-gar-lepisosteus-platyrhincus
predatory-fins,Black Ear Pangasius Catfish (Pangasius larnaudii),,,Pangasius larnaudii,18,,USD,1 inch,1,in,false,2021-09-03T23:38:10-04:00,2026-08-28T05:03:39.423Z,https://www.predatoryfins.com/products/black-ear-pangasius-catfish-pangasius-larnaudii
predatory-fins,Black Ear Pangasius Catfish (Pangasius larnaudii),,,Pangasius larnaudii,45,,USD,3.5 - 4 inches,3.75,in,false,2021-09-03T23:38:10-04:00,2026-08-28T05:03:39.423Z,https://www.predatoryfins.com/products/black-ear-pangasius-catfish-pangasius-larnaudii
predatory-fins,Black Ghost Knifefish (Apteronotus albifrons),,,Apteronotus albifrons,20,,USD,"4"" - 5"" Inches",4,in,false,2021-09-03T23:38:09-04:00,2026-08-28T05:03:39.423Z,https://www.predatoryfins.com/products/black-ghost-knifefish-apteronotus-albifrons
predatory-fins,Black Ghost Knifefish (Apteronotus albifrons),,,Apteronotus albifrons,30,,USD,"7"" - 8"" inches",7,in,false,2021-09-03T23:38:09-04:00,2026-08-28T05:03:39.423Z,https://www.predatoryfins.com/products/black-ghost-knifefish-apteronotus-albifrons
predatory-fins,Black Ghost Knifefish (Apteronotus albifrons),,,Apteronotus albifrons,200,,USD,13”-15” inches,,,false,2021-09-03T23:38:09-04:00,2026-08-28T05:03:39.423Z,https://www.predatoryfins.com/products/black-ghost-knifefish-apteronotus-albifrons
predatory-fins,Black Devil Catfish (Hemibagrus wyckii),,,Hemibagrus wyckii,360,,USD,12 Inches,12,in,false,2021-09-03T23:38:09-04:00,2026-08-28T05:03:39.423Z,https://www.predatoryfins.com/products/black-devil-catfish-hemibagrus-wyckii
predatory-fins,Black Bullhead Catfish (Ameiurus melas),,,Ameiurus melas,10,,USD,"2"" inches",2,in,false,2021-09-03T23:38:03-04:00,2026-08-28T05:03:39.423Z,https://www.predatoryfins.com/products/black-bullhead-catfish-ameiurus-melas
predatory-fins,L024 Redfin Cactus Pleco (Pseudacanthicus pitanga),,,Pseudacanthicus pitanga,85,,USD,4 inches,4,in,false,2021-09-03T23:35:42-04:00,2026-08-28T05:03:39.423Z,https://www.predatoryfins.com/products/l024-redfin-cactus-pleco-pseudacanthicus-pitanga
predatory-fins,L024 Redfin Cactus Pleco (Pseudacanthicus pitanga),,,Pseudacanthicus pitanga,950,,USD,11 - 12 inches (Super Red Select AAA Grade),11.5,in,false,2021-09-03T23:35:42-04:00,2026-08-28T05:03:39.423Z,https://www.predatoryfins.com/products/l024-redfin-cactus-pleco-pseudacanthicus-pitanga
predatory-fins,L024 Redfin Cactus Pleco (Pseudacanthicus pitanga),,,Pseudacanthicus pitanga,1250,,USD,15 - 16 inches (Super Red Select Grade),15.5,in,false,2021-09-03T23:35:42-04:00,2026-08-28T05:03:39.423Z,https://www.predatoryfins.com/products/l024-redfin-cactus-pleco-pseudacanthicus-pitanga
predatory-fins,L273 Titanic Pleco (Pseudacanthicus sp),,,,115,,USD,1 inch,1,in,false,2021-09-03T23:35:40-04:00,2026-08-28T05:03:39.423Z,https://www.predatoryfins.com/products/l273-titanic-pleco-pseudacanthicus-sp
predatory-fins,L273 Titanic Pleco (Pseudacanthicus sp),,,,115,,USD,1 inch,1,in,false,2021-09-03T23:35:40-04:00,2026-08-28T05:03:39.423Z,https://www.predatoryfins.com/products/l273-titanic-pleco-pseudacanthicus-sp
predatory-fins,L273 Titanic Pleco (Pseudacanthicus sp),,,,165,,USD,1.5 inches (Super Red),1.5,in,false,2021-09-03T23:35:40-04:00,2026-08-28T05:03:39.423Z,https://www.predatoryfins.com/products/l273-titanic-pleco-pseudacanthicus-sp
predatory-fins,L273 Titanic Pleco (Pseudacanthicus sp),,,,115,,USD,1.5 inches (Super Red),1.5,in,false,2021-09-03T23:35:40-04:00,2026-08-28T05:03:39.423Z,https://www.predatoryfins.com/products/l273-titanic-pleco-pseudacanthicus-sp
predatory-fins,L273 Titanic Pleco (Pseudacanthicus sp),,,,135,,USD,2.5 - 3 inches,2.75,in,false,2021-09-03T23:35:40-04:00,2026-08-28T05:03:39.423Z,https://www.predatoryfins.com/products/l273-titanic-pleco-pseudacanthicus-sp
predatory-fins,L273 Titanic Pleco (Pseudacanthicus sp),,,,115,,USD,2.5 - 3 inches,2.75,in,false,2021-09-03T23:35:40-04:00,2026-08-28T05:03:39.423Z,https://www.predatoryfins.com/products/l273-titanic-pleco-pseudacanthicus-sp
predatory-fins,L273 Titanic Pleco (Pseudacanthicus sp),,,,155,,USD,3.5 - 4 inches,3.75,in,false,2021-09-03T23:35:40-04:00,2026-08-28T05:03:39.423Z,https://www.predatoryfins.com/products/l273-titanic-pleco-pseudacanthicus-sp
predatory-fins,L273 Titanic Pleco (Pseudacanthicus sp),,,,115,,USD,3.5 - 4 inches,3.75,in,false,2021-09-03T23:35:40-04:00,2026-08-28T05:03:39.423Z,https://www.predatoryfins.com/products/l273-titanic-pleco-pseudacanthicus-sp
predatory-fins,L273 Titanic Pleco (Pseudacanthicus sp),,,,275,,USD,5.5 - 6 inches,5.75,in,false,2021-09-03T23:35:40-04:00,2026-08-28T05:03:39.423Z,https://www.predatoryfins.com/products/l273-titanic-pleco-pseudacanthicus-sp
predatory-fins,L273 Titanic Pleco (Pseudacanthicus sp),,,,185,,USD,5.5 - 6 inches,5.75,in,false,2021-09-03T23:35:40-04:00,2026-08-28T05:03:39.423Z,https://www.predatoryfins.com/products/l273-titanic-pleco-pseudacanthicus-sp
predatory-fins,L273 Titanic Pleco (Pseudacanthicus sp),,,,275,,USD,7 -8 inches,7.5,in,false,2021-09-03T23:35:40-04:00,2026-08-28T05:03:39.423Z,https://www.predatoryfins.com/products/l273-titanic-pleco-pseudacanthicus-sp
predatory-fins,L273 Titanic Pleco (Pseudacanthicus sp),,,,275,,USD,7 -8 inches,7.5,in,false,2021-09-03T23:35:40-04:00,2026-08-28T05:03:39.423Z,https://www.predatoryfins.com/products/l273-titanic-pleco-pseudacanthicus-sp
predatory-fins,L273 Titanic Pleco (Pseudacanthicus sp),,,,395,,USD,12 inches,12,in,false,2021-09-03T23:35:40-04:00,2026-08-28T05:03:39.423Z,https://www.predatoryfins.com/products/l273-titanic-pleco-pseudacanthicus-sp
predatory-fins,L273 Titanic Pleco (Pseudacanthicus sp),,,,395,,USD,12 inches,12,in,false,2021-09-03T23:35:40-04:00,2026-08-28T05:03:39.423Z,https://www.predatoryfins.com/products/l273-titanic-pleco-pseudacanthicus-sp
predatory-fins,L095 Orange Cheek Pinecone Pleco (Pseudorinelepis genibarbis),,,Pseudorinelepis genibarbis,300,,USD,12” inches,,,false,2021-09-03T23:35:40-04:00,2026-08-28T05:03:39.423Z,https://www.predatoryfins.com/products/l095-orange-cheek-pinecone-pleco-pseudorinelepis-genibarbis
predatory-fins,L090 Papa Lyretail Pleco (Panaque bathyphilus),,,Panaque bathyphilus,45,,USD,3 inches,3,in,false,2021-09-03T23:35:38-04:00,2026-08-28T05:03:39.423Z,https://www.predatoryfins.com/products/l090-papa-lyretail-pleco-panaque-bathyphilus
predatory-fins,L090 Papa Lyretail Pleco (Panaque bathyphilus),,,Panaque bathyphilus,65,,USD,4 - 4.5 inches,4.25,in,false,2021-09-03T23:35:38-04:00,2026-08-28T05:03:39.423Z,https://www.predatoryfins.com/products/l090-papa-lyretail-pleco-panaque-bathyphilus
predatory-fins,L090 Papa Lyretail Pleco (Panaque bathyphilus),,,Panaque bathyphilus,75,,USD,5 - 5.5 inches,5.25,in,false,2021-09-03T23:35:38-04:00,2026-08-28T05:03:39.423Z,https://www.predatoryfins.com/products/l090-papa-lyretail-pleco-panaque-bathyphilus
predatory-fins,L340 Mega Clown Pleco (Hypancistrus sp),,,,28,,USD,1.5 - 1.75 inches,1.63,in,true,2021-09-03T23:35:38-04:00,2026-08-28T05:03:39.423Z,https://www.predatoryfins.com/products/l340-mega-clown-pleco-hypancistrus-sp
predatory-fins,L340 Mega Clown Pleco (Hypancistrus sp),,,,38,,USD,2 - 2.5 inches,2.25,in,true,2021-09-03T23:35:38-04:00,2026-08-28T05:03:39.423Z,https://www.predatoryfins.com/products/l340-mega-clown-pleco-hypancistrus-sp
predatory-fins,L340 Mega Clown Pleco (Hypancistrus sp),,,,45,,USD,3 - 3.5 inches,3.25,in,false,2021-09-03T23:35:38-04:00,2026-08-28T05:03:39.423Z,https://www.predatoryfins.com/products/l340-mega-clown-pleco-hypancistrus-sp
predatory-fins,L034 Medusa Pleco (Ancistrus ranunculus),,,Ancistrus ranunculus,28,,USD,2 inches,2,in,false,2021-09-03T23:35:37-04:00,2026-08-28T05:03:39.423Z,https://www.predatoryfins.com/products/l034-medusa-pleco-ancistrus-ranunculus
predatory-fins,L034 Medusa Pleco (Ancistrus ranunculus),,,Ancistrus ranunculus,35,,USD,3 - 3.5 inches,3.25,in,false,2021-09-03T23:35:37-04:00,2026-08-28T05:03:39.423Z,https://www.predatoryfins.com/products/l034-medusa-pleco-ancistrus-ranunculus
predatory-fins,L034 Medusa Pleco (Ancistrus ranunculus),,,Ancistrus ranunculus,40,,USD,4 inches,4,in,false,2021-09-03T23:35:37-04:00,2026-08-28T05:03:39.423Z,https://www.predatoryfins.com/products/l034-medusa-pleco-ancistrus-ranunculus
predatory-fins,L047 Mango / Magnum Pleco (Baryancistrus chrysolomus),,,Baryancistrus chrysolomus,50,,USD,2 - 2.5 inches,2.25,in,false,2021-09-03T23:35:37-04:00,2026-08-28T05:03:39.423Z,https://www.predatoryfins.com/products/l047-mango-magnum-pleco-baryancistrus-chrysolomus
predatory-fins,L047 Mango / Magnum Pleco (Baryancistrus chrysolomus),,,Baryancistrus chrysolomus,58,,USD,3.5 inches,3.5,in,false,2021-09-03T23:35:37-04:00,2026-08-28T05:03:39.423Z,https://www.predatoryfins.com/products/l047-mango-magnum-pleco-baryancistrus-chrysolomus
predatory-fins,L047 Mango / Magnum Pleco (Baryancistrus chrysolomus),,,Baryancistrus chrysolomus,68,,USD,4 - 4.5 inches,4.25,in,false,2021-09-03T23:35:37-04:00,2026-08-28T05:03:39.423Z,https://www.predatoryfins.com/products/l047-mango-magnum-pleco-baryancistrus-chrysolomus
predatory-fins,L047 Mango / Magnum Pleco (Baryancistrus chrysolomus),,,Baryancistrus chrysolomus,78,,USD,5 - 5.5 inches,5.25,in,false,2021-09-03T23:35:37-04:00,2026-08-28T05:03:39.423Z,https://www.predatoryfins.com/products/l047-mango-magnum-pleco-baryancistrus-chrysolomus
predatory-fins,L047 Mango / Magnum Pleco (Baryancistrus chrysolomus),,,Baryancistrus chrysolomus,115,,USD,6.5 - 7 inches,6.75,in,false,2021-09-03T23:35:37-04:00,2026-08-28T05:03:39.423Z,https://www.predatoryfins.com/products/l047-mango-magnum-pleco-baryancistrus-chrysolomus
predatory-fins,Golden Sailfin Luteus Pleco (Hypostomus luteus),,,Hypostomus luteus,175,,USD,1.5 - 1.75 inches (Captive Bred),1.63,in,false,2021-09-03T23:35:34-04:00,2026-08-28T05:03:39.423Z,https://www.predatoryfins.com/products/golden-sailfin-luteus-pleco-hypostomus-luteus
predatory-fins,Golden Sailfin Luteus Pleco (Hypostomus luteus),,,Hypostomus luteus,295,,USD,3 inches (Select Grade - Captive Bred),3,in,false,2021-09-03T23:35:34-04:00,2026-08-28T05:03:39.423Z,https://www.predatoryfins.com/products/golden-sailfin-luteus-pleco-hypostomus-luteus
predatory-fins,Golden Sailfin Luteus Pleco (Hypostomus luteus),,,Hypostomus luteus,1250,,USD,9 - 10 inch phase 3 (Select Grade),9.5,in,true,2021-09-03T23:35:34-04:00,2026-08-28T05:03:39.423Z,https://www.predatoryfins.com/products/golden-sailfin-luteus-pleco-hypostomus-luteus
predatory-fins,Golden Sailfin Luteus Pleco (Hypostomus luteus),,,Hypostomus luteus,1650,,USD,12 - 13 inch phase 3 (Select Grade),12.5,in,true,2021-09-03T23:35:34-04:00,2026-08-28T05:03:39.423Z,https://www.predatoryfins.com/products/golden-sailfin-luteus-pleco-hypostomus-luteus
predatory-fins,L134 Leopard Frog Pleco (Peckoltia compta),,,Peckoltia compta,40,,USD,1.5 inches,1.5,in,false,2021-09-03T23:35:33-04:00,2026-08-28T05:03:39.423Z,https://www.predatoryfins.com/products/l134-leopard-frog-pleco-peckoltia-compta
predatory-fins,L134 Leopard Frog Pleco (Peckoltia compta),,,Peckoltia compta,48,,USD,2 - 2.5 inches (Select Grade - Captive Bred),2.25,in,true,2021-09-03T23:35:33-04:00,2026-08-28T05:03:39.423Z,https://www.predatoryfins.com/products/l134-leopard-frog-pleco-peckoltia-compta
predatory-fins,L134 Leopard Frog Pleco (Peckoltia compta),,,Peckoltia compta,65,,USD,3 - 3.5 inches (Select Grade - Captive Bred),3.25,in,false,2021-09-03T23:35:33-04:00,2026-08-28T05:03:39.423Z,https://www.predatoryfins.com/products/l134-leopard-frog-pleco-peckoltia-compta
predatory-fins,LDA031 Mustard Spot Pleco (Panaqolus albomaculatus),,,Panaqolus albomaculatus,40,,USD,4” inches,,,false,2021-09-03T23:35:32-04:00,2026-08-28T05:03:39.423Z,https://www.predatoryfins.com/products/lda031-mustard-spot-pleco-panaqolus-albomaculatus
predatory-fins,LDA031 Mustard Spot Pleco (Panaqolus albomaculatus),,,Panaqolus albomaculatus,40,,USD,"3"" inches",3,in,false,2021-09-03T23:35:32-04:00,2026-08-28T05:03:39.423Z,https://www.predatoryfins.com/products/lda031-mustard-spot-pleco-panaqolus-albomaculatus
predatory-fins,L471 Mini Big Spot Snowball Pleco (Hypancistrus contradens sp),,,Hypancistrus contradens,28,,USD,1 - 1.25 inches,1.13,in,false,2021-09-03T23:35:31-04:00,2026-08-28T05:03:39.423Z,https://www.predatoryfins.com/products/l471-mini-big-spot-snowball-pleco-hypancistrus-contradens-sp
predatory-fins,L471 Mini Big Spot Snowball Pleco (Hypancistrus contradens sp),,,Hypancistrus contradens,35,,USD,2 inches,2,in,false,2021-09-03T23:35:31-04:00,2026-08-28T05:03:39.423Z,https://www.predatoryfins.com/products/l471-mini-big-spot-snowball-pleco-hypancistrus-contradens-sp
predatory-fins,L471 Mini Big Spot Snowball Pleco (Hypancistrus contradens sp),,,Hypancistrus contradens,40,,USD,2.5 - 2.75 inches,2.63,in,false,2021-09-03T23:35:31-04:00,2026-08-28T05:03:39.423Z,https://www.predatoryfins.com/products/l471-mini-big-spot-snowball-pleco-hypancistrus-contradens-sp
predatory-fins,L471 Mini Big Spot Snowball Pleco (Hypancistrus contradens sp),,,Hypancistrus contradens,55,,USD,4 inches,4,in,false,2021-09-03T23:35:31-04:00,2026-08-28T05:03:39.423Z,https://www.predatoryfins.com/products/l471-mini-big-spot-snowball-pleco-hypancistrus-contradens-sp
predatory-fins,L235 Flyer Cat Pleco (Pseudolithoxus anthrax),,,Pseudolithoxus anthrax,35,,USD,3 - 3.5 inches,3.25,in,false,2021-09-03T23:35:30-04:00,2026-08-28T05:03:39.423Z,https://www.predatoryfins.com/products/l235-flyer-cat-pleco-pseudolithoxus-anthrax
predatory-fins,L235 Flyer Cat Pleco (Pseudolithoxus anthrax),,,Pseudolithoxus anthrax,45,,USD,4 - 4.5 inches,4.25,in,false,2021-09-03T23:35:30-04:00,2026-08-28T05:03:39.423Z,https://www.predatoryfins.com/products/l235-flyer-cat-pleco-pseudolithoxus-anthrax
predatory-fins,L235 Flyer Cat Pleco (Pseudolithoxus anthrax),,,Pseudolithoxus anthrax,55,,USD,5 - 5.5 inches,5.25,in,false,2021-09-03T23:35:30-04:00,2026-08-28T05:03:39.423Z,https://www.predatoryfins.com/products/l235-flyer-cat-pleco-pseudolithoxus-anthrax
predatory-fins,L201 Snowball Pleco (Hypancistrus inspector),,,Hypancistrus inspector,30,,USD,2 - 2.5 inches,2.25,in,false,2021-09-03T23:35:29-04:00,2026-08-28T05:03:39.423Z,https://www.predatoryfins.com/products/l201-snowball-pleco-hypancistrus-inspector
predatory-fins,L201 Snowball Pleco (Hypancistrus inspector),,,Hypancistrus inspector,35,,USD,3 inches,3,in,false,2021-09-03T23:35:29-04:00,2026-08-28T05:03:39.423Z,https://www.predatoryfins.com/products/l201-snowball-pleco-hypancistrus-inspector
predatory-fins,L201 Snowball Pleco (Hypancistrus inspector),,,Hypancistrus inspector,45,,USD,4 inches,4,in,false,2021-09-03T23:35:29-04:00,2026-08-28T05:03:39.423Z,https://www.predatoryfins.com/products/l201-snowball-pleco-hypancistrus-inspector
predatory-fins,L168 Butterfly Pleco (Dekeyseria brachyura),,,Dekeyseria brachyura,25,,USD,2 - 2.5 inches,2.25,in,false,2021-09-03T23:35:28-04:00,2026-08-28T05:03:39.423Z,https://www.predatoryfins.com/products/l168-butterfly-pleco-dekeyseria-brachyura
predatory-fins,L168 Butterfly Pleco (Dekeyseria brachyura),,,Dekeyseria brachyura,30,,USD,3 - 3.5 inches,3.25,in,false,2021-09-03T23:35:28-04:00,2026-08-28T05:03:39.423Z,https://www.predatoryfins.com/products/l168-butterfly-pleco-dekeyseria-brachyura
predatory-fins,L168 Butterfly Pleco (Dekeyseria brachyura),,,Dekeyseria brachyura,35,,USD,4 - 4.5 inches,4.25,in,false,2021-09-03T23:35:28-04:00,2026-08-28T05:03:39.423Z,https://www.predatoryfins.com/products/l168-butterfly-pleco-dekeyseria-brachyura
predatory-fins,L136 Angelicus Pleco (Hypancistrus sp),,,,30,,USD,"3"" inches",3,in,false,2021-09-03T23:35:27-04:00,2026-08-28T05:03:39.423Z,https://www.predatoryfins.com/products/l136-angelicus-pleco-hypancistrus-sp
predatory-fins,L106 Orange Seam Pleco (Hemiancistrus guahiborum),,,Hemiancistrus guahiborum,15,,USD,"1.5""-2"" inches",1.5,in,false,2021-09-03T23:35:25-04:00,2026-08-28T05:03:39.423Z,https://www.predatoryfins.com/products/l106-orange-seam-pleco-hemiancistrus-guahiborum
predatory-fins,L114 Redtail Leopard Pleco (Pseudacanthicus leopardus),,,Pseudacanthicus leopardus,55,,USD,2.5 inches,2.5,in,false,2021-09-03T23:35:25-04:00,2026-08-28T05:03:39.423Z,https://www.predatoryfins.com/products/l114-redtail-leopard-pleco-pseudacanthicus-leopardus
predatory-fins,L114 Redtail Leopard Pleco (Pseudacanthicus leopardus),,,Pseudacanthicus leopardus,100,,USD,5 inches,5,in,false,2021-09-03T23:35:25-04:00,2026-08-28T05:03:39.423Z,https://www.predatoryfins.com/products/l114-redtail-leopard-pleco-pseudacanthicus-leopardus
predatory-fins,L172 Golden Vampire Pleco (Leporacanthicus heterodon),,,Leporacanthicus heterodon,55,,USD,3 inches,3,in,false,2021-09-03T23:35:23-04:00,2026-08-28T05:03:39.423Z,https://www.predatoryfins.com/products/l172-golden-vampire-pleco-leporacanthicus-heterodon
predatory-fins,L172 Golden Vampire Pleco (Leporacanthicus heterodon),,,Leporacanthicus heterodon,65,,USD,3.5 - 4 inches,3.75,in,false,2021-09-03T23:35:23-04:00,2026-08-28T05:03:39.423Z,https://www.predatoryfins.com/products/l172-golden-vampire-pleco-leporacanthicus-heterodon
predatory-fins,L172 Golden Vampire Pleco (Leporacanthicus heterodon),,,Leporacanthicus heterodon,85,,USD,5 inches,5,in,false,2021-09-03T23:35:23-04:00,2026-08-28T05:03:39.423Z,https://www.predatoryfins.com/products/l172-golden-vampire-pleco-leporacanthicus-heterodon
predatory-fins,L172 Golden Vampire Pleco (Leporacanthicus heterodon),,,Leporacanthicus heterodon,115,,USD,6 - 6.5 inches,6.25,in,false,2021-09-03T23:35:23-04:00,2026-08-28T05:03:39.423Z,https://www.predatoryfins.com/products/l172-golden-vampire-pleco-leporacanthicus-heterodon
predatory-fins,L048 Golden Cloud Pleco (Scobinancistrus pariolispos),,,Scobinancistrus pariolispos,65,,USD,4 - 4.5 inches,4.25,in,false,2021-09-03T23:35:21-04:00,2026-08-28T05:03:39.423Z,https://www.predatoryfins.com/products/l048-golden-cloud-pleco-scobinancistrus-pariolispos
predatory-fins,L018 Gold Nugget Pleco (Baryancistrus xanthellus),,,Baryancistrus xanthellus,35,,USD,2.25 - 2.5 inches,2.38,in,false,2021-09-03T23:35:20-04:00,2026-08-28T05:03:39.423Z,https://www.predatoryfins.com/products/l018-l081-gold-nugget-pleco-baryancistrus-xanthellus
predatory-fins,L018 Gold Nugget Pleco (Baryancistrus xanthellus),,,Baryancistrus xanthellus,45,,USD,3 - 3.5 inches,3.25,in,false,2021-09-03T23:35:20-04:00,2026-08-28T05:03:39.423Z,https://www.predatoryfins.com/products/l018-l081-gold-nugget-pleco-baryancistrus-xanthellus
predatory-fins,L018 Gold Nugget Pleco (Baryancistrus xanthellus),,,Baryancistrus xanthellus,55,,USD,4 - 4.5 inches,4.25,in,false,2021-09-03T23:35:20-04:00,2026-08-28T05:03:39.423Z,https://www.predatoryfins.com/products/l018-l081-gold-nugget-pleco-baryancistrus-xanthellus
predatory-fins,L018 Gold Nugget Pleco (Baryancistrus xanthellus),,,Baryancistrus xanthellus,85,,USD,5 - 5.5 inches,5.25,in,false,2021-09-03T23:35:20-04:00,2026-08-28T05:03:39.423Z,https://www.predatoryfins.com/products/l018-l081-gold-nugget-pleco-baryancistrus-xanthellus
predatory-fins,L141 Ghost Pleco (Ancistomus snethlageae),,,Ancistomus snethlageae,85,,USD,"3"" - 4"" inches",3,in,false,2021-09-03T23:35:19-04:00,2026-08-28T05:03:39.423Z,https://www.predatoryfins.com/products/l141-ghost-pleco-ancistomus-snethlageae
predatory-fins,L204 Flash Pleco (﻿Panaqolus albivermis﻿),,,Panaqolus albivermis,35,,USD,2.5 inches,2.5,in,false,2021-09-03T23:35:19-04:00,2026-08-28T05:03:39.423Z,https://www.predatoryfins.com/products/l204-flash-pleco-panaqolus-albivermis
predatory-fins,L204 Flash Pleco (﻿Panaqolus albivermis﻿),,,Panaqolus albivermis,45,,USD,3 - 3.5 inches,3.25,in,false,2021-09-03T23:35:19-04:00,2026-08-28T05:03:39.423Z,https://www.predatoryfins.com/products/l204-flash-pleco-panaqolus-albivermis
predatory-fins,L204 Flash Pleco (﻿Panaqolus albivermis﻿),,,Panaqolus albivermis,55,,USD,4 -  4.5 inches,4.25,in,false,2021-09-03T23:35:19-04:00,2026-08-28T05:03:39.423Z,https://www.predatoryfins.com/products/l204-flash-pleco-panaqolus-albivermis
predatory-fins,L015 Candy Stripe Pleco (Peckoltia vittata),,,Peckoltia vittata,35,,USD,3 inches,3,in,false,2021-09-03T23:35:18-04:00,2026-08-28T05:03:39.423Z,https://www.predatoryfins.com/products/l015-candy-stripe-pleco-peckoltia-vittata
predatory-fins,L052 Atabapo Butterfly Pleco (Dekeyseria picta),,,Dekeyseria picta,35,,USD,2 - 2.5 inches,2.25,in,false,2021-09-03T23:35:17-04:00,2026-08-28T05:03:39.423Z,https://www.predatoryfins.com/products/l052-atabapo-butterfly-pleco-dekeyseria-picta
predatory-fins,L052 Atabapo Butterfly Pleco (Dekeyseria picta),,,Dekeyseria picta,45,,USD,3 - 3.5 inches,3.25,in,false,2021-09-03T23:35:17-04:00,2026-08-28T05:03:39.423Z,https://www.predatoryfins.com/products/l052-atabapo-butterfly-pleco-dekeyseria-picta
predatory-fins,L052 Atabapo Butterfly Pleco (Dekeyseria picta),,,Dekeyseria picta,55,,USD,4 - 4.5 inches,4.25,in,false,2021-09-03T23:35:17-04:00,2026-08-28T05:03:39.423Z,https://www.predatoryfins.com/products/l052-atabapo-butterfly-pleco-dekeyseria-picta
predatory-fins,Serratus Black Dragon Pleco (Pseudacanthicus serratus),,,Pseudacanthicus serratus,250,,USD,9 inches,9,in,false,2021-09-03T23:35:16-04:00,2026-08-28T05:03:39.423Z,https://www.predatoryfins.com/products/serratus-black-dragon-pleco-pseudacanthicus-serratus
predatory-fins,Serratus Black Dragon Pleco (Pseudacanthicus serratus),,,Pseudacanthicus serratus,350,,USD,9 - 10 inches,9.5,in,false,2021-09-03T23:35:16-04:00,2026-08-28T05:03:39.423Z,https://www.predatoryfins.com/products/serratus-black-dragon-pleco-pseudacanthicus-serratus
predatory-fins,Serratus Black Dragon Pleco (Pseudacanthicus serratus),,,Pseudacanthicus serratus,800,,USD,12 -13 inches,12.5,in,false,2021-09-03T23:35:16-04:00,2026-08-28T05:03:39.423Z,https://www.predatoryfins.com/products/serratus-black-dragon-pleco-pseudacanthicus-serratus
predatory-fins,L056 Yellow and Black Rubber Pleco (Parancistrus aurantiacus),,,Parancistrus aurantiacus,225,,USD,"8"" - 9"" inches",8,in,false,2021-09-03T23:35:15-04:00,2026-08-28T05:03:39.423Z,https://www.predatoryfins.com/products/l056-yellow-and-black-rubber-pleco-parancistrus-aurantiacus
predatory-fins,L056 Yellow and Black Rubber Pleco (Parancistrus aurantiacus),,,Parancistrus aurantiacus,110,,USD,"6"" - 7"" inches",6,in,false,2021-09-03T23:35:15-04:00,2026-08-28T05:03:39.423Z,https://www.predatoryfins.com/products/l056-yellow-and-black-rubber-pleco-parancistrus-aurantiacus
predatory-fins,Medians Pleco (Hemiancistrus medians),,,Hemiancistrus medians,225,,USD,5 - 6 inches,5.5,in,false,2021-09-03T23:35:14-04:00,2026-08-28T05:03:39.423Z,https://www.predatoryfins.com/products/medians-pleco-hemiancistrus-medians
predatory-fins,Medians Pleco (Hemiancistrus medians),,,Hemiancistrus medians,295,,USD,7 - 9 inches,8,in,false,2021-09-03T23:35:14-04:00,2026-08-28T05:03:39.423Z,https://www.predatoryfins.com/products/medians-pleco-hemiancistrus-medians
predatory-fins,South American Lungfish (Lepidosiren paradoxa),,,Lepidosiren paradoxa,150,,USD,"20"" - 24"" inches",20,in,false,2021-09-03T23:33:48-04:00,2026-08-28T05:03:39.423Z,https://www.predatoryfins.com/products/south-american-lungfish-lepidosiren-paradoxa
predatory-fins,Test shop now,,,,0,,USD,Default Title,,,false,2021-09-03T03:49:53-04:00,2026-08-28T05:03:39.423Z,https://www.predatoryfins.com/products/test-shop-now
predatory-fins,Brokopondo Peacock Bass (Cichla brokopondo),,,Cichla brokopondo,65,,USD,2 inches,2,in,false,2021-09-03T03:23:23-04:00,2026-08-28T05:03:39.423Z,https://www.predatoryfins.com/products/brokopondo-peacock-bass-cichla-brokopondo
predatory-fins,Brokopondo Peacock Bass (Cichla brokopondo),,,Cichla brokopondo,75,,USD,3 inches,3,in,false,2021-09-03T03:23:23-04:00,2026-08-28T05:03:39.423Z,https://www.predatoryfins.com/products/brokopondo-peacock-bass-cichla-brokopondo
predatory-fins,Brokopondo Peacock Bass (Cichla brokopondo),,,Cichla brokopondo,98,,USD,4 - 4.5 inches,4.25,in,false,2021-09-03T03:23:23-04:00,2026-08-28T05:03:39.423Z,https://www.predatoryfins.com/products/brokopondo-peacock-bass-cichla-brokopondo
predatory-fins,Brokopondo Peacock Bass (Cichla brokopondo),,,Cichla brokopondo,125,,USD,5 inches,5,in,false,2021-09-03T03:23:23-04:00,2026-08-28T05:03:39.423Z,https://www.predatoryfins.com/products/brokopondo-peacock-bass-cichla-brokopondo
predatory-fins,Butterfly Peacock Bass (Cichla ocellaris),,,Cichla ocellaris,28,,USD,1.5 - 1.75 inches,1.63,in,false,2021-09-03T03:23:22-04:00,2026-08-28T05:03:39.423Z,https://www.predatoryfins.com/products/butterfly-peacock-bass-cichla-ocellaris
predatory-fins,Butterfly Peacock Bass (Cichla ocellaris),,,Cichla ocellaris,475,,USD,10 - 12 inches,11,in,false,2021-09-03T03:23:22-04:00,2026-08-28T05:03:39.423Z,https://www.predatoryfins.com/products/butterfly-peacock-bass-cichla-ocellaris
predatory-fins,Butterfly Peacock Bass (Cichla ocellaris),,,Cichla ocellaris,750,,USD,14 - 15 inches,14.5,in,false,2021-09-03T03:23:22-04:00,2026-08-28T05:03:39.423Z,https://www.predatoryfins.com/products/butterfly-peacock-bass-cichla-ocellaris
predatory-fins,Intermedia Peacock Bass (Cichla intermedia),,,Cichla intermedia,32,,USD,1 inch,1,in,false,2021-09-03T03:23:20-04:00,2026-08-28T05:03:39.423Z,https://www.predatoryfins.com/products/intermedia-peacock-bass-cichla-intermedia
predatory-fins,Intermedia Peacock Bass (Cichla intermedia),,,Cichla intermedia,48,,USD,2 - 2.5 inches,2.25,in,false,2021-09-03T03:23:20-04:00,2026-08-28T05:03:39.423Z,https://www.predatoryfins.com/products/intermedia-peacock-bass-cichla-intermedia
predatory-fins,Intermedia Peacock Bass (Cichla intermedia),,,Cichla intermedia,55,,USD,3 inches,3,in,false,2021-09-03T03:23:20-04:00,2026-08-28T05:03:39.423Z,https://www.predatoryfins.com/products/intermedia-peacock-bass-cichla-intermedia
predatory-fins,Intermedia Peacock Bass (Cichla intermedia),,,Cichla intermedia,75,,USD,3.5 - 4 inches,3.75,in,false,2021-09-03T03:23:20-04:00,2026-08-28T05:03:39.423Z,https://www.predatoryfins.com/products/intermedia-peacock-bass-cichla-intermedia
predatory-fins,Intermedia Peacock Bass (Cichla intermedia),,,Cichla intermedia,95,,USD,4.5 - 5 inches,4.75,in,false,2021-09-03T03:23:20-04:00,2026-08-28T05:03:39.423Z,https://www.predatoryfins.com/products/intermedia-peacock-bass-cichla-intermedia
predatory-fins,Intermedia Peacock Bass (Cichla intermedia),,,Cichla intermedia,135,,USD,6 - 7 inches,6.5,in,false,2021-09-03T03:23:20-04:00,2026-08-28T05:03:39.423Z,https://www.predatoryfins.com/products/intermedia-peacock-bass-cichla-intermedia
predatory-fins,Kelberi Peacock Bass (Cichla kelberi),,,Cichla kelberi,18,,USD,1 inch,1,in,false,2021-09-03T03:23:15-04:00,2026-08-28T05:03:39.423Z,https://www.predatoryfins.com/products/kelberi-peacock-bass-cichla-kelberi
predatory-fins,Kelberi Peacock Bass (Cichla kelberi),,,Cichla kelberi,38,,USD,2 inches,2,in,false,2021-09-03T03:23:15-04:00,2026-08-28T05:03:39.423Z,https://www.predatoryfins.com/products/kelberi-peacock-bass-cichla-kelberi
predatory-fins,Kelberi Peacock Bass (Cichla kelberi),,,Cichla kelberi,45,,USD,2.5 - 3 inches,2.75,in,false,2021-09-03T03:23:15-04:00,2026-08-28T05:03:39.423Z,https://www.predatoryfins.com/products/kelberi-peacock-bass-cichla-kelberi
predatory-fins,Kelberi Peacock Bass (Cichla kelberi),,,Cichla kelberi,68,,USD,4 - 4.5 inches,4.25,in,false,2021-09-03T03:23:15-04:00,2026-08-28T05:03:39.423Z,https://www.predatoryfins.com/products/kelberi-peacock-bass-cichla-kelberi
predatory-fins,Kelberi Peacock Bass (Cichla kelberi),,,Cichla kelberi,95,,USD,5.5 - 6 inches (wild),5.75,in,false,2021-09-03T03:23:15-04:00,2026-08-28T05:03:39.423Z,https://www.predatoryfins.com/products/kelberi-peacock-bass-cichla-kelberi
predatory-fins,Mono Peacock Bass (Cichla monoculus),,,Cichla monoculus,32,,USD,1.5 inches,1.5,in,false,2021-09-03T03:23:12-04:00,2026-08-28T05:03:39.423Z,https://www.predatoryfins.com/products/mono-peacock-bass-cichla-monoculus
predatory-fins,Mono Peacock Bass (Cichla monoculus),,,Cichla monoculus,40,,USD,2 inches,2,in,false,2021-09-03T03:23:12-04:00,2026-08-28T05:03:39.423Z,https://www.predatoryfins.com/products/mono-peacock-bass-cichla-monoculus
predatory-fins,Mono Peacock Bass (Cichla monoculus),,,Cichla monoculus,48,,USD,2.5 - 3 inches,2.75,in,false,2021-09-03T03:23:12-04:00,2026-08-28T05:03:39.423Z,https://www.predatoryfins.com/products/mono-peacock-bass-cichla-monoculus
predatory-fins,Mono Peacock Bass (Cichla monoculus),,,Cichla monoculus,75,,USD,4 - 4.5 inches,4.25,in,false,2021-09-03T03:23:12-04:00,2026-08-28T05:03:39.423Z,https://www.predatoryfins.com/products/mono-peacock-bass-cichla-monoculus
predatory-fins,Mono Peacock Bass (Cichla monoculus),,,Cichla monoculus,115,,USD,6 Inches,6,in,false,2021-09-03T03:23:12-04:00,2026-08-28T05:03:39.423Z,https://www.predatoryfins.com/products/mono-peacock-bass-cichla-monoculus
predatory-fins,Orinoco Peacock Bass (Cichla orinocensis),,,Cichla orinocensis,28,,USD,1.5 inch,1.5,in,false,2021-09-03T03:23:10-04:00,2026-08-28T05:03:39.423Z,https://www.predatoryfins.com/products/orinoco-peacock-bass-cichla-orinocensis
predatory-fins,Orinoco Peacock Bass (Cichla orinocensis),,,Cichla orinocensis,38,,USD,2 inches,2,in,false,2021-09-03T03:23:10-04:00,2026-08-28T05:03:39.423Z,https://www.predatoryfins.com/products/orinoco-peacock-bass-cichla-orinocensis
predatory-fins,Orinoco Peacock Bass (Cichla orinocensis),,,Cichla orinocensis,48,,USD,2.5 - 3 inches,2.75,in,false,2021-09-03T03:23:10-04:00,2026-08-28T05:03:39.423Z,https://www.predatoryfins.com/products/orinoco-peacock-bass-cichla-orinocensis
predatory-fins,Orinoco Peacock Bass (Cichla orinocensis),,,Cichla orinocensis,85,,USD,4 - 4.5 Inches,4.25,in,false,2021-09-03T03:23:10-04:00,2026-08-28T05:03:39.423Z,https://www.predatoryfins.com/products/orinoco-peacock-bass-cichla-orinocensis
predatory-fins,Orinoco Peacock Bass (Cichla orinocensis),,,Cichla orinocensis,120,,USD,5.5 - 6 inches,5.75,in,false,2021-09-03T03:23:10-04:00,2026-08-28T05:03:39.423Z,https://www.predatoryfins.com/products/orinoco-peacock-bass-cichla-orinocensis
predatory-fins,Pinima Peacock Bass (Cichla pinima),,,Cichla pinima,40,,USD,2 inches,2,in,false,2021-09-03T03:23:08-04:00,2026-08-28T05:03:39.423Z,https://www.predatoryfins.com/products/pinima-peacock-bass-cichla-pinima
predatory-fins,Pinima Peacock Bass (Cichla pinima),,,Cichla pinima,55,,USD,2.5 - 3 inches,2.75,in,false,2021-09-03T03:23:08-04:00,2026-08-28T05:03:39.423Z,https://www.predatoryfins.com/products/pinima-peacock-bass-cichla-pinima
predatory-fins,Pinima Peacock Bass (Cichla pinima),,,Cichla pinima,75,,USD,4 - 4.5 inches,4.25,in,false,2021-09-03T03:23:08-04:00,2026-08-28T05:03:39.423Z,https://www.predatoryfins.com/products/pinima-peacock-bass-cichla-pinima
predatory-fins,Pinima Peacock Bass (Cichla pinima),,,Cichla pinima,99,,USD,5 inches,5,in,false,2021-09-03T03:23:08-04:00,2026-08-28T05:03:39.423Z,https://www.predatoryfins.com/products/pinima-peacock-bass-cichla-pinima
predatory-fins,Chili Red Oscar Cichlid (Astronotus ocellatus),,,Astronotus ocellatus,55,,USD,2.5 - 3 inches,2.75,in,false,2021-09-03T03:23:08-04:00,2026-08-28T05:03:39.423Z,https://www.predatoryfins.com/products/chili-red-oscar-cichlid-astronotus-ocellatus
predatory-fins,Chili Red Oscar Cichlid (Astronotus ocellatus),,,Astronotus ocellatus,125,,USD,5 - 5.5 inches,5.25,in,false,2021-09-03T03:23:08-04:00,2026-08-28T05:03:39.423Z,https://www.predatoryfins.com/products/chili-red-oscar-cichlid-astronotus-ocellatus
predatory-fins,Chili Red Oscar Cichlid (Astronotus ocellatus),,,Astronotus ocellatus,165,,USD,6 - 6.5 inches,6.25,in,false,2021-09-03T03:23:08-04:00,2026-08-28T05:03:39.423Z,https://www.predatoryfins.com/products/chili-red-oscar-cichlid-astronotus-ocellatus
predatory-fins,Short Body Kelberi Peacock Bass (Cichla kelberi),,,Cichla kelberi,325,,USD,6 inches (Select Grade Super Short),6,in,false,2021-09-03T03:23:05-04:00,2026-08-28T05:03:39.423Z,https://www.predatoryfins.com/products/short-body-kelberi-peacock-bass-cichla-kelberi
predatory-fins,Short Body Kelberi Peacock Bass (Cichla kelberi),,,Cichla kelberi,1200,,USD,15 inches,15,in,false,2021-09-03T03:23:05-04:00,2026-08-28T05:03:39.423Z,https://www.predatoryfins.com/products/short-body-kelberi-peacock-bass-cichla-kelberi
predatory-fins,Temensis Peacock Bass (Cichla temensis),,,Cichla temensis,22,,USD,1 - 1.25 inches (Wild),1.13,in,false,2021-09-03T03:22:59-04:00,2026-08-28T05:03:39.423Z,https://www.predatoryfins.com/products/temensis-peacock-bass-cichla-temensis
predatory-fins,Temensis Peacock Bass (Cichla temensis),,,Cichla temensis,28,,USD,1.5 inches (Wild),1.5,in,false,2021-09-03T03:22:59-04:00,2026-08-28T05:03:39.423Z,https://www.predatoryfins.com/products/temensis-peacock-bass-cichla-temensis
predatory-fins,Temensis Peacock Bass (Cichla temensis),,,Cichla temensis,65,,USD,3 inches (Wild),3,in,false,2021-09-03T03:22:59-04:00,2026-08-28T05:03:39.423Z,https://www.predatoryfins.com/products/temensis-peacock-bass-cichla-temensis
predatory-fins,Temensis Peacock Bass (Cichla temensis),,,Cichla temensis,75,,USD,4 inches (Wild),4,in,false,2021-09-03T03:22:59-04:00,2026-08-28T05:03:39.423Z,https://www.predatoryfins.com/products/temensis-peacock-bass-cichla-temensis
predatory-fins,Temensis Peacock Bass (Cichla temensis),,,Cichla temensis,95,,USD,5 inches (Wild),5,in,false,2021-09-03T03:22:59-04:00,2026-08-28T05:03:39.423Z,https://www.predatoryfins.com/products/temensis-peacock-bass-cichla-temensis
predatory-fins,Temensis Peacock Bass (Cichla temensis),,,Cichla temensis,75,,USD,6.5 - 7 inches,6.75,in,false,2021-09-03T03:22:59-04:00,2026-08-28T05:03:39.423Z,https://www.predatoryfins.com/products/temensis-peacock-bass-cichla-temensis
predatory-fins,Wild Kelberi Peacock Bass (Cichla kelberi),,,Cichla kelberi,30,,USD,2 inches,2,in,false,2021-09-03T03:22:48-04:00,2026-08-28T05:03:39.423Z,https://www.predatoryfins.com/products/wild-kelberi-peacock-bass-cichla-kelberi
predatory-fins,Wild Kelberi Peacock Bass (Cichla kelberi),,,Cichla kelberi,40,,USD,2.5 - 3 inches,2.75,in,false,2021-09-03T03:22:48-04:00,2026-08-28T05:03:39.423Z,https://www.predatoryfins.com/products/wild-kelberi-peacock-bass-cichla-kelberi
predatory-fins,Wild Kelberi Peacock Bass (Cichla kelberi),,,Cichla kelberi,85,,USD,4 - 4.5 inches,4.25,in,false,2021-09-03T03:22:48-04:00,2026-08-28T05:03:39.423Z,https://www.predatoryfins.com/products/wild-kelberi-peacock-bass-cichla-kelberi
predatory-fins,Wild Kelberi Peacock Bass (Cichla kelberi),,,Cichla kelberi,110,,USD,6 - 6.5 inches,6.25,in,false,2021-09-03T03:22:48-04:00,2026-08-28T05:03:39.423Z,https://www.predatoryfins.com/products/wild-kelberi-peacock-bass-cichla-kelberi
predatory-fins,Wild Kelberi Peacock Bass (Cichla kelberi),,,Cichla kelberi,275,,USD,8 - 10 inches,9,in,false,2021-09-03T03:22:48-04:00,2026-08-28T05:03:39.423Z,https://www.predatoryfins.com/products/wild-kelberi-peacock-bass-cichla-kelberi
predatory-fins,Wild Mono Peacock Bass (Cichla monoculus ) Rio Negro,,,Cichla monoculus,85,,USD,3 - 3.5 inches,3.25,in,false,2021-09-03T03:22:47-04:00,2026-08-28T05:03:39.423Z,https://www.predatoryfins.com/products/wild-mono-peacock-bass-cichla-monoculus
predatory-fins,Xingu Peacock Bass (Cichla melaniae),,,Cichla melaniae,45,,USD,2 - 2.5 inches,2.25,in,false,2021-09-03T03:22:46-04:00,2026-08-28T05:03:39.423Z,https://www.predatoryfins.com/products/xingu-peacock-bass-cichla-melaniae
predatory-fins,Xingu Peacock Bass (Cichla melaniae),,,Cichla melaniae,58,,USD,3 inches,3,in,false,2021-09-03T03:22:46-04:00,2026-08-28T05:03:39.423Z,https://www.predatoryfins.com/products/xingu-peacock-bass-cichla-melaniae
predatory-fins,Xingu Peacock Bass (Cichla melaniae),,,Cichla melaniae,85,,USD,4 inches,4,in,true,2021-09-03T03:22:46-04:00,2026-08-28T05:03:39.423Z,https://www.predatoryfins.com/products/xingu-peacock-bass-cichla-melaniae
predatory-fins,Xingu Peacock Bass (Cichla melaniae),,,Cichla melaniae,100,,USD,4.5 - 5 inches,4.75,in,true,2021-09-03T03:22:46-04:00,2026-08-28T05:03:39.423Z,https://www.predatoryfins.com/products/xingu-peacock-bass-cichla-melaniae
predatory-fins,Xingu Pike Cichlid (Crenicichla xingu sp),,,Crenicichla xingu,65,,USD,3 - 3.5 inches,3.25,in,false,2021-09-03T03:22:44-04:00,2026-08-28T05:03:39.423Z,https://www.predatoryfins.com/products/xingu-pike-cichlid-crenicichla-xingu-sp
predatory-fins,Xingu Pike Cichlid (Crenicichla xingu sp),,,Crenicichla xingu,75,,USD,4.5 inches,4.5,in,false,2021-09-03T03:22:44-04:00,2026-08-28T05:03:39.423Z,https://www.predatoryfins.com/products/xingu-pike-cichlid-crenicichla-xingu-sp
predatory-fins,Xingu Pike Cichlid (Crenicichla xingu sp),,,Crenicichla xingu,110,,USD,5.5 inches,5.5,in,false,2021-09-03T03:22:44-04:00,2026-08-28T05:03:39.423Z,https://www.predatoryfins.com/products/xingu-pike-cichlid-crenicichla-xingu-sp
predatory-fins,Altum Angelfish (Pterophyllum altum),,,Pterophyllum altum,32,,USD,1.5 inches,1.5,in,false,2021-09-03T03:04:33-04:00,2026-08-28T05:03:39.423Z,https://www.predatoryfins.com/products/altum-angelfish-pterophyllum-altum
predatory-fins,Altum Angelfish (Pterophyllum altum),,,Pterophyllum altum,45,,USD,2 inches,2,in,false,2021-09-03T03:04:33-04:00,2026-08-28T05:03:39.423Z,https://www.predatoryfins.com/products/altum-angelfish-pterophyllum-altum
predatory-fins,Altum Angelfish (Pterophyllum altum),,,Pterophyllum altum,85,,USD,2.5 - 3 inches (Captive Bred),2.75,in,false,2021-09-03T03:04:33-04:00,2026-08-28T05:03:39.423Z,https://www.predatoryfins.com/products/altum-angelfish-pterophyllum-altum
predatory-fins,Altum Angelfish (Pterophyllum altum),,,Pterophyllum altum,95,,USD,4 - 4.5  inches,4.25,in,false,2021-09-03T03:04:33-04:00,2026-08-28T05:03:39.423Z,https://www.predatoryfins.com/products/altum-angelfish-pterophyllum-altum
predatory-fins,Altum Angelfish (Pterophyllum altum),,,Pterophyllum altum,135,,USD,5 inches,5,in,false,2021-09-03T03:04:33-04:00,2026-08-28T05:03:39.423Z,https://www.predatoryfins.com/products/altum-angelfish-pterophyllum-altum
predatory-fins,Altum Angelfish (Pterophyllum altum),,,Pterophyllum altum,75,,USD,6 inches (XXL show piece),6,in,false,2021-09-03T03:04:33-04:00,2026-08-28T05:03:39.423Z,https://www.predatoryfins.com/products/altum-angelfish-pterophyllum-altum
predatory-fins,Albino Red Tiger Oscar Cichlid (Astronotus ocellatus),,,Astronotus ocellatus,22,,USD,1.5 inches (Select Pattern),1.5,in,false,2021-09-03T03:04:16-04:00,2026-08-28T05:03:39.423Z,https://www.predatoryfins.com/products/albino-red-tiger-oscar-cichlid-astronotus-ocellatus
predatory-fins,Albino Red Tiger Oscar Cichlid (Astronotus ocellatus),,,Astronotus ocellatus,25,,USD,2.5 inches,2.5,in,false,2021-09-03T03:04:16-04:00,2026-08-28T05:03:39.423Z,https://www.predatoryfins.com/products/albino-red-tiger-oscar-cichlid-astronotus-ocellatus
predatory-fins,Albino Red Tiger Oscar Cichlid (Astronotus ocellatus),,,Astronotus ocellatus,28,,USD,3.5 inches,3.5,in,false,2021-09-03T03:04:16-04:00,2026-08-28T05:03:39.423Z,https://www.predatoryfins.com/products/albino-red-tiger-oscar-cichlid-astronotus-ocellatus
predatory-fins,Albino Red Tiger Oscar Cichlid (Astronotus ocellatus),,,Astronotus ocellatus,65,,USD,6 inches,6,in,false,2021-09-03T03:04:16-04:00,2026-08-28T05:03:39.423Z,https://www.predatoryfins.com/products/albino-red-tiger-oscar-cichlid-astronotus-ocellatus
predatory-fins,Albino Red Tiger Oscar Cichlid (Astronotus ocellatus),,,Astronotus ocellatus,95,,USD,9 inches,9,in,false,2021-09-03T03:04:16-04:00,2026-08-28T05:03:39.423Z,https://www.predatoryfins.com/products/albino-red-tiger-oscar-cichlid-astronotus-ocellatus
predatory-fins,Albino Sterlet Sturgeon (Acipenser ruthenus),,,Acipenser ruthenus,145,,USD,5.5 - 6 inches,5.75,in,false,2021-09-03T03:04:03-04:00,2026-08-28T05:03:39.423Z,https://www.predatoryfins.com/products/albino-sterlet-sturgeon-acipenser-ruthenus
predatory-fins,Albino Sterlet Sturgeon (Acipenser ruthenus),,,Acipenser ruthenus,175,,USD,6.5 - 7 inches,6.75,in,false,2021-09-03T03:04:03-04:00,2026-08-28T05:03:39.423Z,https://www.predatoryfins.com/products/albino-sterlet-sturgeon-acipenser-ruthenus
predatory-fins,Albino Sterlet Sturgeon (Acipenser ruthenus),,,Acipenser ruthenus,225,,USD,8 - 8.5 inches,8.25,in,false,2021-09-03T03:04:03-04:00,2026-08-28T05:03:39.423Z,https://www.predatoryfins.com/products/albino-sterlet-sturgeon-acipenser-ruthenus
predatory-fins,Albino Sterlet Sturgeon (Acipenser ruthenus),,,Acipenser ruthenus,600,,USD,14 - 15 inches,14.5,in,false,2021-09-03T03:04:03-04:00,2026-08-28T05:03:39.423Z,https://www.predatoryfins.com/products/albino-sterlet-sturgeon-acipenser-ruthenus
predatory-fins,Albino Sailfin Pleco (Glyptoperichthys gibbiceps),,,Glyptoperichthys gibbiceps,25,,USD,2.5 inches,2.5,in,false,2021-09-03T03:03:56-04:00,2026-08-28T05:03:39.423Z,https://www.predatoryfins.com/products/albino-sailfin-pleco-glyptoperichthys-gibbiceps
predatory-fins,Albino Sailfin Pleco (Glyptoperichthys gibbiceps),,,Glyptoperichthys gibbiceps,35,,USD,3 - 3.5 inches,3.25,in,false,2021-09-03T03:03:56-04:00,2026-08-28T05:03:39.423Z,https://www.predatoryfins.com/products/albino-sailfin-pleco-glyptoperichthys-gibbiceps
predatory-fins,Albino Sailfin Pleco (Glyptoperichthys gibbiceps),,,Glyptoperichthys gibbiceps,55,,USD,4 - 4.5 inches,4.25,in,false,2021-09-03T03:03:56-04:00,2026-08-28T05:03:39.423Z,https://www.predatoryfins.com/products/albino-sailfin-pleco-glyptoperichthys-gibbiceps
predatory-fins,Albino Sailfin Pleco (Glyptoperichthys gibbiceps),,,Glyptoperichthys gibbiceps,65,,USD,5 - 5.5 inches,5.25,in,true,2021-09-03T03:03:56-04:00,2026-08-28T05:03:39.423Z,https://www.predatoryfins.com/products/albino-sailfin-pleco-glyptoperichthys-gibbiceps
predatory-fins,Albino Sailfin Pleco (Glyptoperichthys gibbiceps),,,Glyptoperichthys gibbiceps,75,,USD,6 - 6.5 inches,6.25,in,false,2021-09-03T03:03:56-04:00,2026-08-28T05:03:39.423Z,https://www.predatoryfins.com/products/albino-sailfin-pleco-glyptoperichthys-gibbiceps
predatory-fins,Albino Sailfin Pleco (Glyptoperichthys gibbiceps),,,Glyptoperichthys gibbiceps,90,,USD,7 - 7.5 inches,7.25,in,false,2021-09-03T03:03:56-04:00,2026-08-28T05:03:39.423Z,https://www.predatoryfins.com/products/albino-sailfin-pleco-glyptoperichthys-gibbiceps
predatory-fins,Albino Sailfin Pleco (Glyptoperichthys gibbiceps),,,Glyptoperichthys gibbiceps,250,,USD,10 - 12 inches,11,in,true,2021-09-03T03:03:56-04:00,2026-08-28T05:03:39.423Z,https://www.predatoryfins.com/products/albino-sailfin-pleco-glyptoperichthys-gibbiceps
predatory-fins,Albino Super Red Tiger Oscar Cichlid (Astronotus ocellatus),,,Astronotus ocellatus,125,,USD,"4.5"" - 5"" inches",4.5,in,false,2021-09-03T03:03:47-04:00,2026-08-28T05:03:39.423Z,https://www.predatoryfins.com/products/albino-super-red-tiger-oscar-cichlid-astronotus-ocellatus
predatory-fins,Albino Super Red Tiger Oscar Cichlid (Astronotus ocellatus),,,Astronotus ocellatus,125,,USD,"5.5"" - 6.5"" inches",5.5,in,false,2021-09-03T03:03:47-04:00,2026-08-28T05:03:39.423Z,https://www.predatoryfins.com/products/albino-super-red-tiger-oscar-cichlid-astronotus-ocellatus
predatory-fins,Albino Red Belly Pacu (Piaractus brachypomum),,,Piaractus brachypomum,25,,USD,1.5 inches,1.5,in,false,2021-09-03T03:03:36-04:00,2026-08-28T05:03:39.423Z,https://www.predatoryfins.com/products/albino-red-belly-pacu-piaractus-brachypomum
predatory-fins,Albino Red Belly Pacu (Piaractus brachypomum),,,Piaractus brachypomum,35,,USD,2 - 2.5 inches,2.25,in,false,2021-09-03T03:03:36-04:00,2026-08-28T05:03:39.423Z,https://www.predatoryfins.com/products/albino-red-belly-pacu-piaractus-brachypomum
predatory-fins,Albino Red Belly Pacu (Piaractus brachypomum),,,Piaractus brachypomum,35,45,USD,3 inches,3,in,false,2021-09-03T03:03:36-04:00,2026-08-28T05:03:39.423Z,https://www.predatoryfins.com/products/albino-red-belly-pacu-piaractus-brachypomum
predatory-fins,Albino Red Belly Pacu (Piaractus brachypomum),,,Piaractus brachypomum,40,,USD,3.5 inches,3.5,in,false,2021-09-03T03:03:36-04:00,2026-08-28T05:03:39.423Z,https://www.predatoryfins.com/products/albino-red-belly-pacu-piaractus-brachypomum
predatory-fins,Albino Red Back Manacapuru Angelfish (Pterophyllum scalare),,,Pterophyllum scalare,25,,USD,"2"" inches",2,in,false,2021-09-03T03:03:32-04:00,2026-08-28T05:03:39.423Z,https://www.predatoryfins.com/products/albino-red-back-manacapuru-angelfish-pterophyllum-scalare
predatory-fins,Albino Prochilodus (Prochilodus lineatus),,,Prochilodus lineatus,36,,USD,2.5 inches,2.5,in,false,2021-09-03T03:03:27-04:00,2026-08-28T05:03:39.423Z,https://www.predatoryfins.com/products/albino-prochilodus-lineatus
predatory-fins,Albino Prochilodus (Prochilodus lineatus),,,Prochilodus lineatus,85,,USD,"5"" - 6"" inches",5,in,false,2021-09-03T03:03:27-04:00,2026-08-28T05:03:39.423Z,https://www.predatoryfins.com/products/albino-prochilodus-lineatus
predatory-fins,Albino Marbled Hoplo Catfish (Megalechis thoracata),,,Megalechis thoracata,20,,USD,1” inch,,,false,2021-09-03T03:03:11-04:00,2026-08-28T05:03:39.423Z,https://www.predatoryfins.com/products/albino-marbled-hoplo-catfish-megalechis-thoracata
predatory-fins,Albino Marbled Hoplo Catfish (Megalechis thoracata),,,Megalechis thoracata,0,,USD,5 inches,5,in,false,2021-09-03T03:03:11-04:00,2026-08-28T05:03:39.423Z,https://www.predatoryfins.com/products/albino-marbled-hoplo-catfish-megalechis-thoracata
predatory-fins,Albino Iridescent Shark (Pangasius hypophthalmus),,,Pangasius hypophthalmus,18,,USD,2 to 2.5 inches,2.25,in,false,2021-09-03T03:01:51-04:00,2026-08-28T05:03:39.423Z,https://www.predatoryfins.com/products/albino-iridescent-shark-pangasius-hypophthalmus
predatory-fins,Albino Iridescent Shark (Pangasius hypophthalmus),,,Pangasius hypophthalmus,28,,USD,3 to 3.5 inches,3.25,in,false,2021-09-03T03:01:51-04:00,2026-08-28T05:03:39.423Z,https://www.predatoryfins.com/products/albino-iridescent-shark-pangasius-hypophthalmus
predatory-fins,Albino Iridescent Shark (Pangasius hypophthalmus),,,Pangasius hypophthalmus,55,,USD,5 - 5.5 inches,5.25,in,false,2021-09-03T03:01:51-04:00,2026-08-28T05:03:39.423Z,https://www.predatoryfins.com/products/albino-iridescent-shark-pangasius-hypophthalmus
predatory-fins,Albino Iridescent Shark (Pangasius hypophthalmus),,,Pangasius hypophthalmus,65,,USD,6 - 6.5 inches,6.25,in,false,2021-09-03T03:01:51-04:00,2026-08-28T05:03:39.423Z,https://www.predatoryfins.com/products/albino-iridescent-shark-pangasius-hypophthalmus
predatory-fins,Albino Threadfin Acara Geophagus Cichlid (Acarichthys heckelii),,,Acarichthys heckelii,28,,USD,1 - 1.25 inches,1.13,in,false,2021-09-03T03:01:36-04:00,2026-08-28T05:03:39.423Z,https://www.predatoryfins.com/products/albino-threadfin-acara-geophagus-cichlid-acarichthys-heckelii
predatory-fins,Albino Threadfin Acara Geophagus Cichlid (Acarichthys heckelii),,,Acarichthys heckelii,35,,USD,1.5 inches,1.5,in,false,2021-09-03T03:01:36-04:00,2026-08-28T05:03:39.423Z,https://www.predatoryfins.com/products/albino-threadfin-acara-geophagus-cichlid-acarichthys-heckelii
predatory-fins,Albino Threadfin Acara Geophagus Cichlid (Acarichthys heckelii),,,Acarichthys heckelii,45,,USD,2 - 2.5 inches,2.25,in,false,2021-09-03T03:01:36-04:00,2026-08-28T05:03:39.423Z,https://www.predatoryfins.com/products/albino-threadfin-acara-geophagus-cichlid-acarichthys-heckelii
predatory-fins,Albino Threadfin Acara Geophagus Cichlid (Acarichthys heckelii),,,Acarichthys heckelii,75,,USD,3.5 - 4 inches,3.75,in,false,2021-09-03T03:01:36-04:00,2026-08-28T05:03:39.423Z,https://www.predatoryfins.com/products/albino-threadfin-acara-geophagus-cichlid-acarichthys-heckelii
predatory-fins,Albino Threadfin Acara Geophagus Cichlid (Acarichthys heckelii),,,Acarichthys heckelii,120,,USD,4.5 - 5 inches,4.75,in,false,2021-09-03T03:01:36-04:00,2026-08-28T05:03:39.423Z,https://www.predatoryfins.com/products/albino-threadfin-acara-geophagus-cichlid-acarichthys-heckelii
predatory-fins,Albino Threadfin Acara Geophagus Cichlid (Acarichthys heckelii),,,Acarichthys heckelii,150,,USD,5.5 inches,5.5,in,false,2021-09-03T03:01:36-04:00,2026-08-28T05:03:39.423Z,https://www.predatoryfins.com/products/albino-threadfin-acara-geophagus-cichlid-acarichthys-heckelii
predatory-fins,Albino Threadfin Acara Geophagus Cichlid (Acarichthys heckelii),,,Acarichthys heckelii,300,,USD,6 - 6.5 inches,6.25,in,false,2021-09-03T03:01:36-04:00,2026-08-28T05:03:39.423Z,https://www.predatoryfins.com/products/albino-threadfin-acara-geophagus-cichlid-acarichthys-heckelii
predatory-fins,Albino Giant Gourami (Osphronemus goramy),,,Osphronemus goramy,23,,USD,2 inches,2,in,false,2021-09-03T03:01:31-04:00,2026-08-28T05:03:39.423Z,https://www.predatoryfins.com/products/albino-giant-gourami-osphronemus-goramy
predatory-fins,Albino Giant Gourami (Osphronemus goramy),,,Osphronemus goramy,30,,USD,3 - 3.5 inches,3.25,in,false,2021-09-03T03:01:31-04:00,2026-08-28T05:03:39.423Z,https://www.predatoryfins.com/products/albino-giant-gourami-osphronemus-goramy
predatory-fins,Albino Giant Gourami (Osphronemus goramy),,,Osphronemus goramy,55,,USD,4.5 - 5 inches,4.75,in,false,2021-09-03T03:01:31-04:00,2026-08-28T05:03:39.423Z,https://www.predatoryfins.com/products/albino-giant-gourami-osphronemus-goramy
predatory-fins,Albino Compressiceps Cichlid (Dimidiochromis compressiceps),,,Dimidiochromis compressiceps,45,,USD,"4"" - 5"" Inches",4,in,false,2021-09-03T03:01:26-04:00,2026-08-28T05:03:39.423Z,https://www.predatoryfins.com/products/albino-compressiceps-cichlid-dimidiochromis-compressiceps
predatory-fins,Albino Clown Knifefish (Chitala ornata),,,Chitala ornata,40,,USD,2.5 - 3 inches,2.75,in,false,2021-09-03T03:01:06-04:00,2026-08-28T05:03:39.423Z,https://www.predatoryfins.com/products/albino-clown-knifefish-chitala-ornata
predatory-fins,Albino Clown Knifefish (Chitala ornata),,,Chitala ornata,45,,USD,3 - 3.5 inches,3.25,in,false,2021-09-03T03:01:06-04:00,2026-08-28T05:03:39.423Z,https://www.predatoryfins.com/products/albino-clown-knifefish-chitala-ornata
predatory-fins,Albino Clown Knifefish (Chitala ornata),,,Chitala ornata,65,,USD,4 - 4.5 inches,4.25,in,false,2021-09-03T03:01:06-04:00,2026-08-28T05:03:39.423Z,https://www.predatoryfins.com/products/albino-clown-knifefish-chitala-ornata
predatory-fins,Albino Clown Knifefish (Chitala ornata),,,Chitala ornata,75,,USD,5 inches,5,in,false,2021-09-03T03:01:06-04:00,2026-08-28T05:03:39.423Z,https://www.predatoryfins.com/products/albino-clown-knifefish-chitala-ornata
predatory-fins,Albino Clown Knifefish (Chitala ornata),,,Chitala ornata,110,,USD,6 - 6.5 inches,6.25,in,false,2021-09-03T03:01:06-04:00,2026-08-28T05:03:39.423Z,https://www.predatoryfins.com/products/albino-clown-knifefish-chitala-ornata
predatory-fins,Albino Clown Knifefish (Chitala ornata),,,Chitala ornata,150,,USD,7 - 8 inches,7.5,in,true,2021-09-03T03:01:06-04:00,2026-08-28T05:03:39.423Z,https://www.predatoryfins.com/products/albino-clown-knifefish-chitala-ornata
predatory-fins,Albino Clown Knifefish (Chitala ornata),,,Chitala ornata,650,,USD,15 - 16 inches,15.5,in,false,2021-09-03T03:01:06-04:00,2026-08-28T05:03:39.423Z,https://www.predatoryfins.com/products/albino-clown-knifefish-chitala-ornata
predatory-fins,Albino Chinese Wels Catfish (Silurus merdionalis),,,Silurus merdionalis,85,,USD,3 - 3.5 inches,3.25,in,true,2021-09-03T03:01:02-04:00,2026-08-28T05:03:39.423Z,https://www.predatoryfins.com/products/albino-chinese-wels-catfish-silurus-merdionalis
predatory-fins,Albino Chinese Wels Catfish (Silurus merdionalis),,,Silurus merdionalis,100,,USD,4.5 - 5 inches,4.75,in,false,2021-09-03T03:01:02-04:00,2026-08-28T05:03:39.423Z,https://www.predatoryfins.com/products/albino-chinese-wels-catfish-silurus-merdionalis
predatory-fins,Albino Chinese Wels Catfish (Silurus merdionalis),,,Silurus merdionalis,200,,USD,6 - 6.5 inches,6.25,in,false,2021-09-03T03:01:02-04:00,2026-08-28T05:03:39.423Z,https://www.predatoryfins.com/products/albino-chinese-wels-catfish-silurus-merdionalis
predatory-fins,Albino Chinese Wels Catfish (Silurus merdionalis),,,Silurus merdionalis,575,,USD,10 inches,10,in,false,2021-09-03T03:01:02-04:00,2026-08-28T05:03:39.423Z,https://www.predatoryfins.com/products/albino-chinese-wels-catfish-silurus-merdionalis
predatory-fins,Albino Chinese Wels Catfish (Silurus merdionalis),,,Silurus merdionalis,3500,,USD,14 - 15 inches,14.5,in,false,2021-09-03T03:01:02-04:00,2026-08-28T05:03:39.423Z,https://www.predatoryfins.com/products/albino-chinese-wels-catfish-silurus-merdionalis
predatory-fins,Albino Channel Catfish (Ictalurus punctatus),,,Ictalurus punctatus,10,,USD,"3"" - 4"" inches",3,in,false,2021-09-03T03:00:56-04:00,2026-08-28T05:03:39.423Z,https://www.predatoryfins.com/products/albino-channel-catfish-ictalurus-punctatus
predatory-fins,Albino Tinfoil Barb (Barbonymus schwanenfeldii),,,Barbonymus schwanenfeldii,28,,USD,3 - 3.5 inches,3.25,in,false,2021-09-03T03:00:49-04:00,2026-08-28T05:03:39.423Z,https://www.predatoryfins.com/products/albino-tinfoil-barb-barbonymus-schwanenfeldii
predatory-fins,Albino Tinfoil Barb (Barbonymus schwanenfeldii),,,Barbonymus schwanenfeldii,35,55,USD,4.5 - 5 inches,4.75,in,false,2021-09-03T03:00:49-04:00,2026-08-28T05:03:39.423Z,https://www.predatoryfins.com/products/albino-tinfoil-barb-barbonymus-schwanenfeldii
predatory-fins,Albino African Lungfish (Protopterus aethiopicus),,,Protopterus aethiopicus,495,,USD,4 - 4.5 inches,4.25,in,false,2021-09-03T03:00:35-04:00,2026-08-28T05:03:39.423Z,https://www.predatoryfins.com/products/albino-african-lungfish-protopterus-aethiopicus
predatory-fins,Albino African Lungfish (Protopterus aethiopicus),,,Protopterus aethiopicus,695,,USD,10 - 11 inches,10.5,in,false,2021-09-03T03:00:35-04:00,2026-08-28T05:03:39.423Z,https://www.predatoryfins.com/products/albino-african-lungfish-protopterus-aethiopicus
predatory-fins,Albino African Lungfish (Protopterus aethiopicus),,,Protopterus aethiopicus,895,,USD,13 inches,13,in,false,2021-09-03T03:00:35-04:00,2026-08-28T05:03:39.423Z,https://www.predatoryfins.com/products/albino-african-lungfish-protopterus-aethiopicus
predatory-fins,Albino African Lungfish (Protopterus aethiopicus),,,Protopterus aethiopicus,1100,,USD,16 - 17 inches,16.5,in,false,2021-09-03T03:00:35-04:00,2026-08-28T05:03:39.423Z,https://www.predatoryfins.com/products/albino-african-lungfish-protopterus-aethiopicus
predatory-fins,Albino African Lungfish (Protopterus aethiopicus),,,Protopterus aethiopicus,5000,,USD,46 inches,46,in,false,2021-09-03T03:00:35-04:00,2026-08-28T05:03:39.423Z,https://www.predatoryfins.com/products/albino-african-lungfish-protopterus-aethiopicus
predatory-fins,Albino Short Body Senegal Bichir (Polypterus senegalus),sp_senegal_bichir,scientific-name,Polypterus senegalus,125,225,USD,4.5 - 5 inches (Super Shortbody),4.75,in,false,2021-09-03T03:00:33-04:00,2026-08-28T05:03:39.423Z,https://www.predatoryfins.com/products/albino-short-body-senegal-bichir-polypterus-senegalus
predatory-fins,African Pike (Hepsetus odoe),,,Hepsetus odoe,65,,USD,4 inches,4,in,false,2021-09-03T03:00:15-04:00,2026-08-28T05:03:39.423Z,https://www.predatoryfins.com/products/african-pike-hepsetus-odoe
predatory-fins,African Pike (Hepsetus odoe),,,Hepsetus odoe,75,,USD,5 inches,5,in,false,2021-09-03T03:00:15-04:00,2026-08-28T05:03:39.423Z,https://www.predatoryfins.com/products/african-pike-hepsetus-odoe
predatory-fins,African Pike (Hepsetus odoe),,,Hepsetus odoe,85,85,USD,6 inches,6,in,false,2021-09-03T03:00:15-04:00,2026-08-28T05:03:39.423Z,https://www.predatoryfins.com/products/african-pike-hepsetus-odoe
predatory-fins,African Pike (Hepsetus odoe),,,Hepsetus odoe,75,,USD,7 inches,7,in,false,2021-09-03T03:00:15-04:00,2026-08-28T05:03:39.423Z,https://www.predatoryfins.com/products/african-pike-hepsetus-odoe
predatory-fins,Spotted African Lungfish (Protopterus dolloi),,,Protopterus dolloi,55,,USD,6 - 6.5 inches,6.25,in,false,2021-09-03T03:00:01-04:00,2026-08-28T05:03:39.423Z,https://www.predatoryfins.com/products/spotted-african-lungfish-protopterus-dolloi
predatory-fins,Spotted African Lungfish (Protopterus dolloi),,,Protopterus dolloi,75,,USD,8.5 - 9 inches,8.75,in,false,2021-09-03T03:00:01-04:00,2026-08-28T05:03:39.423Z,https://www.predatoryfins.com/products/spotted-african-lungfish-protopterus-dolloi
predatory-fins,Spotted African Lungfish (Protopterus dolloi),,,Protopterus dolloi,95,,USD,12 - 13 inches,12.5,in,false,2021-09-03T03:00:01-04:00,2026-08-28T05:03:39.423Z,https://www.predatoryfins.com/products/spotted-african-lungfish-protopterus-dolloi
predatory-fins,Marbled African Lungfish (Protopterus aethiopicus),,,Protopterus aethiopicus,65,,USD,12 - 14 inches,13,in,false,2021-09-03T02:59:56-04:00,2026-08-28T05:03:39.423Z,https://www.predatoryfins.com/products/marbled-african-lungfish-protopterus-aethiopicus
predatory-fins,L155 Adonis Pleco (Acanthicus adonis),,,Acanthicus adonis,35,,USD,2 inches,2,in,false,2021-09-03T02:59:43-04:00,2026-08-28T05:03:39.423Z,https://www.predatoryfins.com/products/l155-adonis-pleco-acanthicus-adonis
predatory-fins,L155 Adonis Pleco (Acanthicus adonis),,,Acanthicus adonis,85,,USD,4 - 4.5 inches,4.25,in,false,2021-09-03T02:59:43-04:00,2026-08-28T05:03:39.423Z,https://www.predatoryfins.com/products/l155-adonis-pleco-acanthicus-adonis
predatory-fins,L155 Adonis Pleco (Acanthicus adonis),,,Acanthicus adonis,110,,USD,5.5 - 6 inches,5.75,in,false,2021-09-03T02:59:43-04:00,2026-08-28T05:03:39.423Z,https://www.predatoryfins.com/products/l155-adonis-pleco-acanthicus-adonis
predatory-fins,L155 Adonis Pleco (Acanthicus adonis),,,Acanthicus adonis,135,,USD,6.5 - 7 inches,6.75,in,false,2021-09-03T02:59:43-04:00,2026-08-28T05:03:39.423Z,https://www.predatoryfins.com/products/l155-adonis-pleco-acanthicus-adonis
predatory-fins,L155 Adonis Pleco (Acanthicus adonis),,,Acanthicus adonis,175,,USD,8 - 9 inches,8.5,in,false,2021-09-03T02:59:43-04:00,2026-08-28T05:03:39.423Z,https://www.predatoryfins.com/products/l155-adonis-pleco-acanthicus-adonis
predatory-fins,Marbled Headstander (Abrimites hypselonotus),,,Abrimites hypselonotus,48,,USD,Default Title,,,false,2021-09-03T02:59:42-04:00,2026-08-28T05:03:39.423Z,https://www.predatoryfins.com/products/marbled-headstander-abrimites-hypselonotus
predatory-fins,4 Bar Sumatra Datnoid Tiger Fish (Datnioides microlepis),,,Datnioides microlepis,45,,USD,1.25 - 1.5 inches,1.38,in,false,2021-09-03T02:57:40-04:00,2026-08-28T05:03:39.423Z,https://www.predatoryfins.com/products/4-bar-sumatra-datnoid-tiger-fish-datnioides-microlepis
predatory-fins,4 Bar Sumatra Datnoid Tiger Fish (Datnioides microlepis),,,Datnioides microlepis,85,,USD,2 - 2.5 inches,2.25,in,false,2021-09-03T02:57:40-04:00,2026-08-28T05:03:39.423Z,https://www.predatoryfins.com/products/4-bar-sumatra-datnoid-tiger-fish-datnioides-microlepis
predatory-fins,4 Bar Sumatra Datnoid Tiger Fish (Datnioides microlepis),,,Datnioides microlepis,125,,USD,2.75 - 3 inches (Select Grade),2.88,in,true,2021-09-03T02:57:40-04:00,2026-08-28T05:03:39.423Z,https://www.predatoryfins.com/products/4-bar-sumatra-datnoid-tiger-fish-datnioides-microlepis
predatory-fins,4 Bar Sumatra Datnoid Tiger Fish (Datnioides microlepis),,,Datnioides microlepis,195,,USD,4 inches (Select Grade),4,in,false,2021-09-03T02:57:40-04:00,2026-08-28T05:03:39.423Z,https://www.predatoryfins.com/products/4-bar-sumatra-datnoid-tiger-fish-datnioides-microlepis
predatory-fins,4 Bar Sumatra Datnoid Tiger Fish (Datnioides microlepis),,,Datnioides microlepis,425,,USD,4.5 - 5 inches (High Body - Select Grade),4.75,in,false,2021-09-03T02:57:40-04:00,2026-08-28T05:03:39.423Z,https://www.predatoryfins.com/products/4-bar-sumatra-datnoid-tiger-fish-datnioides-microlepis
predatory-fins,4 Bar Sumatra Datnoid Tiger Fish (Datnioides microlepis),,,Datnioides microlepis,295,,USD,6 inches (Select Grade),6,in,false,2021-09-03T02:57:40-04:00,2026-08-28T05:03:39.423Z,https://www.predatoryfins.com/products/4-bar-sumatra-datnoid-tiger-fish-datnioides-microlepis
predatory-fins,Silver Arowana (Osteoglossum bicirrhosum),,,Osteoglossum bicirrhosum,19.5,,USD,2 - 2.5 inches,2.25,in,false,2021-09-03T02:45:54-04:00,2026-08-28T05:03:39.423Z,https://www.predatoryfins.com/products/silver-arowana-osteoglossum-bicirrhosum
predatory-fins,Silver Arowana (Osteoglossum bicirrhosum),,,Osteoglossum bicirrhosum,28,,USD,3 - 3.5 inches,3.25,in,false,2021-09-03T02:45:54-04:00,2026-08-28T05:03:39.423Z,https://www.predatoryfins.com/products/silver-arowana-osteoglossum-bicirrhosum
predatory-fins,Silver Arowana (Osteoglossum bicirrhosum),,,Osteoglossum bicirrhosum,45,,USD,4 - 4.5 inches,4.25,in,true,2021-09-03T02:45:54-04:00,2026-08-28T05:03:39.423Z,https://www.predatoryfins.com/products/silver-arowana-osteoglossum-bicirrhosum
predatory-fins,Silver Arowana (Osteoglossum bicirrhosum),,,Osteoglossum bicirrhosum,55,,USD,5 - 5.5 inches (wild),5.25,in,false,2021-09-03T02:45:54-04:00,2026-08-28T05:03:39.423Z,https://www.predatoryfins.com/products/silver-arowana-osteoglossum-bicirrhosum
predatory-fins,Silver Arowana (Osteoglossum bicirrhosum),,,Osteoglossum bicirrhosum,110,,USD,7 - 7.5 inches,7.25,in,false,2021-09-03T02:45:54-04:00,2026-08-28T05:03:39.423Z,https://www.predatoryfins.com/products/silver-arowana-osteoglossum-bicirrhosum
predatory-fins,Silver Arowana (Osteoglossum bicirrhosum),,,Osteoglossum bicirrhosum,135,,USD,8 - 8.5  inches,8.25,in,false,2021-09-03T02:45:54-04:00,2026-08-28T05:03:39.423Z,https://www.predatoryfins.com/products/silver-arowana-osteoglossum-bicirrhosum
predatory-fins,Silver Arowana (Osteoglossum bicirrhosum),,,Osteoglossum bicirrhosum,175,,USD,10 - 10.5 inches,10.25,in,false,2021-09-03T02:45:54-04:00,2026-08-28T05:03:39.423Z,https://www.predatoryfins.com/products/silver-arowana-osteoglossum-bicirrhosum
predatory-fins,Silver Arowana (Osteoglossum bicirrhosum),,,Osteoglossum bicirrhosum,220,,USD,12 inches,12,in,false,2021-09-03T02:45:54-04:00,2026-08-28T05:03:39.423Z,https://www.predatoryfins.com/products/silver-arowana-osteoglossum-bicirrhosum
predatory-fins,Platinum Jardini Arowana (Scleropages jardinii),,,Scleropages jardinii,0,,USD,7”-8”,,,false,2021-09-03T02:45:53-04:00,2026-08-28T05:03:39.423Z,https://www.predatoryfins.com/products/platinum-jardini-arowana-scleropages-jardinii
predatory-fins,Platinum Silver Arowana (Osteoglossum bicirrhosum),,,Osteoglossum bicirrhosum,0,,USD,Default Title,,,false,2021-09-03T02:45:53-04:00,2026-08-28T05:03:39.423Z,https://www.predatoryfins.com/products/platinum-silver-arowana-osteoglossum-bicirrhosum
predatory-fins,Albino Silver Arowana (Osteoglossum bicirrhosum),,,Osteoglossum bicirrhosum,55,,USD,2.5 inches,2.5,in,false,2021-09-03T02:45:21-04:00,2026-08-28T05:03:39.423Z,https://www.predatoryfins.com/products/albino-silver-arowana-osteoglossum-bicirrhosum
predatory-fins,Albino Silver Arowana (Osteoglossum bicirrhosum),,,Osteoglossum bicirrhosum,65,,USD,3 - 3.5 inches,3.25,in,false,2021-09-03T02:45:21-04:00,2026-08-28T05:03:39.423Z,https://www.predatoryfins.com/products/albino-silver-arowana-osteoglossum-bicirrhosum
predatory-fins,Albino Silver Arowana (Osteoglossum bicirrhosum),,,Osteoglossum bicirrhosum,85,,USD,4 inches,4,in,true,2021-09-03T02:45:21-04:00,2026-08-28T05:03:39.423Z,https://www.predatoryfins.com/products/albino-silver-arowana-osteoglossum-bicirrhosum
predatory-fins,Albino Silver Arowana (Osteoglossum bicirrhosum),,,Osteoglossum bicirrhosum,110,,USD,5 - 5.5 inches,5.25,in,false,2021-09-03T02:45:21-04:00,2026-08-28T05:03:39.423Z,https://www.predatoryfins.com/products/albino-silver-arowana-osteoglossum-bicirrhosum
predatory-fins,Albino Silver Arowana (Osteoglossum bicirrhosum),,,Osteoglossum bicirrhosum,135,,USD,6 - 6.5 inches,6.25,in,false,2021-09-03T02:45:21-04:00,2026-08-28T05:03:39.423Z,https://www.predatoryfins.com/products/albino-silver-arowana-osteoglossum-bicirrhosum
predatory-fins,Albino Silver Arowana (Osteoglossum bicirrhosum),,,Osteoglossum bicirrhosum,165,,USD,7 - 7.5 inches,7.25,in,false,2021-09-03T02:45:21-04:00,2026-08-28T05:03:39.423Z,https://www.predatoryfins.com/products/albino-silver-arowana-osteoglossum-bicirrhosum
predatory-fins,Albino Silver Arowana (Osteoglossum bicirrhosum),,,Osteoglossum bicirrhosum,185,,USD,8 - 8.5 inches,8.25,in,true,2021-09-03T02:45:21-04:00,2026-08-28T05:03:39.423Z,https://www.predatoryfins.com/products/albino-silver-arowana-osteoglossum-bicirrhosum
predatory-fins,Albino Silver Arowana (Osteoglossum bicirrhosum),,,Osteoglossum bicirrhosum,250,,USD,9 - 10 inches,9.5,in,false,2021-09-03T02:45:21-04:00,2026-08-28T05:03:39.423Z,https://www.predatoryfins.com/products/albino-silver-arowana-osteoglossum-bicirrhosum
predatory-fins,Albino Silver Arowana (Osteoglossum bicirrhosum),,,Osteoglossum bicirrhosum,350,,USD,13 inches,13,in,false,2021-09-03T02:45:21-04:00,2026-08-28T05:03:39.423Z,https://www.predatoryfins.com/products/albino-silver-arowana-osteoglossum-bicirrhosum
predatory-fins,Armatus Payara Vampire Tetra (Hydrolycus Armatus),,,,68,,USD,3 - 3.5 inches,3.25,in,true,2021-09-03T02:42:03-04:00,2026-08-28T05:03:39.423Z,https://www.predatoryfins.com/products/armatus-payara-vampire-tetra-hydrolycus-armatus
predatory-fins,Armatus Payara Vampire Tetra (Hydrolycus Armatus),,,,85,,USD,4 - 4.5 inches,4.25,in,true,2021-09-03T02:42:03-04:00,2026-08-28T05:03:39.423Z,https://www.predatoryfins.com/products/armatus-payara-vampire-tetra-hydrolycus-armatus
predatory-fins,Armatus Payara Vampire Tetra (Hydrolycus Armatus),,,,145,,USD,5 - 5.5 inches,5.25,in,false,2021-09-03T02:42:03-04:00,2026-08-28T05:03:39.423Z,https://www.predatoryfins.com/products/armatus-payara-vampire-tetra-hydrolycus-armatus
predatory-fins,Armatus Payara Vampire Tetra (Hydrolycus Armatus),,,,175,,USD,6 - 6.5 inches,6.25,in,false,2021-09-03T02:42:03-04:00,2026-08-28T05:03:39.423Z,https://www.predatoryfins.com/products/armatus-payara-vampire-tetra-hydrolycus-armatus
predatory-fins,Armatus Payara Vampire Tetra (Hydrolycus Armatus),,,,300,,USD,8 inches,8,in,false,2021-09-03T02:42:03-04:00,2026-08-28T05:03:39.423Z,https://www.predatoryfins.com/products/armatus-payara-vampire-tetra-hydrolycus-armatus
predatory-fins,Armatus Payara Vampire Tetra (Hydrolycus Armatus),,,,475,,USD,10 - 11 inches,10.5,in,false,2021-09-03T02:42:03-04:00,2026-08-28T05:03:39.423Z,https://www.predatoryfins.com/products/armatus-payara-vampire-tetra-hydrolycus-armatus
predatory-fins,Armatus Payara Vampire Tetra (Hydrolycus Armatus),,,,550,,USD,12 - 13 inches,12.5,in,false,2021-09-03T02:42:03-04:00,2026-08-28T05:03:39.423Z,https://www.predatoryfins.com/products/armatus-payara-vampire-tetra-hydrolycus-armatus
predatory-fins,Red Tail Payara Vampire Tetra (Hydrolycus tatauaia),,,Hydrolycus tatauaia,115,,USD,5 - 5.5 inches,5.25,in,false,2021-09-02T01:16:37-04:00,2026-08-28T05:03:39.423Z,https://www.predatoryfins.com/products/red-tail-payara-vampire-tetra-hydrolycus-tatauaia
predatory-fins,Red Tail Payara Vampire Tetra (Hydrolycus tatauaia),,,Hydrolycus tatauaia,135,,USD,6 - 6.5 inches,6.25,in,false,2021-09-02T01:16:37-04:00,2026-08-28T05:03:39.423Z,https://www.predatoryfins.com/products/red-tail-payara-vampire-tetra-hydrolycus-tatauaia
predatory-fins,Red Tail Payara Vampire Tetra (Hydrolycus tatauaia),,,Hydrolycus tatauaia,185,,USD,10 to 12 inches,11,in,false,2021-09-02T01:16:37-04:00,2026-08-28T05:03:39.423Z,https://www.predatoryfins.com/products/red-tail-payara-vampire-tetra-hydrolycus-tatauaia
predatory-fins,Albino Pearl Stingray (Potamotrygon jabuti),,,Potamotrygon jabuti,495,,USD,5 inches,5,in,false,2021-09-02T01:03:52-04:00,2026-08-28T05:03:39.423Z,https://www.predatoryfins.com/products/albino-pearl-stingray-potamotrygon-jabuti
predatory-fins,Albino Pearl Stingray (Potamotrygon jabuti),,,Potamotrygon jabuti,650,,USD,6 - 6.5 inches,6.25,in,false,2021-09-02T01:03:52-04:00,2026-08-28T05:03:39.423Z,https://www.predatoryfins.com/products/albino-pearl-stingray-potamotrygon-jabuti
predatory-fins,Albino Pearl Stingray (Potamotrygon jabuti),,,Potamotrygon jabuti,1250,,USD,7 - 8 inches (Select Grade),7.5,in,true,2021-09-02T01:03:52-04:00,2026-08-28T05:03:39.423Z,https://www.predatoryfins.com/products/albino-pearl-stingray-potamotrygon-jabuti
predatory-fins,Albino Aral Barbel (Luciobarbus brachycephalus),,,Luciobarbus brachycephalus,25,,USD,3 inches,3,in,false,2021-09-02T00:58:10-04:00,2026-08-28T05:03:39.423Z,https://www.predatoryfins.com/products/albino-aral-barbel-luciobarbus-brachycephalus
predatory-fins,Albino Aral Barbel (Luciobarbus brachycephalus),,,Luciobarbus brachycephalus,32,,USD,4 - 4.5 inches,4.25,in,false,2021-09-02T00:58:10-04:00,2026-08-28T05:03:39.423Z,https://www.predatoryfins.com/products/albino-aral-barbel-luciobarbus-brachycephalus
predatory-fins,Albino Aral Barbel (Luciobarbus brachycephalus),,,Luciobarbus brachycephalus,42,,USD,5 - 5.5 inches,5.25,in,false,2021-09-02T00:58:10-04:00,2026-08-28T05:03:39.423Z,https://www.predatoryfins.com/products/albino-aral-barbel-luciobarbus-brachycephalus
predatory-fins,Albino Aral Barbel (Luciobarbus brachycephalus),,,Luciobarbus brachycephalus,395,,USD,13 -14  inches,13.5,in,false,2021-09-02T00:58:10-04:00,2026-08-28T05:03:39.423Z,https://www.predatoryfins.com/products/albino-aral-barbel-luciobarbus-brachycephalus
predatory-fins,Azul Peacock Bass (Cichla piquiti),,,Cichla piquiti,35,,USD,1.5 inches,1.5,in,false,2021-09-02T00:57:09-04:00,2026-08-28T05:03:39.423Z,https://www.predatoryfins.com/products/azul-peacock-bass-cichla-piquiti
predatory-fins,Azul Peacock Bass (Cichla piquiti),,,Cichla piquiti,38,,USD,2 inches,2,in,false,2021-09-02T00:57:09-04:00,2026-08-28T05:03:39.423Z,https://www.predatoryfins.com/products/azul-peacock-bass-cichla-piquiti
predatory-fins,Azul Peacock Bass (Cichla piquiti),,,Cichla piquiti,48,,USD,2.5 - 3 inches,2.75,in,false,2021-09-02T00:57:09-04:00,2026-08-28T05:03:39.423Z,https://www.predatoryfins.com/products/azul-peacock-bass-cichla-piquiti
predatory-fins,Azul Peacock Bass (Cichla piquiti),,,Cichla piquiti,75,,USD,4 inches,4,in,false,2021-09-02T00:57:09-04:00,2026-08-28T05:03:39.423Z,https://www.predatoryfins.com/products/azul-peacock-bass-cichla-piquiti
predatory-fins,Azul Peacock Bass (Cichla piquiti),,,Cichla piquiti,120,,USD,5 - 5.5 inches,5.25,in,false,2021-09-02T00:57:09-04:00,2026-08-28T05:03:39.423Z,https://www.predatoryfins.com/products/azul-peacock-bass-cichla-piquiti
predatory-fins,Platinum Alligator Gar (Atractosteus spatula),,,Atractosteus spatula,1000,,USD,5.5 - 6 inches,5.75,in,false,2021-09-02T00:29:39-04:00,2026-08-28T05:03:39.423Z,https://www.predatoryfins.com/products/platinum-alligator-gar-atractosteus-spatula
predatory-fins,Platinum Alligator Gar (Atractosteus spatula),,,Atractosteus spatula,1275,1575,USD,7 - 7.5 inches,7.25,in,false,2021-09-02T00:29:39-04:00,2026-08-28T05:03:39.423Z,https://www.predatoryfins.com/products/platinum-alligator-gar-atractosteus-spatula
predatory-fins,Platinum Alligator Gar (Atractosteus spatula),,,Atractosteus spatula,1375,1675,USD,8.5 - 9 inches,8.75,in,false,2021-09-02T00:29:39-04:00,2026-08-28T05:03:39.423Z,https://www.predatoryfins.com/products/platinum-alligator-gar-atractosteus-spatula
predatory-fins,Platinum Alligator Gar (Atractosteus spatula),,,Atractosteus spatula,1800,,USD,11 - 12 inches,11.5,in,false,2021-09-02T00:29:39-04:00,2026-08-28T05:03:39.423Z,https://www.predatoryfins.com/products/platinum-alligator-gar-atractosteus-spatula
predatory-fins,Platinum Alligator Gar (Atractosteus spatula),,,Atractosteus spatula,1800,,USD,12 - 13 inches (shortbody),12.5,in,false,2021-09-02T00:29:39-04:00,2026-08-28T05:03:39.423Z,https://www.predatoryfins.com/products/platinum-alligator-gar-atractosteus-spatula
predatory-fins,Platinum Alligator Gar (Atractosteus spatula),,,Atractosteus spatula,2200,,USD,14 - 15 inches,14.5,in,false,2021-09-02T00:29:39-04:00,2026-08-28T05:03:39.423Z,https://www.predatoryfins.com/products/platinum-alligator-gar-atractosteus-spatula
predatory-fins,Pictus Catfish (Pimelodus pictus),,,Pimelodus pictus,15,,USD,Default Title,,,false,2021-09-02T00:22:56-04:00,2026-08-28T05:03:39.423Z,https://www.predatoryfins.com/products/pictus-catfish-pimelodus-pictus
predatory-fins,Spider Kelberi Peacock Bass (Cichla kelberi),,,Cichla kelberi,25,,USD,1 inch,1,in,false,2021-09-02T00:21:53-04:00,2026-08-28T05:03:39.423Z,https://www.predatoryfins.com/products/spider-kelberi-peacock-bass-cichla-kelberi
predatory-fins,Spider Kelberi Peacock Bass (Cichla kelberi),,,Cichla kelberi,35,,USD,2 - 2.5 inches,2.25,in,true,2021-09-02T00:21:53-04:00,2026-08-28T05:03:39.423Z,https://www.predatoryfins.com/products/spider-kelberi-peacock-bass-cichla-kelberi
predatory-fins,Spider Kelberi Peacock Bass (Cichla kelberi),,,Cichla kelberi,110,,USD,5 - 5.5 inches,5.25,in,false,2021-09-02T00:21:53-04:00,2026-08-28T05:03:39.423Z,https://www.predatoryfins.com/products/spider-kelberi-peacock-bass-cichla-kelberi
predatory-fins,Spider Kelberi Peacock Bass (Cichla kelberi),,,Cichla kelberi,125,,USD,4 - 4.5 inches (Select Grade),4.25,in,false,2021-09-02T00:21:53-04:00,2026-08-28T05:03:39.423Z,https://www.predatoryfins.com/products/spider-kelberi-peacock-bass-cichla-kelberi
predatory-fins,Spider Kelberi Peacock Bass (Cichla kelberi),,,Cichla kelberi,165,,USD,5 - 5.5 inches (Select Grade),5.25,in,false,2021-09-02T00:21:53-04:00,2026-08-28T05:03:39.423Z,https://www.predatoryfins.com/products/spider-kelberi-peacock-bass-cichla-kelberi
predatory-fins,Spider Kelberi Peacock Bass (Cichla kelberi),,,Cichla kelberi,125,,USD,6 - 6.5 inches,6.25,in,false,2021-09-02T00:21:53-04:00,2026-08-28T05:03:39.423Z,https://www.predatoryfins.com/products/spider-kelberi-peacock-bass-cichla-kelberi
predatory-fins,Spider Kelberi Peacock Bass (Cichla kelberi),,,Cichla kelberi,175,,USD,6 - 6.5 inches (Select Grade),6.25,in,false,2021-09-02T00:21:53-04:00,2026-08-28T05:03:39.423Z,https://www.predatoryfins.com/products/spider-kelberi-peacock-bass-cichla-kelberi
predatory-fins,Spider Kelberi Peacock Bass (Cichla kelberi),,,Cichla kelberi,150,,USD,6.5 - 7 inches,6.75,in,false,2021-09-02T00:21:53-04:00,2026-08-28T05:03:39.423Z,https://www.predatoryfins.com/products/spider-kelberi-peacock-bass-cichla-kelberi
predatory-fins,Fogo Peacock Bass (Cichla marinae),,,Cichla marinae,35,,USD,1.5 inches,1.5,in,true,2021-09-01T21:39:12-04:00,2026-08-28T05:03:39.423Z,https://www.predatoryfins.com/products/fogo-peacock-bass-cichla-marinae
predatory-fins,Fogo Peacock Bass (Cichla marinae),,,Cichla marinae,55,,USD,2 inches,2,in,false,2021-09-01T21:39:12-04:00,2026-08-28T05:03:39.423Z,https://www.predatoryfins.com/products/fogo-peacock-bass-cichla-marinae
predatory-fins,Fogo Peacock Bass (Cichla marinae),,,Cichla marinae,75,,USD,2.5 - 3 inches,2.75,in,false,2021-09-01T21:39:12-04:00,2026-08-28T05:03:39.423Z,https://www.predatoryfins.com/products/fogo-peacock-bass-cichla-marinae
predatory-fins,Fogo Peacock Bass (Cichla marinae),,,Cichla marinae,85,,USD,4 inches,4,in,false,2021-09-01T21:39:12-04:00,2026-08-28T05:03:39.423Z,https://www.predatoryfins.com/products/fogo-peacock-bass-cichla-marinae
predatory-fins,Fogo Peacock Bass (Cichla marinae),,,Cichla marinae,165,,USD,5 - 5.5 inches (Select Grade),5.25,in,false,2021-09-01T21:39:12-04:00,2026-08-28T05:03:39.423Z,https://www.predatoryfins.com/products/fogo-peacock-bass-cichla-marinae
predatory-fins,Fogo Peacock Bass (Cichla marinae),,,Cichla marinae,145,,USD,6 inches,6,in,false,2021-09-01T21:39:12-04:00,2026-08-28T05:03:39.423Z,https://www.predatoryfins.com/products/fogo-peacock-bass-cichla-marinae
predatory-fins,Fogo Peacock Bass (Cichla marinae),,,Cichla marinae,175,,USD,7 - 7.5 inches,7.25,in,false,2021-09-01T21:39:12-04:00,2026-08-28T05:03:39.423Z,https://www.predatoryfins.com/products/fogo-peacock-bass-cichla-marinae
predatory-fins,Fogo Peacock Bass (Cichla marinae),,,Cichla marinae,195,,USD,8 - 8.5 inches,8.25,in,false,2021-09-01T21:39:12-04:00,2026-08-28T05:03:39.423Z,https://www.predatoryfins.com/products/fogo-peacock-bass-cichla-marinae
predatory-fins,Black Banded Leporinus (Leporinus fasciatus),,,Leporinus fasciatus,25,,USD,"4""- 6"" inches",4,in,false,2021-05-04T16:34:43-04:00,2026-08-28T05:03:39.423Z,https://www.predatoryfins.com/products/black-banded-leporinus-leporinus-fasciatus
predatory-fins,Wild Brown Discus (Symphysodon aequifasciata),,,Symphysodon aequifasciata,45,,USD,3.5” - 4.5” inches,,,false,2021-05-04T16:34:33-04:00,2026-08-28T05:03:39.423Z,https://www.predatoryfins.com/products/wild-brown-discus-symphysodon-aequifasciata
predatory-fins,Inirida Severum (Heros sp. Inirida),,,,28,,USD,1.5 inches,1.5,in,false,2021-05-04T16:34:27-04:00,2026-08-28T05:03:39.423Z,https://www.predatoryfins.com/products/inirida-severum-heros-sp
predatory-fins,Inirida Severum (Heros sp. Inirida),,,,35,,USD,2 - 2.5 inches,2.25,in,false,2021-05-04T16:34:27-04:00,2026-08-28T05:03:39.423Z,https://www.predatoryfins.com/products/inirida-severum-heros-sp
predatory-fins,Inirida Severum (Heros sp. Inirida),,,,45,,USD,3 inches,3,in,false,2021-05-04T16:34:27-04:00,2026-08-28T05:03:39.423Z,https://www.predatoryfins.com/products/inirida-severum-heros-sp
predatory-fins,Inirida Severum (Heros sp. Inirida),,,,75,,USD,4.5 - 5 inches,4.75,in,false,2021-05-04T16:34:27-04:00,2026-08-28T05:03:39.423Z,https://www.predatoryfins.com/products/inirida-severum-heros-sp
predatory-fins,Inirida Severum (Heros sp. Inirida),,,,155,,USD,6 - 6.5 inches,6.25,in,false,2021-05-04T16:34:27-04:00,2026-08-28T05:03:39.423Z,https://www.predatoryfins.com/products/inirida-severum-heros-sp
predatory-fins,Dinema Catfish (Belodontichthys dinema),,,Belodontichthys dinema,45,,USD,"2.5"" - 3.5"" inches",2.5,in,false,2021-05-04T16:34:21-04:00,2026-08-28T05:03:39.423Z,https://www.predatoryfins.com/products/dinema-catfish-belodontichthys-dinema
predatory-fins,Bulgarian Green Seal Point Angelfish (Pterophyllum scalare sp),,,Pterophyllum scalare,18,,USD,1.5 inches,1.5,in,false,2021-05-04T16:34:15-04:00,2026-08-28T05:03:39.423Z,https://www.predatoryfins.com/products/bulgarian-green-seal-point-angelfish-pterophyllum-scalare-sp
predatory-fins,Bulgarian Green Seal Point Angelfish (Pterophyllum scalare sp),,,Pterophyllum scalare,28,,USD,2 inches,2,in,false,2021-05-04T16:34:15-04:00,2026-08-28T05:03:39.423Z,https://www.predatoryfins.com/products/bulgarian-green-seal-point-angelfish-pterophyllum-scalare-sp
predatory-fins,Bulgarian Green Seal Point Angelfish (Pterophyllum scalare sp),,,Pterophyllum scalare,32,38,USD,2.5 - 3 inches,2.75,in,false,2021-05-04T16:34:15-04:00,2026-08-28T05:03:39.423Z,https://www.predatoryfins.com/products/bulgarian-green-seal-point-angelfish-pterophyllum-scalare-sp
predatory-fins,Bulgarian Green Seal Point Angelfish (Pterophyllum scalare sp),,,Pterophyllum scalare,45,,USD,3 inches,3,in,false,2021-05-04T16:34:15-04:00,2026-08-28T05:03:39.423Z,https://www.predatoryfins.com/products/bulgarian-green-seal-point-angelfish-pterophyllum-scalare-sp
predatory-fins,Bulgarian Green Seal Point Angelfish (Pterophyllum scalare sp),,,Pterophyllum scalare,38,45,USD,4 inches,4,in,false,2021-05-04T16:34:15-04:00,2026-08-28T05:03:39.423Z,https://www.predatoryfins.com/products/bulgarian-green-seal-point-angelfish-pterophyllum-scalare-sp
predatory-fins,Lacustris Pike Cichlid (Crenicichla lacustris),,,Crenicichla lacustris,295,,USD,12 - 14 inches,13,in,false,2021-05-04T16:34:13-04:00,2026-08-28T05:03:39.423Z,https://www.predatoryfins.com/products/lacustris-pike-cichlid-crenicichla-lacustris
predatory-fins,Lacustris Pike Cichlid (Crenicichla lacustris),,,Crenicichla lacustris,195,,USD,6 - 8 inches,7,in,false,2021-05-04T16:34:13-04:00,2026-08-28T05:03:39.423Z,https://www.predatoryfins.com/products/lacustris-pike-cichlid-crenicichla-lacustris
predatory-fins,Short Body Butterfly Peacock Bass (Cichla ocellaris),,,Cichla ocellaris,185,,USD,"5"" inches",5,in,false,2021-05-04T16:34:12-04:00,2026-08-28T05:03:39.423Z,https://www.predatoryfins.com/products/short-body-butterfly-peacock-bass-cichla-ocellaris
predatory-fins,Short Body Flagtail Prochilodus (Semaprochilodus taeniurus),,,Semaprochilodus taeniurus,75,,USD,2 inches,2,in,false,2021-05-04T16:34:02-04:00,2026-08-28T05:03:39.423Z,https://www.predatoryfins.com/products/short-body-flagtail-prochilodus-semaprochilodus-taeniurus
predatory-fins,Short Body Flagtail Prochilodus (Semaprochilodus taeniurus),,,Semaprochilodus taeniurus,175,,USD,4.5 - 5 inches,4.75,in,false,2021-05-04T16:34:02-04:00,2026-08-28T05:03:39.423Z,https://www.predatoryfins.com/products/short-body-flagtail-prochilodus-semaprochilodus-taeniurus
predatory-fins,Red Fin Borleyi 'Kadango' Cichlid (Copadichromis borleyi),,,Copadichromis borleyi,140,,USD,"4"" inches",4,in,false,2021-05-04T16:34:00-04:00,2026-08-28T05:03:39.423Z,https://www.predatoryfins.com/products/red-fin-borleyi-kadango-cichlid-copadichromis-borleyi
predatory-fins,Golden Nigrita Synodontis Catfish (Synodontis nigrita),,,Synodontis nigrita,250,,USD,"7"" inches",7,in,false,2021-05-04T16:33:56-04:00,2026-08-28T05:03:39.423Z,https://www.predatoryfins.com/products/golden-nigrita-synodontis-catfish-synodontis-nigrita
predatory-fins,Albino Red Head Tapajos Geophagus Cichlid (Geophagus sp),sp_geophagus_tapajos,alias,,45,,USD,1.5 inches,1.5,in,false,2021-05-04T16:33:52-04:00,2026-08-28T05:03:39.423Z,https://www.predatoryfins.com/products/albino-red-head-tapajos-geophagus-cichlid-geophagus-sp
predatory-fins,Albino Red Head Tapajos Geophagus Cichlid (Geophagus sp),sp_geophagus_tapajos,alias,,65,,USD,2.5 inches,2.5,in,false,2021-05-04T16:33:52-04:00,2026-08-28T05:03:39.423Z,https://www.predatoryfins.com/products/albino-red-head-tapajos-geophagus-cichlid-geophagus-sp
predatory-fins,Albino Red Head Tapajos Geophagus Cichlid (Geophagus sp),sp_geophagus_tapajos,alias,,85,,USD,3 - 3.5 inches,3.25,in,false,2021-05-04T16:33:52-04:00,2026-08-28T05:03:39.423Z,https://www.predatoryfins.com/products/albino-red-head-tapajos-geophagus-cichlid-geophagus-sp
predatory-fins,Albino Red Head Tapajos Geophagus Cichlid (Geophagus sp),sp_geophagus_tapajos,alias,,110,,USD,4 - 4.5 inches,4.25,in,false,2021-05-04T16:33:52-04:00,2026-08-28T05:03:39.423Z,https://www.predatoryfins.com/products/albino-red-head-tapajos-geophagus-cichlid-geophagus-sp
predatory-fins,Albino Red Head Tapajos Geophagus Cichlid (Geophagus sp),sp_geophagus_tapajos,alias,,175,,USD,5.5 - 6 inches,5.75,in,false,2021-05-04T16:33:52-04:00,2026-08-28T05:03:39.423Z,https://www.predatoryfins.com/products/albino-red-head-tapajos-geophagus-cichlid-geophagus-sp
predatory-fins,Red and White Parrot Cichlid (Cichlasoma sp),,,,75,,USD,3 - 3.5 inches,3.25,in,false,2021-05-04T16:33:50-04:00,2026-08-28T05:03:39.423Z,https://www.predatoryfins.com/products/red-and-white-parrot-cichlid-cichlasoma-sp
predatory-fins,Red and White Parrot Cichlid (Cichlasoma sp),,,,85,,USD,4 - 4.5 inches,4.25,in,false,2021-05-04T16:33:50-04:00,2026-08-28T05:03:39.423Z,https://www.predatoryfins.com/products/red-and-white-parrot-cichlid-cichlasoma-sp
predatory-fins,Red and White Parrot Cichlid (Cichlasoma sp),,,,95,,USD,5 - 5.5 inches,5.25,in,true,2021-05-04T16:33:50-04:00,2026-08-28T05:03:39.423Z,https://www.predatoryfins.com/products/red-and-white-parrot-cichlid-cichlasoma-sp
predatory-fins,Red and White Parrot Cichlid (Cichlasoma sp),,,,195,,USD,7 - 7.5 inches,7.25,in,false,2021-05-04T16:33:50-04:00,2026-08-28T05:03:39.423Z,https://www.predatoryfins.com/products/red-and-white-parrot-cichlid-cichlasoma-sp
predatory-fins,Red and White Parrot Cichlid (Cichlasoma sp),,,,395,,USD,8 - 9 inches,8.5,in,false,2021-05-04T16:33:50-04:00,2026-08-28T05:03:39.423Z,https://www.predatoryfins.com/products/red-and-white-parrot-cichlid-cichlasoma-sp
predatory-fins,Wild Azul Peacock bass (Cichla piquiti),,,Cichla piquiti,28,,USD,2 inches,2,in,false,2021-05-04T16:33:46-04:00,2026-08-28T05:03:39.423Z,https://www.predatoryfins.com/products/wild-azul-peacock-bass-cichla-piquiti
predatory-fins,Wild Azul Peacock bass (Cichla piquiti),,,Cichla piquiti,48,,USD,3-3.5 inches,3.25,in,false,2021-05-04T16:33:46-04:00,2026-08-28T05:03:39.423Z,https://www.predatoryfins.com/products/wild-azul-peacock-bass-cichla-piquiti
predatory-fins,Wild Azul Peacock bass (Cichla piquiti),,,Cichla piquiti,95,,USD,4 - 4.5 inches,4.25,in,false,2021-05-04T16:33:46-04:00,2026-08-28T05:03:39.423Z,https://www.predatoryfins.com/products/wild-azul-peacock-bass-cichla-piquiti
predatory-fins,Wild Azul Peacock bass (Cichla piquiti),,,Cichla piquiti,135,,USD,5 inches,5,in,false,2021-05-04T16:33:46-04:00,2026-08-28T05:03:39.423Z,https://www.predatoryfins.com/products/wild-azul-peacock-bass-cichla-piquiti
predatory-fins,Wild Vazzoleri Peacock Bass (Cichla vazzoleri),,,Cichla vazzoleri,70,,USD,2 inches,2,in,false,2021-05-04T16:33:44-04:00,2026-08-28T05:03:39.423Z,https://www.predatoryfins.com/products/wild-vazzoleri-peacock-bass-cichla-vazzoleri
predatory-fins,Wild Vazzoleri Peacock Bass (Cichla vazzoleri),,,Cichla vazzoleri,95,,USD,3  inches,3,in,false,2021-05-04T16:33:44-04:00,2026-08-28T05:03:39.423Z,https://www.predatoryfins.com/products/wild-vazzoleri-peacock-bass-cichla-vazzoleri
predatory-fins,Wild Vazzoleri Peacock Bass (Cichla vazzoleri),,,Cichla vazzoleri,135,,USD,4.5 inches,4.5,in,false,2021-05-04T16:33:44-04:00,2026-08-28T05:03:39.423Z,https://www.predatoryfins.com/products/wild-vazzoleri-peacock-bass-cichla-vazzoleri
predatory-fins,Wild Vazzoleri Peacock Bass (Cichla vazzoleri),,,Cichla vazzoleri,195,,USD,5.5 - 6 inches,5.75,in,false,2021-05-04T16:33:44-04:00,2026-08-28T05:03:39.423Z,https://www.predatoryfins.com/products/wild-vazzoleri-peacock-bass-cichla-vazzoleri
predatory-fins,Axanthic Mono Peacock Bass (Cichla monoculus),,,Cichla monoculus,155,250,USD,4 -  4.5 inches,4.25,in,false,2021-05-04T16:33:41-04:00,2026-08-28T05:03:39.423Z,https://www.predatoryfins.com/products/axanthic-mono-peacock-bass-cichla-monoculus
predatory-fins,Axanthic Mono Peacock Bass (Cichla monoculus),,,Cichla monoculus,225,,USD,5 - 5.5 inches,5.25,in,false,2021-05-04T16:33:41-04:00,2026-08-28T05:03:39.423Z,https://www.predatoryfins.com/products/axanthic-mono-peacock-bass-cichla-monoculus
predatory-fins,Axanthic Mono Peacock Bass (Cichla monoculus),,,Cichla monoculus,350,,USD,6 - 7 inches,6.5,in,false,2021-05-04T16:33:41-04:00,2026-08-28T05:03:39.423Z,https://www.predatoryfins.com/products/axanthic-mono-peacock-bass-cichla-monoculus
predatory-fins,Leucistic Black Pacu (Colossoma macropomum),,,Colossoma macropomum,275,,USD,4 inches,4,in,false,2021-05-04T16:33:39-04:00,2026-08-28T05:03:39.423Z,https://www.predatoryfins.com/products/leucistic-black-pacu-colossoma-macropomum
predatory-fins,Corruscans x Reticulatum Shovelnose Catfish (Pseudoplatystoma corruscans sp),,,Pseudoplatystoma corruscans,150,,USD,"5-5.5""",5.25,in,false,2021-05-04T16:33:38-04:00,2026-08-28T05:03:39.423Z,https://www.predatoryfins.com/products/corruscans-reticulatum-shovelnose-catfish-pseudoplatystoma-corruscans-sp
predatory-fins,Orinoco Unicorn Dolphin Catfish (Ageneiosus magoi),,,Ageneiosus magoi,75,95,USD,6 inches,6,in,false,2021-05-04T16:33:29-04:00,2026-08-28T05:03:39.423Z,https://www.predatoryfins.com/products/orinoco-unicorn-dolphin-cat-ageneiosus-magoi
predatory-fins,L199 Yellow Zebra Pleco (Hypancistrus furunculus),,,Hypancistrus furunculus,28,,USD,2.5 inches,2.5,in,false,2021-05-04T16:33:26-04:00,2026-08-28T05:03:39.423Z,https://www.predatoryfins.com/products/l199-yellow-zebra-pleco-hypancistrus-furunculus
predatory-fins,L199 Yellow Zebra Pleco (Hypancistrus furunculus),,,Hypancistrus furunculus,38,,USD,3 - 3.5 inches,3.25,in,false,2021-05-04T16:33:26-04:00,2026-08-28T05:03:39.423Z,https://www.predatoryfins.com/products/l199-yellow-zebra-pleco-hypancistrus-furunculus
predatory-fins,L199 Yellow Zebra Pleco (Hypancistrus furunculus),,,Hypancistrus furunculus,45,,USD,4 - 4.5 inches,4.25,in,false,2021-05-04T16:33:26-04:00,2026-08-28T05:03:39.423Z,https://www.predatoryfins.com/products/l199-yellow-zebra-pleco-hypancistrus-furunculus
predatory-fins,L243 Orange Zebra Pleco (Peckoltia Wernekei),,,,30,,USD,"2"" to 3"" inches",2,in,false,2021-05-04T16:32:51-04:00,2026-08-28T05:03:39.423Z,https://www.predatoryfins.com/products/l243-orange-zebra-pleco-peckoltia-wernekei
predatory-fins,Armored Catfish (Pseudacanthicus histrix),,,Pseudacanthicus histrix,1200,,USD,Default Title,,,false,2021-05-04T16:32:47-04:00,2026-08-28T05:03:39.423Z,https://www.predatoryfins.com/products/armored-catfish-pseudacanthicus-histrix
predatory-fins,Short Body Phantom Redtail Catfish (Phractocephalus hemioliopterus),,,Phractocephalus hemioliopterus,900,,USD,4 inches,4,in,false,2021-05-04T16:32:44-04:00,2026-08-28T05:03:39.423Z,https://www.predatoryfins.com/products/short-body-phantom-redtail-catfish-phractocephalus-hemioliopterus
predatory-fins,Short Body Redtail Catfish (Phractocephalus hemioliopterus),,,Phractocephalus hemioliopterus,395,,USD,3 - 3.5 inches,3.25,in,false,2021-05-04T16:32:43-04:00,2026-08-28T05:03:39.423Z,https://www.predatoryfins.com/products/short-body-redtail-catfish-phractocephalus-hemioliopterus
predatory-fins,Short Body Redtail Catfish (Phractocephalus hemioliopterus),,,Phractocephalus hemioliopterus,495,,USD,4 - 4.5 inches (Super Short),4.25,in,false,2021-05-04T16:32:43-04:00,2026-08-28T05:03:39.423Z,https://www.predatoryfins.com/products/short-body-redtail-catfish-phractocephalus-hemioliopterus
predatory-fins,Short Body Redtail Catfish (Phractocephalus hemioliopterus),,,Phractocephalus hemioliopterus,595,,USD,5 - 6 inches (Super Short),5.5,in,false,2021-05-04T16:32:43-04:00,2026-08-28T05:03:39.423Z,https://www.predatoryfins.com/products/short-body-redtail-catfish-phractocephalus-hemioliopterus
predatory-fins,L007 / L240 Toothnose Galaxy Pleco (Leporacanthicus galaxias),,,Leporacanthicus galaxias,45,,USD,2 - 2.5 inches,2.25,in,false,2021-05-04T16:32:32-04:00,2026-08-28T05:03:39.423Z,https://www.predatoryfins.com/products/l007-l240-vampire-pleco-leporacanthicus-galaxias
predatory-fins,L007 / L240 Toothnose Galaxy Pleco (Leporacanthicus galaxias),,,Leporacanthicus galaxias,55,,USD,3 - 3.5 inches,3.25,in,false,2021-05-04T16:32:32-04:00,2026-08-28T05:03:39.423Z,https://www.predatoryfins.com/products/l007-l240-vampire-pleco-leporacanthicus-galaxias
predatory-fins,L007 / L240 Toothnose Galaxy Pleco (Leporacanthicus galaxias),,,Leporacanthicus galaxias,75,,USD,5.5 - 6 inches,5.75,in,false,2021-05-04T16:32:32-04:00,2026-08-28T05:03:39.423Z,https://www.predatoryfins.com/products/l007-l240-vampire-pleco-leporacanthicus-galaxias
predatory-fins,L007 / L240 Toothnose Galaxy Pleco (Leporacanthicus galaxias),,,Leporacanthicus galaxias,125,,USD,6 - 6.5 inches (special),6.25,in,false,2021-05-04T16:32:32-04:00,2026-08-28T05:03:39.423Z,https://www.predatoryfins.com/products/l007-l240-vampire-pleco-leporacanthicus-galaxias
predatory-fins,L075 / L124 Para Pleco (Peckoltia sabaji),,,Peckoltia sabaji,35,,USD,2.5 inches,2.5,in,false,2021-05-04T16:32:29-04:00,2026-08-28T05:03:39.423Z,https://www.predatoryfins.com/products/l075-l124-para-pleco-peckoltia-sabaji
predatory-fins,L075 / L124 Para Pleco (Peckoltia sabaji),,,Peckoltia sabaji,45,,USD,3 - 3.5 inches,3.25,in,false,2021-05-04T16:32:29-04:00,2026-08-28T05:03:39.423Z,https://www.predatoryfins.com/products/l075-l124-para-pleco-peckoltia-sabaji
predatory-fins,L075 / L124 Para Pleco (Peckoltia sabaji),,,Peckoltia sabaji,55,,USD,4 - 4.5 inches,4.25,in,false,2021-05-04T16:32:29-04:00,2026-08-28T05:03:39.423Z,https://www.predatoryfins.com/products/l075-l124-para-pleco-peckoltia-sabaji
predatory-fins,L075 / L124 Para Pleco (Peckoltia sabaji),,,Peckoltia sabaji,65,,USD,5 - 5.5 inches,5.25,in,false,2021-05-04T16:32:29-04:00,2026-08-28T05:03:39.423Z,https://www.predatoryfins.com/products/l075-l124-para-pleco-peckoltia-sabaji
predatory-fins,L075 / L124 Para Pleco (Peckoltia sabaji),,,Peckoltia sabaji,75,,USD,6 - 6.5 inches,6.25,in,false,2021-05-04T16:32:29-04:00,2026-08-28T05:03:39.423Z,https://www.predatoryfins.com/products/l075-l124-para-pleco-peckoltia-sabaji
predatory-fins,Wide Bar Silver Dollar (Myleus schomburgkii),,,Myleus schomburgkii,45,,USD,3 - 3.5 inches,3.25,in,false,2021-05-04T16:32:25-04:00,2026-08-28T05:03:39.423Z,https://www.predatoryfins.com/products/wide-bar-silver-dollar-myleus-schomburgkii
predatory-fins,Wide Bar Silver Dollar (Myleus schomburgkii),,,Myleus schomburgkii,65,,USD,4 inches,4,in,false,2021-05-04T16:32:25-04:00,2026-08-28T05:03:39.423Z,https://www.predatoryfins.com/products/wide-bar-silver-dollar-myleus-schomburgkii
predatory-fins,Wide Bar Silver Dollar (Myleus schomburgkii),,,Myleus schomburgkii,55,,USD,5 - 5.5 inches,5.25,in,false,2021-05-04T16:32:25-04:00,2026-08-28T05:03:39.423Z,https://www.predatoryfins.com/products/wide-bar-silver-dollar-myleus-schomburgkii
predatory-fins,Lenticulata Pike Cichlid (Crenicichla lenticulata),,,Crenicichla lenticulata,155,,USD,8 to 10 inches,9,in,false,2021-05-04T16:32:20-04:00,2026-08-28T05:03:39.423Z,https://www.predatoryfins.com/products/lenticulata-pike-cichlid-crenicichla-lenticulata
predatory-fins,Florida Spotted Gar (Lepisosteus platyrhincus),,,Lepisosteus platyrhincus,28,,USD,3 - 3.5 inches,3.25,in,false,2021-05-04T16:32:10-04:00,2026-08-28T05:03:39.423Z,https://www.predatoryfins.com/products/florida-spotted-gar-lepisosteus-platyrhincus
predatory-fins,Florida Spotted Gar (Lepisosteus platyrhincus),,,Lepisosteus platyrhincus,38,,USD,4 - 4.5 inches,4.25,in,false,2021-05-04T16:32:10-04:00,2026-08-28T05:03:39.423Z,https://www.predatoryfins.com/products/florida-spotted-gar-lepisosteus-platyrhincus
predatory-fins,Florida Spotted Gar (Lepisosteus platyrhincus),,,Lepisosteus platyrhincus,58,,USD,7 - 8 inches,7.5,in,false,2021-05-04T16:32:10-04:00,2026-08-28T05:03:39.423Z,https://www.predatoryfins.com/products/florida-spotted-gar-lepisosteus-platyrhincus
predatory-fins,Florida Spotted Gar (Lepisosteus platyrhincus),,,Lepisosteus platyrhincus,78,,USD,10 - 11 inches,10.5,in,false,2021-05-04T16:32:10-04:00,2026-08-28T05:03:39.423Z,https://www.predatoryfins.com/products/florida-spotted-gar-lepisosteus-platyrhincus
predatory-fins,Florida Spotted Gar (Lepisosteus platyrhincus),,,Lepisosteus platyrhincus,135,,USD,13 - 14 inches,13.5,in,false,2021-05-04T16:32:10-04:00,2026-08-28T05:03:39.423Z,https://www.predatoryfins.com/products/florida-spotted-gar-lepisosteus-platyrhincus
predatory-fins,Florida Spotted Gar (Lepisosteus platyrhincus),,,Lepisosteus platyrhincus,75,,USD,15 - 17 inches,16,in,false,2021-05-04T16:32:10-04:00,2026-08-28T05:03:39.423Z,https://www.predatoryfins.com/products/florida-spotted-gar-lepisosteus-platyrhincus
predatory-fins,Florida Spotted Gar (Lepisosteus platyrhincus),,,Lepisosteus platyrhincus,250,,USD,22 - 24 inches,23,in,false,2021-05-04T16:32:10-04:00,2026-08-28T05:03:39.423Z,https://www.predatoryfins.com/products/florida-spotted-gar-lepisosteus-platyrhincus
predatory-fins,Florida Spotted Gar (Lepisosteus platyrhincus),,,Lepisosteus platyrhincus,20,,USD,4 - 4.5 inches (bent nose),4.25,in,false,2021-05-04T16:32:10-04:00,2026-08-28T05:03:39.423Z,https://www.predatoryfins.com/products/florida-spotted-gar-lepisosteus-platyrhincus
predatory-fins,Albino Asian Redtail Catfish (Hemibagrus wyckioides),,,Hemibagrus wyckioides,800,,USD,"6"" inches",6,in,false,2021-05-04T16:30:31-04:00,2026-08-28T05:03:39.423Z,https://www.predatoryfins.com/products/albino-asian-redtail-catfish-hemibagrus-wyckioides
predatory-fins,Bumblebee Oscar (Astronotus orbicularis),,,Astronotus orbicularis,28,35,USD,2 inches,2,in,false,2021-05-04T16:30:28-04:00,2026-08-28T05:03:39.423Z,https://www.predatoryfins.com/products/bumblebee-oscar-astronotus-orbicularis
predatory-fins,Bumblebee Oscar (Astronotus orbicularis),,,Astronotus orbicularis,35,45,USD,2.5 inches,2.5,in,false,2021-05-04T16:30:28-04:00,2026-08-28T05:03:39.423Z,https://www.predatoryfins.com/products/bumblebee-oscar-astronotus-orbicularis
predatory-fins,Bumblebee Oscar (Astronotus orbicularis),,,Astronotus orbicularis,45,,USD,3.5 - 4 inches,3.75,in,false,2021-05-04T16:30:28-04:00,2026-08-28T05:03:39.423Z,https://www.predatoryfins.com/products/bumblebee-oscar-astronotus-orbicularis
predatory-fins,Bumblebee Oscar (Astronotus orbicularis),,,Astronotus orbicularis,75,0,USD,4.5 - 5 inches,4.75,in,false,2021-05-04T16:30:28-04:00,2026-08-28T05:03:39.423Z,https://www.predatoryfins.com/products/bumblebee-oscar-astronotus-orbicularis
predatory-fins,Bumblebee Oscar (Astronotus orbicularis),,,Astronotus orbicularis,115,0,USD,6 - 6.5 inches,6.25,in,false,2021-05-04T16:30:28-04:00,2026-08-28T05:03:39.423Z,https://www.predatoryfins.com/products/bumblebee-oscar-astronotus-orbicularis
predatory-fins,Short Body Red Oscar Cichlid (Astronotus ocellatus),,,Astronotus ocellatus,175,,USD,8” inches,,,false,2021-05-04T16:30:16-04:00,2026-08-28T05:03:39.423Z,https://www.predatoryfins.com/products/short-body-red-oscar-cichlid-astronotus-ocellatus
predatory-fins,Galaxy P14 Hybrid Stingray (Potamotrygon albimaculata sp),,,Potamotrygon albimaculata,1100,,USD,Default Title,,,false,2021-05-04T16:30:02-04:00,2026-08-28T05:03:39.423Z,https://www.predatoryfins.com/products/galaxy-p14-hybrid-stingray-potamotrygon-albimaculata-sp
predatory-fins,Boesemani Stingray (Potamotrygon boesemani),,,Potamotrygon boesemani,750,,USD,"5 - 5.5""",5.25,in,false,2021-05-04T16:29:55-04:00,2026-08-28T05:03:39.423Z,https://www.predatoryfins.com/products/boesemani-stingray-potamotrygon-boesemani
predatory-fins,Boesemani Stingray (Potamotrygon boesemani),,,Potamotrygon boesemani,900,,USD,"6 - 7""",6.5,in,false,2021-05-04T16:29:55-04:00,2026-08-28T05:03:39.423Z,https://www.predatoryfins.com/products/boesemani-stingray-potamotrygon-boesemani
predatory-fins,Boesemani Stingray (Potamotrygon boesemani),,,Potamotrygon boesemani,1150,,USD,"8 - 9""",8.5,in,false,2021-05-04T16:29:55-04:00,2026-08-28T05:03:39.423Z,https://www.predatoryfins.com/products/boesemani-stingray-potamotrygon-boesemani
predatory-fins,Boesemani Stingray (Potamotrygon boesemani),,,Potamotrygon boesemani,1375,,USD,"10 - 11""",10.5,in,false,2021-05-04T16:29:55-04:00,2026-08-28T05:03:39.423Z,https://www.predatoryfins.com/products/boesemani-stingray-potamotrygon-boesemani
predatory-fins,Black Diamond Stingray (Potamotrygon leopoldi),,,Potamotrygon leopoldi,595,,USD,5 - 5.5 inches,5.25,in,false,2021-05-04T16:29:48-04:00,2026-08-28T05:03:39.423Z,https://www.predatoryfins.com/products/black-diamond-stingray-potamotrygon-leopoldi
predatory-fins,Black Diamond Stingray (Potamotrygon leopoldi),,,Potamotrygon leopoldi,750,,USD,5 - 5.5 inches (Select Grade),5.25,in,false,2021-05-04T16:29:48-04:00,2026-08-28T05:03:39.423Z,https://www.predatoryfins.com/products/black-diamond-stingray-potamotrygon-leopoldi
predatory-fins,Black Diamond Stingray (Potamotrygon leopoldi),,,Potamotrygon leopoldi,950,,USD,8 - 9 inches,8.5,in,false,2021-05-04T16:29:48-04:00,2026-08-28T05:03:39.423Z,https://www.predatoryfins.com/products/black-diamond-stingray-potamotrygon-leopoldi
predatory-fins,Black Diamond Stingray (Potamotrygon leopoldi),,,Potamotrygon leopoldi,1250,,USD,B6 Male (6.5 - 7 inches Line pattern),,,false,2021-05-04T16:29:48-04:00,2026-08-28T05:03:39.423Z,https://www.predatoryfins.com/products/black-diamond-stingray-potamotrygon-leopoldi
predatory-fins,Fishers Wood Catfish (Trachelyopterus fisheri),,,Trachelyopterus fisheri,40,,USD,"5"" inches",5,in,false,2021-05-04T16:28:58-04:00,2026-08-28T05:03:39.423Z,https://www.predatoryfins.com/products/fishers-wood-catfish-trachelyopterus-fisheri
predatory-fins,Fishers Wood Catfish (Trachelyopterus fisheri),,,Trachelyopterus fisheri,40,,USD,"2"" inches",2,in,false,2021-05-04T16:28:58-04:00,2026-08-28T05:03:39.423Z,https://www.predatoryfins.com/products/fishers-wood-catfish-trachelyopterus-fisheri
predatory-fins,Black Widow Frontosa Cichlid (Cyphotilapia frontosa),,,Cyphotilapia frontosa,39,,USD,1.5 inches,1.5,in,false,2021-05-04T16:28:57-04:00,2026-08-28T05:03:39.423Z,https://www.predatoryfins.com/products/black-widow-frontosa-cichlid-cyphotilapia-frontosa
predatory-fins,Black Widow Frontosa Cichlid (Cyphotilapia frontosa),,,Cyphotilapia frontosa,85,,USD,3 inches,3,in,false,2021-05-04T16:28:57-04:00,2026-08-28T05:03:39.423Z,https://www.predatoryfins.com/products/black-widow-frontosa-cichlid-cyphotilapia-frontosa
predatory-fins,Black Widow Frontosa Cichlid (Cyphotilapia frontosa),,,Cyphotilapia frontosa,95,,USD,3.5 - 4 inches,3.75,in,false,2021-05-04T16:28:57-04:00,2026-08-28T05:03:39.423Z,https://www.predatoryfins.com/products/black-widow-frontosa-cichlid-cyphotilapia-frontosa
predatory-fins,Black Widow Frontosa Cichlid (Cyphotilapia frontosa),,,Cyphotilapia frontosa,350,,USD,6 - 7 inches,6.5,in,false,2021-05-04T16:28:57-04:00,2026-08-28T05:03:39.423Z,https://www.predatoryfins.com/products/black-widow-frontosa-cichlid-cyphotilapia-frontosa
predatory-fins,Short-Tail Ryukin Goldfish (Carassius auratus),,,Carassius auratus,12,,USD,2.5 - 3 inches,2.75,in,false,2021-05-04T16:28:53-04:00,2026-08-28T05:03:39.423Z,https://www.predatoryfins.com/products/short-tail-ryukin-goldfish-carassius-auratus
predatory-fins,Short-Tail Ryukin Goldfish (Carassius auratus),,,Carassius auratus,12,,USD,2.5 - 3 inches,2.75,in,false,2021-05-04T16:28:53-04:00,2026-08-28T05:03:39.423Z,https://www.predatoryfins.com/products/short-tail-ryukin-goldfish-carassius-auratus
predatory-fins,Short-Tail Ryukin Goldfish (Carassius auratus),,,Carassius auratus,12,,USD,2.5 - 3 inches,2.75,in,false,2021-05-04T16:28:53-04:00,2026-08-28T05:03:39.423Z,https://www.predatoryfins.com/products/short-tail-ryukin-goldfish-carassius-auratus
predatory-fins,Short-Tail Ryukin Goldfish (Carassius auratus),,,Carassius auratus,12,,USD,2.5 - 3 inches,2.75,in,false,2021-05-04T16:28:53-04:00,2026-08-28T05:03:39.423Z,https://www.predatoryfins.com/products/short-tail-ryukin-goldfish-carassius-auratus
predatory-fins,Short-Tail Ryukin Goldfish (Carassius auratus),,,Carassius auratus,12,,USD,2.5 - 3 inches,2.75,in,false,2021-05-04T16:28:53-04:00,2026-08-28T05:03:39.423Z,https://www.predatoryfins.com/products/short-tail-ryukin-goldfish-carassius-auratus
predatory-fins,Electric Eel (Electrophorus electricus),,,Electrophorus electricus,60,,USD,3 inches,3,in,false,2021-05-04T16:28:34-04:00,2026-08-28T05:03:39.423Z,https://www.predatoryfins.com/products/electric-eel-electrophorus-electricus
predatory-fins,Electric Eel (Electrophorus electricus),,,Electrophorus electricus,75,,USD,3.5 - 4 inches,3.75,in,false,2021-05-04T16:28:34-04:00,2026-08-28T05:03:39.423Z,https://www.predatoryfins.com/products/electric-eel-electrophorus-electricus
predatory-fins,Electric Eel (Electrophorus electricus),,,Electrophorus electricus,95,,USD,5 - 5.5 inches,5.25,in,false,2021-05-04T16:28:34-04:00,2026-08-28T05:03:39.423Z,https://www.predatoryfins.com/products/electric-eel-electrophorus-electricus
predatory-fins,Electric Eel (Electrophorus electricus),,,Electrophorus electricus,180,,USD,8 - 9 inches,8.5,in,false,2021-05-04T16:28:34-04:00,2026-08-28T05:03:39.423Z,https://www.predatoryfins.com/products/electric-eel-electrophorus-electricus
predatory-fins,Electric Eel (Electrophorus electricus),,,Electrophorus electricus,250,,USD,11 - 12 inches,11.5,in,false,2021-05-04T16:28:34-04:00,2026-08-28T05:03:39.423Z,https://www.predatoryfins.com/products/electric-eel-electrophorus-electricus
predatory-fins,Electric Eel (Electrophorus electricus),,,Electrophorus electricus,325,,USD,14 - 15 inches,14.5,in,false,2021-05-04T16:28:34-04:00,2026-08-28T05:03:39.423Z,https://www.predatoryfins.com/products/electric-eel-electrophorus-electricus
predatory-fins,Electric Eel (Electrophorus electricus),,,Electrophorus electricus,395,,USD,18 inches,18,in,false,2021-05-04T16:28:34-04:00,2026-08-28T05:03:39.423Z,https://www.predatoryfins.com/products/electric-eel-electrophorus-electricus
predatory-fins,Lima Shovelnose Catfish (Sorubim lima),,,Sorubim lima,30,,USD,"4"" - 5"" Inches",4,in,false,2021-05-04T16:28:05-04:00,2026-08-28T05:03:39.423Z,https://www.predatoryfins.com/products/lima-shovelnose-catfish-sorubim-lima
predatory-fins,Albino Short Body Sailfin Pleco (Glyptoperichthys gibbiceps),,,Glyptoperichthys gibbiceps,85,,USD,3 - 4 inches,3.5,in,false,2021-05-04T16:26:56-04:00,2026-08-28T05:03:39.423Z,https://www.predatoryfins.com/products/albino-short-body-sailfin-pleco
predatory-fins,Super Spot Black Diamond Stingray (Potamotrygon leopoldi),,,Potamotrygon leopoldi,1200,,USD,4.5 - 5 inches,4.75,in,false,2021-05-04T16:26:34-04:00,2026-08-28T05:03:39.423Z,https://www.predatoryfins.com/products/big-spot-black-diamond-stingray-potamotrygon-leopoldi
predatory-fins,Super Spot Black Diamond Stingray (Potamotrygon leopoldi),,,Potamotrygon leopoldi,1800,,USD,B1 (6.5 inches Male),,,false,2021-05-04T16:26:34-04:00,2026-08-28T05:03:39.423Z,https://www.predatoryfins.com/products/big-spot-black-diamond-stingray-potamotrygon-leopoldi
predatory-fins,Super Spot Black Diamond Stingray (Potamotrygon leopoldi),,,Potamotrygon leopoldi,1650,,USD,B2 (6 inches Male),,,false,2021-05-04T16:26:34-04:00,2026-08-28T05:03:39.423Z,https://www.predatoryfins.com/products/big-spot-black-diamond-stingray-potamotrygon-leopoldi
predatory-fins,Super Spot Black Diamond Stingray (Potamotrygon leopoldi),,,Potamotrygon leopoldi,1650,,USD,B3 (6.5 inches Male),,,false,2021-05-04T16:26:34-04:00,2026-08-28T05:03:39.423Z,https://www.predatoryfins.com/products/big-spot-black-diamond-stingray-potamotrygon-leopoldi
predatory-fins,Super Spot Black Diamond Stingray (Potamotrygon leopoldi),,,Potamotrygon leopoldi,1500,,USD,B4 (5.5 inches Male),,,false,2021-05-04T16:26:34-04:00,2026-08-28T05:03:39.423Z,https://www.predatoryfins.com/products/big-spot-black-diamond-stingray-potamotrygon-leopoldi
predatory-fins,Super Spot Black Diamond Stingray (Potamotrygon leopoldi),,,Potamotrygon leopoldi,1200,,USD,B5 (6 inches Male),,,false,2021-05-04T16:26:34-04:00,2026-08-28T05:03:39.423Z,https://www.predatoryfins.com/products/big-spot-black-diamond-stingray-potamotrygon-leopoldi
predatory-fins,Super Spot Black Diamond Stingray (Potamotrygon leopoldi),,,Potamotrygon leopoldi,2500,,USD,B6 (6 inches Male),,,false,2021-05-04T16:26:34-04:00,2026-08-28T05:03:39.423Z,https://www.predatoryfins.com/products/big-spot-black-diamond-stingray-potamotrygon-leopoldi
predatory-fins,Super Spot Black Diamond Stingray (Potamotrygon leopoldi),,,Potamotrygon leopoldi,2500,,USD,B7 (6 inches Male),,,false,2021-05-04T16:26:34-04:00,2026-08-28T05:03:39.423Z,https://www.predatoryfins.com/products/big-spot-black-diamond-stingray-potamotrygon-leopoldi
predatory-fins,Super Spot Black Diamond Stingray (Potamotrygon leopoldi),,,Potamotrygon leopoldi,1200,,USD,B8 (5 inches Male),,,false,2021-05-04T16:26:34-04:00,2026-08-28T05:03:39.423Z,https://www.predatoryfins.com/products/big-spot-black-diamond-stingray-potamotrygon-leopoldi
predatory-fins,Super Spot Black Diamond Stingray (Potamotrygon leopoldi),,,Potamotrygon leopoldi,1800,,USD,B9 (6.5 - 7 inches Male),,,true,2021-05-04T16:26:34-04:00,2026-08-28T05:03:39.423Z,https://www.predatoryfins.com/products/big-spot-black-diamond-stingray-potamotrygon-leopoldi
predatory-fins,Super Spot Black Diamond Stingray (Potamotrygon leopoldi),,,Potamotrygon leopoldi,2200,,USD,B10 (6.5 inches Male),,,false,2021-05-04T16:26:34-04:00,2026-08-28T05:03:39.423Z,https://www.predatoryfins.com/products/big-spot-black-diamond-stingray-potamotrygon-leopoldi
predatory-fins,Super Spot Black Diamond Stingray (Potamotrygon leopoldi),,,Potamotrygon leopoldi,2300,,USD,B11 (6 inches Male),,,false,2021-05-04T16:26:34-04:00,2026-08-28T05:03:39.423Z,https://www.predatoryfins.com/products/big-spot-black-diamond-stingray-potamotrygon-leopoldi
predatory-fins,Super Spot Black Diamond Stingray (Potamotrygon leopoldi),,,Potamotrygon leopoldi,1800,,USD,B12 (5.5 inches Male),,,true,2021-05-04T16:26:34-04:00,2026-08-28T05:03:39.423Z,https://www.predatoryfins.com/products/big-spot-black-diamond-stingray-potamotrygon-leopoldi
predatory-fins,Super Spot Black Diamond Stingray (Potamotrygon leopoldi),,,Potamotrygon leopoldi,2500,,USD,B13 (7 inches Male),,,false,2021-05-04T16:26:34-04:00,2026-08-28T05:03:39.423Z,https://www.predatoryfins.com/products/big-spot-black-diamond-stingray-potamotrygon-leopoldi
predatory-fins,Super Spot Black Diamond Stingray (Potamotrygon leopoldi),,,Potamotrygon leopoldi,7600,,USD,B14 (14 inches Female),,,true,2021-05-04T16:26:34-04:00,2026-08-28T05:03:39.423Z,https://www.predatoryfins.com/products/big-spot-black-diamond-stingray-potamotrygon-leopoldi
predatory-fins,Super Spot Black Diamond Stingray (Potamotrygon leopoldi),,,Potamotrygon leopoldi,7600,,USD,B15 (14 inches Female),,,true,2021-05-04T16:26:34-04:00,2026-08-28T05:03:39.423Z,https://www.predatoryfins.com/products/big-spot-black-diamond-stingray-potamotrygon-leopoldi
predatory-fins,Flat Whiskered Catfish (Pinirampus pirinampu),,,Pinirampus pirinampu,85,,USD,"6"" - 7"" inches",6,in,false,2021-05-04T16:25:59-04:00,2026-08-28T05:03:39.423Z,https://www.predatoryfins.com/products/flat-whiskered-catfish-pinirampus-pirinampu
predatory-fins,L020 / L354 Polka Dot Pleco (Spectracanthicus zuanoni),,,Spectracanthicus zuanoni,45,,USD,2 - 2.5 inches,2.25,in,false,2021-05-04T16:25:51-04:00,2026-08-28T05:03:39.423Z,https://www.predatoryfins.com/products/l020-polka-dot-pleco-spectracanthicus-zuanoni
predatory-fins,L020 / L354 Polka Dot Pleco (Spectracanthicus zuanoni),,,Spectracanthicus zuanoni,55,,USD,3 - 3.5 inches,3.25,in,false,2021-05-04T16:25:51-04:00,2026-08-28T05:03:39.423Z,https://www.predatoryfins.com/products/l020-polka-dot-pleco-spectracanthicus-zuanoni
predatory-fins,L333 King Tiger Pleco (Hypancistrus sp),,,,30,,USD,1.25 - 1.5 inches,1.38,in,false,2021-05-04T16:25:04-04:00,2026-08-28T05:03:39.423Z,https://www.predatoryfins.com/products/l333-king-tiger-pleco-hypancistrus-sp
predatory-fins,L333 King Tiger Pleco (Hypancistrus sp),,,,38,,USD,1.75 - 2 inches,1.88,in,false,2021-05-04T16:25:04-04:00,2026-08-28T05:03:39.423Z,https://www.predatoryfins.com/products/l333-king-tiger-pleco-hypancistrus-sp
predatory-fins,L333 King Tiger Pleco (Hypancistrus sp),,,,55,,USD,3 - 3.5 inches,3.25,in,false,2021-05-04T16:25:04-04:00,2026-08-28T05:03:39.423Z,https://www.predatoryfins.com/products/l333-king-tiger-pleco-hypancistrus-sp
predatory-fins,L333 King Tiger Pleco (Hypancistrus sp),,,,30,,USD,1.25 - 1.5 inches,1.38,in,false,2021-05-04T16:25:04-04:00,2026-08-28T05:03:39.423Z,https://www.predatoryfins.com/products/l333-king-tiger-pleco-hypancistrus-sp
predatory-fins,L333 King Tiger Pleco (Hypancistrus sp),,,,38,,USD,1.75 - 2 inches,1.88,in,false,2021-05-04T16:25:04-04:00,2026-08-28T05:03:39.423Z,https://www.predatoryfins.com/products/l333-king-tiger-pleco-hypancistrus-sp
predatory-fins,L333 King Tiger Pleco (Hypancistrus sp),,,,55,,USD,3 - 3.5 inches,3.25,in,false,2021-05-04T16:25:04-04:00,2026-08-28T05:03:39.423Z,https://www.predatoryfins.com/products/l333-king-tiger-pleco-hypancistrus-sp
predatory-fins,Golden / Yellow Tiger Parrot Cichlid (Cichlasoma  sp),,,,65,,USD,3 - 3.5 inches,3.25,in,false,2021-05-04T16:24:42-04:00,2026-08-28T05:03:39.423Z,https://www.predatoryfins.com/products/golden-yellow-tiger-parrot-cichlid-cichlasoma-sp
predatory-fins,Golden / Yellow Tiger Parrot Cichlid (Cichlasoma  sp),,,,75,,USD,4 - 4.5 inches,4.25,in,false,2021-05-04T16:24:42-04:00,2026-08-28T05:03:39.423Z,https://www.predatoryfins.com/products/golden-yellow-tiger-parrot-cichlid-cichlasoma-sp
predatory-fins,Golden / Yellow Tiger Parrot Cichlid (Cichlasoma  sp),,,,95,,USD,5 - 5.5 inches,5.25,in,false,2021-05-04T16:24:42-04:00,2026-08-28T05:03:39.423Z,https://www.predatoryfins.com/products/golden-yellow-tiger-parrot-cichlid-cichlasoma-sp
predatory-fins,Bumblebee Grouper (Epinephelus lanceolatus),,,Epinephelus lanceolatus,250,,USD,4”-5” inches,,,false,2021-05-04T16:21:46-04:00,2026-08-28T05:03:39.423Z,https://www.predatoryfins.com/products/bumblebee-grouper-epinephelus-lanceolatus
predatory-fins,Bumblebee Grouper (Epinephelus lanceolatus),,,Epinephelus lanceolatus,400,,USD,7”-8” inches,,,false,2021-05-04T16:21:46-04:00,2026-08-28T05:03:39.423Z,https://www.predatoryfins.com/products/bumblebee-grouper-epinephelus-lanceolatus
predatory-fins,Bumblebee Grouper (Epinephelus lanceolatus),,,Epinephelus lanceolatus,160,,USD,3” inches,,,false,2021-05-04T16:21:46-04:00,2026-08-28T05:03:39.423Z,https://www.predatoryfins.com/products/bumblebee-grouper-epinephelus-lanceolatus
predatory-fins,Bumblebee Grouper (Epinephelus lanceolatus),,,Epinephelus lanceolatus,235,,USD,3.5” - 4”,,,false,2021-05-04T16:21:46-04:00,2026-08-28T05:03:39.423Z,https://www.predatoryfins.com/products/bumblebee-grouper-epinephelus-lanceolatus
predatory-fins,L129 Colombian Zebra Pleco (Hypancistrus debilitetra),,,Hypancistrus debilitetra,18,,USD,1 - 1.25 inches,1.13,in,false,2021-05-04T16:20:00-04:00,2026-08-28T05:03:39.423Z,https://www.predatoryfins.com/products/l129-colombian-zebra-pleco-hypancistrus-debilitetra
predatory-fins,L129 Colombian Zebra Pleco (Hypancistrus debilitetra),,,Hypancistrus debilitetra,28,,USD,2 - 2.5 inches,2.25,in,false,2021-05-04T16:20:00-04:00,2026-08-28T05:03:39.423Z,https://www.predatoryfins.com/products/l129-colombian-zebra-pleco-hypancistrus-debilitetra
predatory-fins,L129 Colombian Zebra Pleco (Hypancistrus debilitetra),,,Hypancistrus debilitetra,38,,USD,3 - 3.5 inches,3.25,in,false,2021-05-04T16:20:00-04:00,2026-08-28T05:03:39.423Z,https://www.predatoryfins.com/products/l129-colombian-zebra-pleco-hypancistrus-debilitetra
predatory-fins,Mascara Barb (Dawkinsia assimilis),,,Dawkinsia assimilis,15,,USD,1 inch,1,in,false,2021-05-04T16:19:40-04:00,2026-08-28T05:03:39.423Z,https://www.predatoryfins.com/products/mascara-barb-dawkinsia-assimilis
predatory-fins,Mascara Barb (Dawkinsia assimilis),,,Dawkinsia assimilis,25,,USD,2.5 inches,2.5,in,false,2021-05-04T16:19:40-04:00,2026-08-28T05:03:39.423Z,https://www.predatoryfins.com/products/mascara-barb-dawkinsia-assimilis
predatory-fins,Mascara Barb (Dawkinsia assimilis),,,Dawkinsia assimilis,38,,USD,3 - 3.5 inches,3.25,in,false,2021-05-04T16:19:40-04:00,2026-08-28T05:03:39.423Z,https://www.predatoryfins.com/products/mascara-barb-dawkinsia-assimilis
predatory-fins,Mascara Barb (Dawkinsia assimilis),,,Dawkinsia assimilis,45,,USD,4 inches,4,in,false,2021-05-04T16:19:40-04:00,2026-08-28T05:03:39.423Z,https://www.predatoryfins.com/products/mascara-barb-dawkinsia-assimilis
predatory-fins,L155 Albino Adonis Pleco (Acanthicus adonis),,,Acanthicus adonis,98,,USD,2 inches,2,in,false,2021-05-04T16:19:37-04:00,2026-08-28T05:03:39.423Z,https://www.predatoryfins.com/products/l155-albino-adonis-pleco-acanthicus-adonis
predatory-fins,L239 Blue Panaque Pleco (Baryancistrus beggini),,,Baryancistrus beggini,38,,USD,2.5 - 3 inches,2.75,in,false,2021-05-04T16:19:14-04:00,2026-08-28T05:03:39.423Z,https://www.predatoryfins.com/products/l239-blue-panaque-pleco-baryancistrus-beggini
predatory-fins,L239 Blue Panaque Pleco (Baryancistrus beggini),,,Baryancistrus beggini,45,,USD,3.5  inches,3.5,in,false,2021-05-04T16:19:14-04:00,2026-08-28T05:03:39.423Z,https://www.predatoryfins.com/products/l239-blue-panaque-pleco-baryancistrus-beggini
predatory-fins,L128 Blue Phantom Pleco (Hemiancistrus sp),,,,28,,USD,1.25 - 1.5 inches,1.38,in,false,2021-05-04T16:19:12-04:00,2026-08-28T05:03:39.423Z,https://www.predatoryfins.com/products/l128-blue-phantom-pleco-hemiancistrus-sp
predatory-fins,L128 Blue Phantom Pleco (Hemiancistrus sp),,,,35,,USD,2 - 2.5 inches,2.25,in,false,2021-05-04T16:19:12-04:00,2026-08-28T05:03:39.423Z,https://www.predatoryfins.com/products/l128-blue-phantom-pleco-hemiancistrus-sp
predatory-fins,L128 Blue Phantom Pleco (Hemiancistrus sp),,,,45,,USD,3 - 3.5 inches,3.25,in,false,2021-05-04T16:19:12-04:00,2026-08-28T05:03:39.423Z,https://www.predatoryfins.com/products/l128-blue-phantom-pleco-hemiancistrus-sp
predatory-fins,L128 Blue Phantom Pleco (Hemiancistrus sp),,,,55,,USD,4  inches,4,in,false,2021-05-04T16:19:12-04:00,2026-08-28T05:03:39.423Z,https://www.predatoryfins.com/products/l128-blue-phantom-pleco-hemiancistrus-sp
predatory-fins,L128 Blue Phantom Pleco (Hemiancistrus sp),,,,65,,USD,5 - 5.5 inches,5.25,in,false,2021-05-04T16:19:12-04:00,2026-08-28T05:03:39.423Z,https://www.predatoryfins.com/products/l128-blue-phantom-pleco-hemiancistrus-sp
predatory-fins,L128 Blue Phantom Pleco (Hemiancistrus sp),,,,85,,USD,6 - 6.5 inches,6.25,in,false,2021-05-04T16:19:12-04:00,2026-08-28T05:03:39.423Z,https://www.predatoryfins.com/products/l128-blue-phantom-pleco-hemiancistrus-sp
predatory-fins,Vieja Synspilum Cichlid (Vieja melanura),,,Vieja melanura,30,,USD,2 inches,2,in,false,2021-05-04T16:19:04-04:00,2026-08-28T05:03:39.423Z,https://www.predatoryfins.com/products/vieja-synspilum-cichlid-vieja-melanura
predatory-fins,Vieja Synspilum Cichlid (Vieja melanura),,,Vieja melanura,40,,USD,3 inches,3,in,false,2021-05-04T16:19:04-04:00,2026-08-28T05:03:39.423Z,https://www.predatoryfins.com/products/vieja-synspilum-cichlid-vieja-melanura
predatory-fins,Vieja Synspilum Cichlid (Vieja melanura),,,Vieja melanura,55,,USD,5 inches,5,in,false,2021-05-04T16:19:04-04:00,2026-08-28T05:03:39.423Z,https://www.predatoryfins.com/products/vieja-synspilum-cichlid-vieja-melanura
predatory-fins,Vieja Synspilum Cichlid (Vieja melanura),,,Vieja melanura,85,,USD,6 - 6.5 inches,6.25,in,false,2021-05-04T16:19:04-04:00,2026-08-28T05:03:39.423Z,https://www.predatoryfins.com/products/vieja-synspilum-cichlid-vieja-melanura
predatory-fins,Vieja Synspilum Cichlid (Vieja melanura),,,Vieja melanura,95,150,USD,7 - 7.5 inches,7.25,in,false,2021-05-04T16:19:04-04:00,2026-08-28T05:03:39.423Z,https://www.predatoryfins.com/products/vieja-synspilum-cichlid-vieja-melanura
predatory-fins,Vieja Synspilum Cichlid (Vieja melanura),,,Vieja melanura,145,200,USD,8 - 9 inches,8.5,in,false,2021-05-04T16:19:04-04:00,2026-08-28T05:03:39.423Z,https://www.predatoryfins.com/products/vieja-synspilum-cichlid-vieja-melanura
predatory-fins,Blue Moba Frontosa Cichlid (Cyphotilapia frontosa),,,Cyphotilapia frontosa,125,,USD,"4"" inches",4,in,false,2021-05-04T16:18:13-04:00,2026-08-28T05:03:39.423Z,https://www.predatoryfins.com/products/blue-moba-frontosa-cichlid-cyphotilapia-frontosa
predatory-fins,True Parrot Cichlid (Hoplarchus psittacus),sp_true_parrot_cichlid,scientific-name,Hoplarchus psittacus,35,,USD,2 - 2.5 inches (Brazil),2.25,in,false,2021-05-04T16:18:02-04:00,2026-08-28T05:03:39.423Z,https://www.predatoryfins.com/products/true-parrot-cichlid-hoplarchus-psittacus
predatory-fins,True Parrot Cichlid (Hoplarchus psittacus),sp_true_parrot_cichlid,scientific-name,Hoplarchus psittacus,45,,USD,3 inches,3,in,false,2021-05-04T16:18:02-04:00,2026-08-28T05:03:39.423Z,https://www.predatoryfins.com/products/true-parrot-cichlid-hoplarchus-psittacus
predatory-fins,True Parrot Cichlid (Hoplarchus psittacus),sp_true_parrot_cichlid,scientific-name,Hoplarchus psittacus,65,,USD,4 inches,4,in,false,2021-05-04T16:18:02-04:00,2026-08-28T05:03:39.423Z,https://www.predatoryfins.com/products/true-parrot-cichlid-hoplarchus-psittacus
predatory-fins,True Parrot Cichlid (Hoplarchus psittacus),sp_true_parrot_cichlid,scientific-name,Hoplarchus psittacus,95,,USD,5 inches,5,in,false,2021-05-04T16:18:02-04:00,2026-08-28T05:03:39.423Z,https://www.predatoryfins.com/products/true-parrot-cichlid-hoplarchus-psittacus
predatory-fins,True Parrot Cichlid (Hoplarchus psittacus),sp_true_parrot_cichlid,scientific-name,Hoplarchus psittacus,115,,USD,6 inches,6,in,false,2021-05-04T16:18:02-04:00,2026-08-28T05:03:39.423Z,https://www.predatoryfins.com/products/true-parrot-cichlid-hoplarchus-psittacus
predatory-fins,True Parrot Cichlid (Hoplarchus psittacus),sp_true_parrot_cichlid,scientific-name,Hoplarchus psittacus,145,,USD,7 inches,7,in,false,2021-05-04T16:18:02-04:00,2026-08-28T05:03:39.423Z,https://www.predatoryfins.com/products/true-parrot-cichlid-hoplarchus-psittacus
predatory-fins,L241 Galaxy Vampire Pleco (Leporacanthicus galaxias),,,Leporacanthicus galaxias,48,,USD,3.5 - 4 inches,3.75,in,false,2021-05-04T16:16:29-04:00,2026-08-28T05:03:39.423Z,https://www.predatoryfins.com/products/l241-galaxy-vampire-pleco-leporacanthicus-galaxias
predatory-fins,L241 Galaxy Vampire Pleco (Leporacanthicus galaxias),,,Leporacanthicus galaxias,60,,USD,5 - 5.5 inches,5.25,in,false,2021-05-04T16:16:29-04:00,2026-08-28T05:03:39.423Z,https://www.predatoryfins.com/products/l241-galaxy-vampire-pleco-leporacanthicus-galaxias
predatory-fins,L241 Galaxy Vampire Pleco (Leporacanthicus galaxias),,,Leporacanthicus galaxias,95,,USD,6 inches,6,in,false,2021-05-04T16:16:29-04:00,2026-08-28T05:03:39.423Z,https://www.predatoryfins.com/products/l241-galaxy-vampire-pleco-leporacanthicus-galaxias
predatory-fins,L241 Galaxy Vampire Pleco (Leporacanthicus galaxias),,,Leporacanthicus galaxias,145,,USD,7 - 8 inches,7.5,in,false,2021-05-04T16:16:29-04:00,2026-08-28T05:03:39.423Z,https://www.predatoryfins.com/products/l241-galaxy-vampire-pleco-leporacanthicus-galaxias
predatory-fins,L241 Galaxy Vampire Pleco (Leporacanthicus galaxias),,,Leporacanthicus galaxias,175,,USD,9 -10 inches,9.5,in,false,2021-05-04T16:16:29-04:00,2026-08-28T05:03:39.423Z,https://www.predatoryfins.com/products/l241-galaxy-vampire-pleco-leporacanthicus-galaxias
predatory-fins,L330 Watermelon Royal Pleco (Panaque nigrolineatus laurafabianae),,,Panaque nigrolineatus laurafabianae,25,,USD,1.25 inches,1.25,in,false,2021-05-04T16:16:04-04:00,2026-08-28T05:03:39.423Z,https://www.predatoryfins.com/products/l330-watermelon-royal-pleco-panaque-nigrolineatus-laurafabianae
predatory-fins,L330 Watermelon Royal Pleco (Panaque nigrolineatus laurafabianae),,,Panaque nigrolineatus laurafabianae,38,,USD,1.25 inches,1.25,in,false,2021-05-04T16:16:04-04:00,2026-08-28T05:03:39.423Z,https://www.predatoryfins.com/products/l330-watermelon-royal-pleco-panaque-nigrolineatus-laurafabianae
predatory-fins,L330 Watermelon Royal Pleco (Panaque nigrolineatus laurafabianae),,,Panaque nigrolineatus laurafabianae,35,,USD,1.75 - 2 inches,1.88,in,false,2021-05-04T16:16:04-04:00,2026-08-28T05:03:39.423Z,https://www.predatoryfins.com/products/l330-watermelon-royal-pleco-panaque-nigrolineatus-laurafabianae
predatory-fins,L330 Watermelon Royal Pleco (Panaque nigrolineatus laurafabianae),,,Panaque nigrolineatus laurafabianae,55,,USD,1.75 - 2 inches,1.88,in,false,2021-05-04T16:16:04-04:00,2026-08-28T05:03:39.423Z,https://www.predatoryfins.com/products/l330-watermelon-royal-pleco-panaque-nigrolineatus-laurafabianae
predatory-fins,L330 Watermelon Royal Pleco (Panaque nigrolineatus laurafabianae),,,Panaque nigrolineatus laurafabianae,55,,USD,3 inches,3,in,false,2021-05-04T16:16:04-04:00,2026-08-28T05:03:39.423Z,https://www.predatoryfins.com/products/l330-watermelon-royal-pleco-panaque-nigrolineatus-laurafabianae
predatory-fins,L330 Watermelon Royal Pleco (Panaque nigrolineatus laurafabianae),,,Panaque nigrolineatus laurafabianae,80,,USD,3 inches,3,in,false,2021-05-04T16:16:04-04:00,2026-08-28T05:03:39.423Z,https://www.predatoryfins.com/products/l330-watermelon-royal-pleco-panaque-nigrolineatus-laurafabianae
predatory-fins,L330 Watermelon Royal Pleco (Panaque nigrolineatus laurafabianae),,,Panaque nigrolineatus laurafabianae,75,,USD,5 - 5.5 inches,5.25,in,false,2021-05-04T16:16:04-04:00,2026-08-28T05:03:39.423Z,https://www.predatoryfins.com/products/l330-watermelon-royal-pleco-panaque-nigrolineatus-laurafabianae
predatory-fins,L330 Watermelon Royal Pleco (Panaque nigrolineatus laurafabianae),,,Panaque nigrolineatus laurafabianae,110,,USD,5 - 5.5 inches,5.25,in,false,2021-05-04T16:16:04-04:00,2026-08-28T05:03:39.423Z,https://www.predatoryfins.com/products/l330-watermelon-royal-pleco-panaque-nigrolineatus-laurafabianae
predatory-fins,L330 Watermelon Royal Pleco (Panaque nigrolineatus laurafabianae),,,Panaque nigrolineatus laurafabianae,120,,USD,6.5 - 7 inches,6.75,in,false,2021-05-04T16:16:04-04:00,2026-08-28T05:03:39.423Z,https://www.predatoryfins.com/products/l330-watermelon-royal-pleco-panaque-nigrolineatus-laurafabianae
predatory-fins,L330 Watermelon Royal Pleco (Panaque nigrolineatus laurafabianae),,,Panaque nigrolineatus laurafabianae,160,,USD,6.5 - 7 inches,6.75,in,false,2021-05-04T16:16:04-04:00,2026-08-28T05:03:39.423Z,https://www.predatoryfins.com/products/l330-watermelon-royal-pleco-panaque-nigrolineatus-laurafabianae
predatory-fins,L330 Watermelon Royal Pleco (Panaque nigrolineatus laurafabianae),,,Panaque nigrolineatus laurafabianae,130,,USD,7.5 - 8 inches,7.75,in,true,2021-05-04T16:16:04-04:00,2026-08-28T05:03:39.423Z,https://www.predatoryfins.com/products/l330-watermelon-royal-pleco-panaque-nigrolineatus-laurafabianae
predatory-fins,L330 Watermelon Royal Pleco (Panaque nigrolineatus laurafabianae),,,Panaque nigrolineatus laurafabianae,180,,USD,7.5 - 8 inches,7.75,in,false,2021-05-04T16:16:04-04:00,2026-08-28T05:03:39.423Z,https://www.predatoryfins.com/products/l330-watermelon-royal-pleco-panaque-nigrolineatus-laurafabianae
predatory-fins,L330 Watermelon Royal Pleco (Panaque nigrolineatus laurafabianae),,,Panaque nigrolineatus laurafabianae,155,,USD,8.5 - 9 inches,8.75,in,true,2021-05-04T16:16:04-04:00,2026-08-28T05:03:39.423Z,https://www.predatoryfins.com/products/l330-watermelon-royal-pleco-panaque-nigrolineatus-laurafabianae
predatory-fins,L330 Watermelon Royal Pleco (Panaque nigrolineatus laurafabianae),,,Panaque nigrolineatus laurafabianae,225,,USD,8.5 - 9 inches,8.75,in,true,2021-05-04T16:16:04-04:00,2026-08-28T05:03:39.423Z,https://www.predatoryfins.com/products/l330-watermelon-royal-pleco-panaque-nigrolineatus-laurafabianae
predatory-fins,L330 Watermelon Royal Pleco (Panaque nigrolineatus laurafabianae),,,Panaque nigrolineatus laurafabianae,220,,USD,11 inches,11,in,false,2021-05-04T16:16:04-04:00,2026-08-28T05:03:39.423Z,https://www.predatoryfins.com/products/l330-watermelon-royal-pleco-panaque-nigrolineatus-laurafabianae
predatory-fins,L330 Watermelon Royal Pleco (Panaque nigrolineatus laurafabianae),,,Panaque nigrolineatus laurafabianae,295,,USD,11 inches,11,in,false,2021-05-04T16:16:04-04:00,2026-08-28T05:03:39.423Z,https://www.predatoryfins.com/products/l330-watermelon-royal-pleco-panaque-nigrolineatus-laurafabianae
predatory-fins,Peruvian Altum Angelfish (Pterophyllum scalare),,,Pterophyllum scalare,100,,USD,ADULT,,,false,2021-05-04T16:15:48-04:00,2026-08-28T05:03:39.423Z,https://www.predatoryfins.com/products/peruvian-altum-angelfish-pterophyllum-scalare
predatory-fins,African Tiger Scat (Scatophagus tetracanthus),,,Scatophagus tetracanthus,59,,USD,2 inches,2,in,false,2021-05-04T16:15:37-04:00,2026-08-28T05:03:39.423Z,https://www.predatoryfins.com/products/african-tiger-scat-scatophagus-tetracanthus
predatory-fins,African Tiger Scat (Scatophagus tetracanthus),,,Scatophagus tetracanthus,75,,USD,3 inches,3,in,false,2021-05-04T16:15:37-04:00,2026-08-28T05:03:39.423Z,https://www.predatoryfins.com/products/african-tiger-scat-scatophagus-tetracanthus
predatory-fins,African Tiger Scat (Scatophagus tetracanthus),,,Scatophagus tetracanthus,110,,USD,4 - 4.5 inches,4.25,in,false,2021-05-04T16:15:37-04:00,2026-08-28T05:03:39.423Z,https://www.predatoryfins.com/products/african-tiger-scat-scatophagus-tetracanthus
predatory-fins,Indo Datnoid Tiger Fish (Datnioides microlepis),,,Datnioides microlepis,45,,USD,1.25 - 1.5 inches,1.38,in,false,2021-05-04T16:14:51-04:00,2026-08-28T05:03:39.423Z,https://www.predatoryfins.com/products/indo-datnoid-tiger-fish-datnioides-microlepis
predatory-fins,Indo Datnoid Tiger Fish (Datnioides microlepis),,,Datnioides microlepis,95,,USD,2 - 2.5 inches,2.25,in,false,2021-05-04T16:14:51-04:00,2026-08-28T05:03:39.423Z,https://www.predatoryfins.com/products/indo-datnoid-tiger-fish-datnioides-microlepis
predatory-fins,Indo Datnoid Tiger Fish (Datnioides microlepis),,,Datnioides microlepis,115,,USD,3 inches,3,in,false,2021-05-04T16:14:51-04:00,2026-08-28T05:03:39.423Z,https://www.predatoryfins.com/products/indo-datnoid-tiger-fish-datnioides-microlepis
predatory-fins,Indo Datnoid Tiger Fish (Datnioides microlepis),,,Datnioides microlepis,145,,USD,4 inches,4,in,false,2021-05-04T16:14:51-04:00,2026-08-28T05:03:39.423Z,https://www.predatoryfins.com/products/indo-datnoid-tiger-fish-datnioides-microlepis
predatory-fins,Asian Redtail Catfish (Hemibagrus wyckioides),,,Hemibagrus wyckioides,35,,USD,3 - 3.5 inches,3.25,in,false,2021-05-04T16:14:17-04:00,2026-08-28T05:03:39.423Z,https://www.predatoryfins.com/products/asian-redtail-catfish-hemibagrus-wyckioides
predatory-fins,Asian Redtail Catfish (Hemibagrus wyckioides),,,Hemibagrus wyckioides,65,,USD,4.5 - 5 inches,4.75,in,false,2021-05-04T16:14:17-04:00,2026-08-28T05:03:39.423Z,https://www.predatoryfins.com/products/asian-redtail-catfish-hemibagrus-wyckioides
predatory-fins,Jelly Catfish (Cephalosilurus apurensis),,,Cephalosilurus apurensis,48,,USD,5 - 5.5 inches,5.25,in,false,2021-05-04T16:14:11-04:00,2026-08-28T05:03:39.423Z,https://www.predatoryfins.com/products/jelly-catfish
predatory-fins,Jelly Catfish (Cephalosilurus apurensis),,,Cephalosilurus apurensis,58,,USD,6 - 6.5 inches,6.25,in,false,2021-05-04T16:14:11-04:00,2026-08-28T05:03:39.423Z,https://www.predatoryfins.com/products/jelly-catfish
predatory-fins,Jelly Catfish (Cephalosilurus apurensis),,,Cephalosilurus apurensis,68,,USD,7 - 7.5 inches,7.25,in,false,2021-05-04T16:14:11-04:00,2026-08-28T05:03:39.423Z,https://www.predatoryfins.com/products/jelly-catfish
predatory-fins,Jelly Catfish (Cephalosilurus apurensis),,,Cephalosilurus apurensis,98,,USD,8 - 9 inches,8.5,in,false,2021-05-04T16:14:11-04:00,2026-08-28T05:03:39.423Z,https://www.predatoryfins.com/products/jelly-catfish
predatory-fins,Zebrina Pike Cichlid (Crenicichla zebrina),,,Crenicichla zebrina,98,,USD,2 inches,2,in,false,2021-05-04T16:13:09-04:00,2026-08-28T05:03:39.423Z,https://www.predatoryfins.com/products/zebrina-pike-cichlid-crenicichla-zebrina
predatory-fins,Zebrina Pike Cichlid (Crenicichla zebrina),,,Crenicichla zebrina,115,,USD,3 inches,3,in,true,2021-05-04T16:13:09-04:00,2026-08-28T05:03:39.423Z,https://www.predatoryfins.com/products/zebrina-pike-cichlid-crenicichla-zebrina
predatory-fins,Zebrina Pike Cichlid (Crenicichla zebrina),,,Crenicichla zebrina,145,,USD,3.5 - 4 inches,3.75,in,true,2021-05-04T16:13:09-04:00,2026-08-28T05:03:39.423Z,https://www.predatoryfins.com/products/zebrina-pike-cichlid-crenicichla-zebrina
predatory-fins,Zebrina Pike Cichlid (Crenicichla zebrina),,,Crenicichla zebrina,350,,USD,7 - 7.5 inches,7.25,in,false,2021-05-04T16:13:09-04:00,2026-08-28T05:03:39.423Z,https://www.predatoryfins.com/products/zebrina-pike-cichlid-crenicichla-zebrina
predatory-fins,Zebrina Pike Cichlid (Crenicichla zebrina),,,Crenicichla zebrina,375,,USD,8 - 9 inches,8.5,in,false,2021-05-04T16:13:09-04:00,2026-08-28T05:03:39.423Z,https://www.predatoryfins.com/products/zebrina-pike-cichlid-crenicichla-zebrina
predatory-fins,Zebrina Pike Cichlid (Crenicichla zebrina),,,Crenicichla zebrina,425,,USD,10 - 11 inches,10.5,in,true,2021-05-04T16:13:09-04:00,2026-08-28T05:03:39.423Z,https://www.predatoryfins.com/products/zebrina-pike-cichlid-crenicichla-zebrina
predatory-fins,Black Arowana (Osteoglossum Ferreirai),,,,90,,USD,2.5 - 3 inches,2.75,in,false,2021-05-04T16:12:53-04:00,2026-08-28T05:03:39.423Z,https://www.predatoryfins.com/products/black-arowana-osteoglossum-ferreirai
predatory-fins,Black Arowana (Osteoglossum Ferreirai),,,,110,,USD,3.5 - 4 inches,3.75,in,false,2021-05-04T16:12:53-04:00,2026-08-28T05:03:39.423Z,https://www.predatoryfins.com/products/black-arowana-osteoglossum-ferreirai
predatory-fins,Black Arowana (Osteoglossum Ferreirai),,,,210,,USD,6 - 6.5 inches,6.25,in,false,2021-05-04T16:12:53-04:00,2026-08-28T05:03:39.423Z,https://www.predatoryfins.com/products/black-arowana-osteoglossum-ferreirai
predatory-fins,Black Arowana (Osteoglossum Ferreirai),,,,275,,USD,7 - 8 inches,7.5,in,false,2021-05-04T16:12:53-04:00,2026-08-28T05:03:39.423Z,https://www.predatoryfins.com/products/black-arowana-osteoglossum-ferreirai
predatory-fins,Black Arowana (Osteoglossum Ferreirai),,,,325,,USD,10 - 11 inches,10.5,in,false,2021-05-04T16:12:53-04:00,2026-08-28T05:03:39.423Z,https://www.predatoryfins.com/products/black-arowana-osteoglossum-ferreirai
predatory-fins,Black Arowana (Osteoglossum Ferreirai),,,,95,,USD,9 - 11 inches (shredded fins or damaged body),10,in,false,2021-05-04T16:12:53-04:00,2026-08-28T05:03:39.423Z,https://www.predatoryfins.com/products/black-arowana-osteoglossum-ferreirai
predatory-fins,L200 Green Phantom Pleco (Hemiancistrus subviridis),,,Hemiancistrus subviridis,32,,USD,2.5 inches,2.5,in,false,2021-05-04T16:12:49-04:00,2026-08-28T05:03:39.423Z,https://www.predatoryfins.com/products/l200-green-phantom-pleco-hemiancistrus-subviridis
predatory-fins,L200 Green Phantom Pleco (Hemiancistrus subviridis),,,Hemiancistrus subviridis,38,,USD,2.75 - 3 inches,2.88,in,false,2021-05-04T16:12:49-04:00,2026-08-28T05:03:39.423Z,https://www.predatoryfins.com/products/l200-green-phantom-pleco-hemiancistrus-subviridis
predatory-fins,L200 Green Phantom Pleco (Hemiancistrus subviridis),,,Hemiancistrus subviridis,48,,USD,3.5 - 4 inches (Hi Fin),3.75,in,false,2021-05-04T16:12:49-04:00,2026-08-28T05:03:39.423Z,https://www.predatoryfins.com/products/l200-green-phantom-pleco-hemiancistrus-subviridis
predatory-fins,L200 Green Phantom Pleco (Hemiancistrus subviridis),,,Hemiancistrus subviridis,65,,USD,5 - 5.5 inches,5.25,in,false,2021-05-04T16:12:49-04:00,2026-08-28T05:03:39.423Z,https://www.predatoryfins.com/products/l200-green-phantom-pleco-hemiancistrus-subviridis
predatory-fins,L200 Green Phantom Pleco (Hemiancistrus subviridis),,,Hemiancistrus subviridis,75,,USD,6 inches,6,in,false,2021-05-04T16:12:49-04:00,2026-08-28T05:03:39.423Z,https://www.predatoryfins.com/products/l200-green-phantom-pleco-hemiancistrus-subviridis
predatory-fins,L200 Green Phantom Pleco (Hemiancistrus subviridis),,,Hemiancistrus subviridis,110,,USD,7 - 8 inches,7.5,in,false,2021-05-04T16:12:49-04:00,2026-08-28T05:03:39.423Z,https://www.predatoryfins.com/products/l200-green-phantom-pleco-hemiancistrus-subviridis
predatory-fins,Clown Knifefish (Chitala ornata),,,Chitala ornata,22,,USD,3.5 inches,3.5,in,false,2021-05-04T16:10:52-04:00,2026-08-28T05:03:39.423Z,https://www.predatoryfins.com/products/clown-knifefish-chitala-ornata
predatory-fins,Clown Knifefish (Chitala ornata),,,Chitala ornata,30,,USD,4 - 4.5 inches,4.25,in,false,2021-05-04T16:10:52-04:00,2026-08-28T05:03:39.423Z,https://www.predatoryfins.com/products/clown-knifefish-chitala-ornata
predatory-fins,Clown Knifefish (Chitala ornata),,,Chitala ornata,35,,USD,5 inches,5,in,false,2021-05-04T16:10:52-04:00,2026-08-28T05:03:39.423Z,https://www.predatoryfins.com/products/clown-knifefish-chitala-ornata
predatory-fins,Clown Knifefish (Chitala ornata),,,Chitala ornata,45,,USD,6 - 6.5 inches,6.25,in,false,2021-05-04T16:10:52-04:00,2026-08-28T05:03:39.423Z,https://www.predatoryfins.com/products/clown-knifefish-chitala-ornata
predatory-fins,Clown Knifefish (Chitala ornata),,,Chitala ornata,75,,USD,7.5 - 8 inches,7.75,in,false,2021-05-04T16:10:52-04:00,2026-08-28T05:03:39.423Z,https://www.predatoryfins.com/products/clown-knifefish-chitala-ornata
predatory-fins,Clown Knifefish (Chitala ornata),,,Chitala ornata,495,,USD,20 inches,20,in,false,2021-05-04T16:10:52-04:00,2026-08-28T05:03:39.423Z,https://www.predatoryfins.com/products/clown-knifefish-chitala-ornata
predatory-fins,African Arowana (Heterotis niloticus),,,Heterotis niloticus,28,,USD,1.25 - 1.5 inches,1.38,in,false,2021-05-04T16:10:33-04:00,2026-08-28T05:03:39.423Z,https://www.predatoryfins.com/products/african-arowana-heterotis-niloticus
predatory-fins,African Arowana (Heterotis niloticus),,,Heterotis niloticus,60,,USD,3.5 - 4 inches,3.75,in,false,2021-05-04T16:10:33-04:00,2026-08-28T05:03:39.423Z,https://www.predatoryfins.com/products/african-arowana-heterotis-niloticus
predatory-fins,African Arowana (Heterotis niloticus),,,Heterotis niloticus,90,,USD,4.5 - 5 inches,4.75,in,false,2021-05-04T16:10:33-04:00,2026-08-28T05:03:39.423Z,https://www.predatoryfins.com/products/african-arowana-heterotis-niloticus
predatory-fins,African Arowana (Heterotis niloticus),,,Heterotis niloticus,160,,USD,6.5 - 7 inches,6.75,in,false,2021-05-04T16:10:33-04:00,2026-08-28T05:03:39.423Z,https://www.predatoryfins.com/products/african-arowana-heterotis-niloticus
predatory-fins,African Arowana (Heterotis niloticus),,,Heterotis niloticus,225,,USD,9 inches,9,in,false,2021-05-04T16:10:33-04:00,2026-08-28T05:03:39.423Z,https://www.predatoryfins.com/products/african-arowana-heterotis-niloticus
predatory-fins,African Arowana (Heterotis niloticus),,,Heterotis niloticus,250,,USD,10 inches,10,in,false,2021-05-04T16:10:33-04:00,2026-08-28T05:03:39.423Z,https://www.predatoryfins.com/products/african-arowana-heterotis-niloticus
predatory-fins,African Arowana (Heterotis niloticus),,,Heterotis niloticus,275,,USD,11 - 12 inches,11.5,in,false,2021-05-04T16:10:33-04:00,2026-08-28T05:03:39.423Z,https://www.predatoryfins.com/products/african-arowana-heterotis-niloticus
predatory-fins,Fahaka Puffer Fish (Tetraodon lineatus),,,Tetraodon lineatus,35,,USD,1 inch,1,in,false,2021-05-04T16:10:29-04:00,2026-08-28T05:03:39.423Z,https://www.predatoryfins.com/products/fahaka-puffer-fish-tetraodon-lineatus
predatory-fins,Fahaka Puffer Fish (Tetraodon lineatus),,,Tetraodon lineatus,45,,USD,2 inches,2,in,false,2021-05-04T16:10:29-04:00,2026-08-28T05:03:39.423Z,https://www.predatoryfins.com/products/fahaka-puffer-fish-tetraodon-lineatus
predatory-fins,Fahaka Puffer Fish (Tetraodon lineatus),,,Tetraodon lineatus,55,,USD,2.5 - 3 inches,2.75,in,false,2021-05-04T16:10:29-04:00,2026-08-28T05:03:39.423Z,https://www.predatoryfins.com/products/fahaka-puffer-fish-tetraodon-lineatus
predatory-fins,Fahaka Puffer Fish (Tetraodon lineatus),,,Tetraodon lineatus,145,,USD,4.5 - 5 inches,4.75,in,false,2021-05-04T16:10:29-04:00,2026-08-28T05:03:39.423Z,https://www.predatoryfins.com/products/fahaka-puffer-fish-tetraodon-lineatus
predatory-fins,Fahaka Puffer Fish (Tetraodon lineatus),,,Tetraodon lineatus,250,,USD,5.5 - 6 inches (Red lines),5.75,in,true,2021-05-04T16:10:29-04:00,2026-08-28T05:03:39.423Z,https://www.predatoryfins.com/products/fahaka-puffer-fish-tetraodon-lineatus
predatory-fins,Fahaka Puffer Fish (Tetraodon lineatus),,,Tetraodon lineatus,250,,USD,7 - 7.5 inches,7.25,in,false,2021-05-04T16:10:29-04:00,2026-08-28T05:03:39.423Z,https://www.predatoryfins.com/products/fahaka-puffer-fish-tetraodon-lineatus
predatory-fins,Fahaka Puffer Fish (Tetraodon lineatus),,,Tetraodon lineatus,325,,USD,8 - 8.5 inches,8.25,in,false,2021-05-04T16:10:29-04:00,2026-08-28T05:03:39.423Z,https://www.predatoryfins.com/products/fahaka-puffer-fish-tetraodon-lineatus
predatory-fins,Fahaka Puffer Fish (Tetraodon lineatus),,,Tetraodon lineatus,375,,USD,10 inches,10,in,false,2021-05-04T16:10:29-04:00,2026-08-28T05:03:39.423Z,https://www.predatoryfins.com/products/fahaka-puffer-fish-tetraodon-lineatus
predatory-fins,Teugelsi Bichir (Polypterus teugelsi),sp_teugelsi_bichir,scientific-name,Polypterus teugelsi,50,,USD,3 inches,3,in,false,2021-05-04T16:10:26-04:00,2026-08-28T05:03:39.423Z,https://www.predatoryfins.com/products/teugelsi-bichir-polypterus-teugelsi
predatory-fins,Teugelsi Bichir (Polypterus teugelsi),sp_teugelsi_bichir,scientific-name,Polypterus teugelsi,70,,USD,4 - 4.5 inches,4.25,in,false,2021-05-04T16:10:26-04:00,2026-08-28T05:03:39.423Z,https://www.predatoryfins.com/products/teugelsi-bichir-polypterus-teugelsi
predatory-fins,Teugelsi Bichir (Polypterus teugelsi),sp_teugelsi_bichir,scientific-name,Polypterus teugelsi,85,,USD,5 - 5.5 inches,5.25,in,false,2021-05-04T16:10:26-04:00,2026-08-28T05:03:39.423Z,https://www.predatoryfins.com/products/teugelsi-bichir-polypterus-teugelsi
predatory-fins,Teugelsi Bichir (Polypterus teugelsi),sp_teugelsi_bichir,scientific-name,Polypterus teugelsi,110,,USD,6 - 6.5 inches,6.25,in,false,2021-05-04T16:10:26-04:00,2026-08-28T05:03:39.423Z,https://www.predatoryfins.com/products/teugelsi-bichir-polypterus-teugelsi
predatory-fins,Teugelsi Bichir (Polypterus teugelsi),sp_teugelsi_bichir,scientific-name,Polypterus teugelsi,275,,USD,9 - 10 inches,9.5,in,true,2021-05-04T16:10:26-04:00,2026-08-28T05:03:39.423Z,https://www.predatoryfins.com/products/teugelsi-bichir-polypterus-teugelsi
predatory-fins,Teugelsi Bichir (Polypterus teugelsi),sp_teugelsi_bichir,scientific-name,Polypterus teugelsi,325,,USD,13 - 14 inches,13.5,in,false,2021-05-04T16:10:26-04:00,2026-08-28T05:03:39.423Z,https://www.predatoryfins.com/products/teugelsi-bichir-polypterus-teugelsi
predatory-fins,Teugelsi Bichir (Polypterus teugelsi),sp_teugelsi_bichir,scientific-name,Polypterus teugelsi,450,,USD,18 - 20 inches,19,in,false,2021-05-04T16:10:26-04:00,2026-08-28T05:03:39.423Z,https://www.predatoryfins.com/products/teugelsi-bichir-polypterus-teugelsi
predatory-fins,Pom Pom Marbled Knifefish (Papyrocranus afer),,,Papyrocranus afer,65,,USD,5 inches,5,in,false,2021-05-04T16:10:18-04:00,2026-08-28T05:03:39.423Z,https://www.predatoryfins.com/products/pom-pom-marbled-knifefish-papyrocranus-afer
predatory-fins,Pom Pom Marbled Knifefish (Papyrocranus afer),,,Papyrocranus afer,550,750,USD,16 inches,16,in,false,2021-05-04T16:10:18-04:00,2026-08-28T05:03:39.423Z,https://www.predatoryfins.com/products/pom-pom-marbled-knifefish-papyrocranus-afer
predatory-fins,Pom Pom Marbled Knifefish (Papyrocranus afer),,,Papyrocranus afer,950,,USD,28 inches,28,in,false,2021-05-04T16:10:18-04:00,2026-08-28T05:03:39.423Z,https://www.predatoryfins.com/products/pom-pom-marbled-knifefish-papyrocranus-afer
predatory-fins,Pom Pom Marbled Knifefish (Papyrocranus afer),,,Papyrocranus afer,75,,USD,6 inches,6,in,false,2021-05-04T16:10:18-04:00,2026-08-28T05:03:39.423Z,https://www.predatoryfins.com/products/pom-pom-marbled-knifefish-papyrocranus-afer
predatory-fins,Aba Aba Knifefish (Gymnarchus niloticus),,,Gymnarchus niloticus,75,,USD,3 - 3.5 inches,3.25,in,false,2021-05-04T16:09:39-04:00,2026-08-28T05:03:39.423Z,https://www.predatoryfins.com/products/aba-aba-knifefish-gymnarchus-niloticus
predatory-fins,Aba Aba Knifefish (Gymnarchus niloticus),,,Gymnarchus niloticus,135,,USD,5 inches,5,in,false,2021-05-04T16:09:39-04:00,2026-08-28T05:03:39.423Z,https://www.predatoryfins.com/products/aba-aba-knifefish-gymnarchus-niloticus
predatory-fins,Aba Aba Knifefish (Gymnarchus niloticus),,,Gymnarchus niloticus,195,,USD,6 - 6.5 inches,6.25,in,false,2021-05-04T16:09:39-04:00,2026-08-28T05:03:39.423Z,https://www.predatoryfins.com/products/aba-aba-knifefish-gymnarchus-niloticus
predatory-fins,Aba Aba Knifefish (Gymnarchus niloticus),,,Gymnarchus niloticus,225,,USD,8 - 9 inches,8.5,in,false,2021-05-04T16:09:39-04:00,2026-08-28T05:03:39.423Z,https://www.predatoryfins.com/products/aba-aba-knifefish-gymnarchus-niloticus
predatory-fins,Aba Aba Knifefish (Gymnarchus niloticus),,,Gymnarchus niloticus,285,,USD,11 - 12 inches,11.5,in,false,2021-05-04T16:09:39-04:00,2026-08-28T05:03:39.423Z,https://www.predatoryfins.com/products/aba-aba-knifefish-gymnarchus-niloticus
predatory-fins,Aba Aba Knifefish (Gymnarchus niloticus),,,Gymnarchus niloticus,350,,USD,13 - 14 inches,13.5,in,false,2021-05-04T16:09:39-04:00,2026-08-28T05:03:39.423Z,https://www.predatoryfins.com/products/aba-aba-knifefish-gymnarchus-niloticus
predatory-fins,Aba Aba Knifefish (Gymnarchus niloticus),,,Gymnarchus niloticus,595,,USD,16 - 17 inches,16.5,in,false,2021-05-04T16:09:39-04:00,2026-08-28T05:03:39.423Z,https://www.predatoryfins.com/products/aba-aba-knifefish-gymnarchus-niloticus
predatory-fins,Tiger Shovelnose Redtail Catfish Hybrid,,,,28,,USD,2 - 2.5 inch,2.25,in,false,2021-05-04T16:09:24-04:00,2026-08-28T05:03:39.423Z,https://www.predatoryfins.com/products/tiger-shovelnose-redtail-catfish-hybrid
predatory-fins,Tiger Shovelnose Redtail Catfish Hybrid,,,,38,,USD,3 - 3.5 inches,3.25,in,false,2021-05-04T16:09:24-04:00,2026-08-28T05:03:39.423Z,https://www.predatoryfins.com/products/tiger-shovelnose-redtail-catfish-hybrid
predatory-fins,Tiger Shovelnose Redtail Catfish Hybrid,,,,48,,USD,4 - 4.5 inches,4.25,in,false,2021-05-04T16:09:24-04:00,2026-08-28T05:03:39.423Z,https://www.predatoryfins.com/products/tiger-shovelnose-redtail-catfish-hybrid
predatory-fins,Tiger Shovelnose Redtail Catfish Hybrid,,,,65,,USD,5 - 5.5 inches,5.25,in,false,2021-05-04T16:09:24-04:00,2026-08-28T05:03:39.423Z,https://www.predatoryfins.com/products/tiger-shovelnose-redtail-catfish-hybrid
predatory-fins,Tiger Shovelnose Redtail Catfish Hybrid,,,,85,,USD,6 - 6.5 inches,6.25,in,false,2021-05-04T16:09:24-04:00,2026-08-28T05:03:39.423Z,https://www.predatoryfins.com/products/tiger-shovelnose-redtail-catfish-hybrid
predatory-fins,Tiger Shovelnose Redtail Catfish Hybrid,,,,98,,USD,7 - 7.5 inches,7.25,in,false,2021-05-04T16:09:24-04:00,2026-08-28T05:03:39.423Z,https://www.predatoryfins.com/products/tiger-shovelnose-redtail-catfish-hybrid
predatory-fins,Tigrinus Catfish (Brachyplatystoma tigrinum),,,Brachyplatystoma tigrinum,135,,USD,3 - 3.5 inches,3.25,in,false,2021-05-04T16:09:17-04:00,2026-08-28T05:03:39.423Z,https://www.predatoryfins.com/products/tigrinus-catfish-brachyplatystoma-tigrinum
predatory-fins,Tigrinus Catfish (Brachyplatystoma tigrinum),,,Brachyplatystoma tigrinum,165,,USD,4 inches,4,in,false,2021-05-04T16:09:17-04:00,2026-08-28T05:03:39.423Z,https://www.predatoryfins.com/products/tigrinus-catfish-brachyplatystoma-tigrinum
predatory-fins,Tigrinus Catfish (Brachyplatystoma tigrinum),,,Brachyplatystoma tigrinum,210,,USD,5 - 5.5 inches,5.25,in,false,2021-05-04T16:09:17-04:00,2026-08-28T05:03:39.423Z,https://www.predatoryfins.com/products/tigrinus-catfish-brachyplatystoma-tigrinum
predatory-fins,Tigrinus Catfish (Brachyplatystoma tigrinum),,,Brachyplatystoma tigrinum,275,,USD,6 - 6.5 inches,6.25,in,false,2021-05-04T16:09:17-04:00,2026-08-28T05:03:39.423Z,https://www.predatoryfins.com/products/tigrinus-catfish-brachyplatystoma-tigrinum
predatory-fins,Tigrinus Catfish (Brachyplatystoma tigrinum),,,Brachyplatystoma tigrinum,345,,USD,7 - 7.5 inches,7.25,in,false,2021-05-04T16:09:17-04:00,2026-08-28T05:03:39.423Z,https://www.predatoryfins.com/products/tigrinus-catfish-brachyplatystoma-tigrinum
predatory-fins,Tigrinus Catfish (Brachyplatystoma tigrinum),,,Brachyplatystoma tigrinum,425,,USD,8.5 - 9 inches,8.75,in,false,2021-05-04T16:09:17-04:00,2026-08-28T05:03:39.423Z,https://www.predatoryfins.com/products/tigrinus-catfish-brachyplatystoma-tigrinum
predatory-fins,Tigrinus Catfish (Brachyplatystoma tigrinum),,,Brachyplatystoma tigrinum,650,,USD,11 - 12 inches,11.5,in,false,2021-05-04T16:09:17-04:00,2026-08-28T05:03:39.423Z,https://www.predatoryfins.com/products/tigrinus-catfish-brachyplatystoma-tigrinum
predatory-fins,Tigrinus Catfish (Brachyplatystoma tigrinum),,,Brachyplatystoma tigrinum,850,,USD,14 inches,14,in,false,2021-05-04T16:09:17-04:00,2026-08-28T05:03:39.423Z,https://www.predatoryfins.com/products/tigrinus-catfish-brachyplatystoma-tigrinum
predatory-fins,L091 Three Beacon Pleco (Leporacanthicus triactis),,,Leporacanthicus triactis,38,,USD,2 - 2.5 inches,2.25,in,false,2021-05-04T16:09:01-04:00,2026-08-28T05:03:39.423Z,https://www.predatoryfins.com/products/l091-three-beacon-pleco-leporacanthicus-triactis-1
predatory-fins,L091 Three Beacon Pleco (Leporacanthicus triactis),,,Leporacanthicus triactis,45,,USD,3 - 3.5 inches,3.25,in,false,2021-05-04T16:09:01-04:00,2026-08-28T05:03:39.423Z,https://www.predatoryfins.com/products/l091-three-beacon-pleco-leporacanthicus-triactis-1
predatory-fins,L091 Three Beacon Pleco (Leporacanthicus triactis),,,Leporacanthicus triactis,55,,USD,4 - 4.5 inches,4.25,in,false,2021-05-04T16:09:01-04:00,2026-08-28T05:03:39.423Z,https://www.predatoryfins.com/products/l091-three-beacon-pleco-leporacanthicus-triactis-1
predatory-fins,L091 Three Beacon Pleco (Leporacanthicus triactis),,,Leporacanthicus triactis,75,,USD,5 - 5.5 inches,5.25,in,false,2021-05-04T16:09:01-04:00,2026-08-28T05:03:39.423Z,https://www.predatoryfins.com/products/l091-three-beacon-pleco-leporacanthicus-triactis-1
predatory-fins,L091 Three Beacon Pleco (Leporacanthicus triactis),,,Leporacanthicus triactis,150,,USD,6 - 6.5 inches (special pattern),6.25,in,true,2021-05-04T16:09:01-04:00,2026-08-28T05:03:39.423Z,https://www.predatoryfins.com/products/l091-three-beacon-pleco-leporacanthicus-triactis-1
predatory-fins,L091 Three Beacon Pleco (Leporacanthicus triactis),,,Leporacanthicus triactis,120,,USD,7.5 - 8 inches,7.75,in,false,2021-05-04T16:09:01-04:00,2026-08-28T05:03:39.423Z,https://www.predatoryfins.com/products/l091-three-beacon-pleco-leporacanthicus-triactis-1
predatory-fins,Gulper Catfish (Asterophysus batrachus),,,Asterophysus batrachus,36,,USD,2 inches,2,in,false,2021-05-04T16:08:38-04:00,2026-08-28T05:03:39.423Z,https://www.predatoryfins.com/products/gulper-catfish-asterophysus-batrachus
predatory-fins,Gulper Catfish (Asterophysus batrachus),,,Asterophysus batrachus,45,,USD,3 inches,3,in,false,2021-05-04T16:08:38-04:00,2026-08-28T05:03:39.423Z,https://www.predatoryfins.com/products/gulper-catfish-asterophysus-batrachus
predatory-fins,Gulper Catfish (Asterophysus batrachus),,,Asterophysus batrachus,65,,USD,4 - 4.5 inches,4.25,in,false,2021-05-04T16:08:38-04:00,2026-08-28T05:03:39.423Z,https://www.predatoryfins.com/products/gulper-catfish-asterophysus-batrachus
predatory-fins,Gulper Catfish (Asterophysus batrachus),,,Asterophysus batrachus,75,,USD,5 inches,5,in,false,2021-05-04T16:08:38-04:00,2026-08-28T05:03:39.423Z,https://www.predatoryfins.com/products/gulper-catfish-asterophysus-batrachus
predatory-fins,Gulper Catfish (Asterophysus batrachus),,,Asterophysus batrachus,95,,USD,6 - 7 inches,6.5,in,false,2021-05-04T16:08:38-04:00,2026-08-28T05:03:39.423Z,https://www.predatoryfins.com/products/gulper-catfish-asterophysus-batrachus
predatory-fins,Gulper Catfish (Asterophysus batrachus),,,Asterophysus batrachus,130,,USD,8 - 10 inches,9,in,false,2021-05-04T16:08:38-04:00,2026-08-28T05:03:39.423Z,https://www.predatoryfins.com/products/gulper-catfish-asterophysus-batrachus
predatory-fins,Gulper Catfish (Asterophysus batrachus),,,Asterophysus batrachus,200,,USD,10 - 12 inches,11,in,false,2021-05-04T16:08:38-04:00,2026-08-28T05:03:39.423Z,https://www.predatoryfins.com/products/gulper-catfish-asterophysus-batrachus
predatory-fins,Jardini Arowana (Scleropages jardinii),,,Scleropages jardinii,110,,USD,3 inches,3,in,false,2021-05-04T16:07:27-04:00,2026-08-28T05:03:39.423Z,https://www.predatoryfins.com/products/jardini-arowana-scleropages-jardinii
predatory-fins,Jardini Arowana (Scleropages jardinii),,,Scleropages jardinii,135,,USD,4  inches,4,in,false,2021-05-04T16:07:27-04:00,2026-08-28T05:03:39.423Z,https://www.predatoryfins.com/products/jardini-arowana-scleropages-jardinii
predatory-fins,Jardini Arowana (Scleropages jardinii),,,Scleropages jardinii,185,,USD,5 inches,5,in,false,2021-05-04T16:07:27-04:00,2026-08-28T05:03:39.423Z,https://www.predatoryfins.com/products/jardini-arowana-scleropages-jardinii
predatory-fins,Jardini Arowana (Scleropages jardinii),,,Scleropages jardinii,225,,USD,6 inches,6,in,false,2021-05-04T16:07:27-04:00,2026-08-28T05:03:39.423Z,https://www.predatoryfins.com/products/jardini-arowana-scleropages-jardinii
predatory-fins,Jardini Arowana (Scleropages jardinii),,,Scleropages jardinii,295,,USD,7 inches,7,in,false,2021-05-04T16:07:27-04:00,2026-08-28T05:03:39.423Z,https://www.predatoryfins.com/products/jardini-arowana-scleropages-jardinii
predatory-fins,Jardini Arowana (Scleropages jardinii),,,Scleropages jardinii,350,,USD,8 inches,8,in,false,2021-05-04T16:07:27-04:00,2026-08-28T05:03:39.423Z,https://www.predatoryfins.com/products/jardini-arowana-scleropages-jardinii
predatory-fins,Translucent Short Body Iridescent Shark (Pangasianodon hypophthalmus),,,Pangasianodon hypophthalmus,150,,USD,"4"" - 5"" Inches",4,in,false,2021-05-04T16:07:10-04:00,2026-08-28T05:03:39.423Z,https://www.predatoryfins.com/products/translucent-short-body-iridescent-shark-pangasianodon-hypophthalmus
predatory-fins,Lapradei Koliba Bichir (Polypterus lapradei),,,Polypterus lapradei,38,,USD,2.5 - 3 inches,2.75,in,false,2021-05-04T16:05:59-04:00,2026-08-28T05:03:39.423Z,https://www.predatoryfins.com/products/lapradei-koliba-bichir-polypterus-lapradei
predatory-fins,Lapradei Koliba Bichir (Polypterus lapradei),,,Polypterus lapradei,68,,USD,4 inches,4,in,false,2021-05-04T16:05:59-04:00,2026-08-28T05:03:39.423Z,https://www.predatoryfins.com/products/lapradei-koliba-bichir-polypterus-lapradei
predatory-fins,Lapradei Koliba Bichir (Polypterus lapradei),,,Polypterus lapradei,85,,USD,5 - 6 inches,5.5,in,false,2021-05-04T16:05:59-04:00,2026-08-28T05:03:39.423Z,https://www.predatoryfins.com/products/lapradei-koliba-bichir-polypterus-lapradei
predatory-fins,Lapradei Koliba Bichir (Polypterus lapradei),,,Polypterus lapradei,110,,USD,7 - 8 inches,7.5,in,true,2021-05-04T16:05:59-04:00,2026-08-28T05:03:39.423Z,https://www.predatoryfins.com/products/lapradei-koliba-bichir-polypterus-lapradei
predatory-fins,Lapradei Koliba Bichir (Polypterus lapradei),,,Polypterus lapradei,145,,USD,10 - 12 inches,11,in,true,2021-05-04T16:05:59-04:00,2026-08-28T05:03:39.423Z,https://www.predatoryfins.com/products/lapradei-koliba-bichir-polypterus-lapradei
predatory-fins,Lapradei Koliba Bichir (Polypterus lapradei),,,Polypterus lapradei,280,,USD,16 inches,16,in,false,2021-05-04T16:05:59-04:00,2026-08-28T05:03:39.423Z,https://www.predatoryfins.com/products/lapradei-koliba-bichir-polypterus-lapradei
predatory-fins,Striped Wallago Catfish (Wallagonia leerii),,,Wallagonia leerii,350,,USD,"15"" - 16"" inches",15,in,false,2021-05-04T16:05:09-04:00,2026-08-28T05:03:39.423Z,https://www.predatoryfins.com/products/striped-wallago-catfish-wallagonia-leerii
predatory-fins,Dorado Catfish (Brachyplatystoma rousseauxii),,,Brachyplatystoma rousseauxii,125,,USD,2 - 2.5 inches,2.25,in,false,2021-05-04T16:04:46-04:00,2026-08-28T05:03:39.423Z,https://www.predatoryfins.com/products/dorado-catfish-brachyplatystoma-rousseauxii
predatory-fins,Dorado Catfish (Brachyplatystoma rousseauxii),,,Brachyplatystoma rousseauxii,185,,USD,3.5 - 4 inches,3.75,in,false,2021-05-04T16:04:46-04:00,2026-08-28T05:03:39.423Z,https://www.predatoryfins.com/products/dorado-catfish-brachyplatystoma-rousseauxii
predatory-fins,Dorado Catfish (Brachyplatystoma rousseauxii),,,Brachyplatystoma rousseauxii,695,,USD,12 inches,12,in,false,2021-05-04T16:04:46-04:00,2026-08-28T05:03:39.423Z,https://www.predatoryfins.com/products/dorado-catfish-brachyplatystoma-rousseauxii
